"ID","id_10m","lon_10m_point","lat_10m_point","INT_50","Hyperlink","Section","Assessed"
0,1,145.767724564597,-16.8648400781466,"","=HYPERLINK(""Frames_for_Analysis/1_20250730_0002_R_0373.jpg"",""1_20250730_0002_R_0373.jpg"")","",""
1,2,145.767636783331,-16.8648583402176,"","=HYPERLINK(""Frames_for_Analysis/2_20250730_0002_R_0366.jpg"",""2_20250730_0002_R_0366.jpg"")","",""
2,3,145.767549002065,-16.8648766022867,"","=HYPERLINK(""Frames_for_Analysis/3_20250730_0002_R_0361.jpg"",""3_20250730_0002_R_0361.jpg"")","",""
3,4,145.767469309131,-16.864915484113,"","=HYPERLINK(""Frames_for_Analysis/4_20250730_0002_R_0356.jpg"",""4_20250730_0002_R_0356.jpg"")","",""
4,5,145.767390654676,-16.8649570133489,"50","=HYPERLINK(""Frames_for_Analysis/5_20250730_0002_R_0353.jpg"",""5_20250730_0002_R_0353.jpg"")","",""
5,6,145.767312000221,-16.8649985425756,"","=HYPERLINK(""Frames_for_Analysis/6_20250730_0002_R_0349.jpg"",""6_20250730_0002_R_0349.jpg"")","",""
6,7,145.767233345767,-16.8650400717933,"","=HYPERLINK(""Frames_for_Analysis/7_20250730_0002_R_0345.jpg"",""7_20250730_0002_R_0345.jpg"")","",""
7,8,145.767157169391,-16.8650854175759,"","=HYPERLINK(""Frames_for_Analysis/8_20250730_0002_R_0342.jpg"",""8_20250730_0002_R_0342.jpg"")","",""
8,9,145.76708342614,-16.865134510685,"","=HYPERLINK(""Frames_for_Analysis/9_20250730_0002_R_0338.jpg"",""9_20250730_0002_R_0338.jpg"")","",""
9,10,145.767009682889,-16.8651836037814,"50","=HYPERLINK(""Frames_for_Analysis/10_20250730_0002_R_0335.jpg"",""10_20250730_0002_R_0335.jpg"")","",""
10,11,145.766935939638,-16.865232696865,"","=HYPERLINK(""Frames_for_Analysis/11_20250730_0002_R_0331.jpg"",""11_20250730_0002_R_0331.jpg"")","",""
11,12,145.766859327381,-16.8652775135141,"","=HYPERLINK(""Frames_for_Analysis/12_20250730_0002_R_0328.jpg"",""12_20250730_0002_R_0328.jpg"")","",""
12,13,145.766781989079,-16.8653212479385,"","=HYPERLINK(""Frames_for_Analysis/13_20250730_0002_R_0324.jpg"",""13_20250730_0002_R_0324.jpg"")","",""
13,14,145.766704650777,-16.8653649823528,"","=HYPERLINK(""Frames_for_Analysis/14_20250730_0002_R_0321.jpg"",""14_20250730_0002_R_0321.jpg"")","",""
14,15,145.766659598462,-16.8654263476871,"50","=HYPERLINK(""Frames_for_Analysis/15_20250730_0002_R_0317.jpg"",""15_20250730_0002_R_0317.jpg"")","",""
15,16,145.766678573603,-16.8655064104262,"","=HYPERLINK(""Frames_for_Analysis/16_20250730_0002_R_0316.jpg"",""16_20250730_0002_R_0316.jpg"")","",""
16,17,145.76673140997,-16.8655759356182,"","=HYPERLINK(""Frames_for_Analysis/17_20250730_0002_R_0315.jpg"",""17_20250730_0002_R_0315.jpg"")","",""
17,18,145.766712247037,-16.8656323783755,"","=HYPERLINK(""Frames_for_Analysis/18_20250730_0002_R_0313.jpg"",""18_20250730_0002_R_0313.jpg"")","",""
18,19,145.766636459664,-16.8656785323503,"","=HYPERLINK(""Frames_for_Analysis/19_20250730_0002_R_0311.jpg"",""19_20250730_0002_R_0311.jpg"")","",""
19,20,145.766555849945,-16.8657162300872,"50","=HYPERLINK(""Frames_for_Analysis/20_20250730_0002_R_0308.jpg"",""20_20250730_0002_R_0308.jpg"")","",""
20,21,145.766474286567,-16.865752255528,"","=HYPERLINK(""Frames_for_Analysis/21_20250730_0002_R_0306.jpg"",""21_20250730_0002_R_0306.jpg"")","",""
21,22,145.766386957276,-16.865771933918,"","=HYPERLINK(""Frames_for_Analysis/22_20250730_0002_R_0303.jpg"",""22_20250730_0002_R_0303.jpg"")","",""
22,23,145.766299264906,-16.8657905829378,"","=HYPERLINK(""Frames_for_Analysis/23_20250730_0002_R_0300.jpg"",""23_20250730_0002_R_0300.jpg"")","",""
23,24,145.766211572537,-16.8658092319557,"","=HYPERLINK(""Frames_for_Analysis/24_20250730_0002_R_0297.jpg"",""24_20250730_0002_R_0297.jpg"")","",""
24,25,145.76612327746,-16.8658226266129,"50","=HYPERLINK(""Frames_for_Analysis/25_20250730_0002_R_0295.jpg"",""25_20250730_0002_R_0295.jpg"")","",""
25,26,145.766033445932,-16.8658226266129,"","=HYPERLINK(""Frames_for_Analysis/26_20250730_0002_R_0292.jpg"",""26_20250730_0002_R_0292.jpg"")","",""
26,27,145.765943618473,-16.8658227747352,"","=HYPERLINK(""Frames_for_Analysis/27_20250730_0002_R_0288.jpg"",""27_20250730_0002_R_0288.jpg"")","",""
27,28,145.765853911108,-16.8658272930999,"","=HYPERLINK(""Frames_for_Analysis/28_20250730_0002_R_0282.jpg"",""28_20250730_0002_R_0282.jpg"")","",""
28,29,145.765764203743,-16.8658318114644,"","=HYPERLINK(""Frames_for_Analysis/29_20250730_0002_R_0275.jpg"",""29_20250730_0002_R_0275.jpg"")","",""
29,30,145.765674461859,-16.865835581952,"50","=HYPERLINK(""Frames_for_Analysis/30_20250730_0002_R_0270.jpg"",""30_20250730_0002_R_0270.jpg"")","",""
30,31,145.765584687566,-16.8658386502669,"","=HYPERLINK(""Frames_for_Analysis/31_20250730_0002_R_0266.jpg"",""31_20250730_0002_R_0266.jpg"")","",""
31,32,145.765494913274,-16.8658417185818,"","=HYPERLINK(""Frames_for_Analysis/32_20250730_0002_R_0262.jpg"",""32_20250730_0002_R_0262.jpg"")","",""
32,33,145.765405138981,-16.8658447868965,"","=HYPERLINK(""Frames_for_Analysis/33_20250730_0002_R_0259.jpg"",""33_20250730_0002_R_0259.jpg"")","",""
33,34,145.765317711851,-16.8658630765813,"","=HYPERLINK(""Frames_for_Analysis/34_20250730_0002_R_0256.jpg"",""34_20250730_0002_R_0256.jpg"")","",""
34,35,145.765230838079,-16.8658849547943,"50","=HYPERLINK(""Frames_for_Analysis/35_20250730_0002_R_0253.jpg"",""35_20250730_0002_R_0253.jpg"")","",""
35,36,145.765143826215,-16.8659062977617,"","=HYPERLINK(""Frames_for_Analysis/36_20250730_0002_R_0250.jpg"",""36_20250730_0002_R_0250.jpg"")","",""
36,37,145.765056295169,-16.8659256284028,"","=HYPERLINK(""Frames_for_Analysis/37_20250730_0002_R_0246.jpg"",""37_20250730_0002_R_0246.jpg"")","",""
37,38,145.764967769709,-16.8659348842499,"","=HYPERLINK(""Frames_for_Analysis/38_20250730_0002_R_0242.jpg"",""38_20250730_0002_R_0242.jpg"")","",""
38,39,145.764878004551,-16.865931580245,"","=HYPERLINK(""Frames_for_Analysis/39_20250730_0002_R_0239.jpg"",""39_20250730_0002_R_0239.jpg"")","",""
39,40,145.764788239392,-16.86592827624,"50","=HYPERLINK(""Frames_for_Analysis/40_20250730_0002_R_0236.jpg"",""40_20250730_0002_R_0236.jpg"")","",""
40,41,145.764698475669,-16.8659249538439,"","=HYPERLINK(""Frames_for_Analysis/41_20250730_0002_R_0233.jpg"",""41_20250730_0002_R_0233.jpg"")","",""
41,42,145.764609193577,-16.8659154602965,"","=HYPERLINK(""Frames_for_Analysis/42_20250730_0002_R_0230.jpg"",""42_20250730_0002_R_0230.jpg"")","",""
42,43,145.764519911484,-16.8659059667486,"","=HYPERLINK(""Frames_for_Analysis/43_20250730_0002_R_0227.jpg"",""43_20250730_0002_R_0227.jpg"")","",""
43,44,145.764430629392,-16.8658964732002,"","=HYPERLINK(""Frames_for_Analysis/44_20250730_0002_R_0223.jpg"",""44_20250730_0002_R_0223.jpg"")","",""
44,45,145.764341444903,-16.8658862153322,"50","=HYPERLINK(""Frames_for_Analysis/45_20250730_0002_R_0220.jpg"",""45_20250730_0002_R_0220.jpg"")","",""
45,46,145.764252401385,-16.8658748535419,"","=HYPERLINK(""Frames_for_Analysis/46_20250730_0002_R_0216.jpg"",""46_20250730_0002_R_0216.jpg"")","",""
46,47,145.764166403551,-16.8658534494815,"","=HYPERLINK(""Frames_for_Analysis/47_20250730_0002_R_0213.jpg"",""47_20250730_0002_R_0213.jpg"")","",""
47,48,145.764084840182,-16.8658174240421,"","=HYPERLINK(""Frames_for_Analysis/48_20250730_0002_R_0209.jpg"",""48_20250730_0002_R_0209.jpg"")","",""
48,49,145.764010006394,-16.8657713167657,"","=HYPERLINK(""Frames_for_Analysis/49_20250730_0002_R_0206.jpg"",""49_20250730_0002_R_0206.jpg"")","",""
49,50,145.763941560187,-16.8657156400067,"50","=HYPERLINK(""Frames_for_Analysis/50_20250730_0002_R_0202.jpg"",""50_20250730_0002_R_0202.jpg"")","",""
50,51,145.763873113981,-16.8656599632314,"","=HYPERLINK(""Frames_for_Analysis/51_20250730_0002_R_0198.jpg"",""51_20250730_0002_R_0198.jpg"")","",""
51,52,145.763803894304,-16.8656057594759,"","=HYPERLINK(""Frames_for_Analysis/52_20250730_0002_R_0194.jpg"",""52_20250730_0002_R_0194.jpg"")","",""
52,53,145.763716363251,-16.865586428834,"","=HYPERLINK(""Frames_for_Analysis/53_20250730_0002_R_0190.jpg"",""53_20250730_0002_R_0190.jpg"")","",""
53,54,145.763628349727,-16.8655750402137,"","=HYPERLINK(""Frames_for_Analysis/54_20250730_0002_R_0187.jpg"",""54_20250730_0002_R_0187.jpg"")","",""
54,55,145.763539067631,-16.865584533749,"50","=HYPERLINK(""Frames_for_Analysis/55_20250730_0002_R_0183.jpg"",""55_20250730_0002_R_0183.jpg"")","",""
55,56,145.763449785535,-16.8655940272838,"","=HYPERLINK(""Frames_for_Analysis/56_20250730_0002_R_0180.jpg"",""56_20250730_0002_R_0180.jpg"")","",""
56,57,145.763362379425,-16.8656135104404,"","=HYPERLINK(""Frames_for_Analysis/57_20250730_0002_R_0176.jpg"",""57_20250730_0002_R_0176.jpg"")","",""
57,58,145.763275230044,-16.8656343606732,"","=HYPERLINK(""Frames_for_Analysis/58_20250730_0002_R_0172.jpg"",""58_20250730_0002_R_0172.jpg"")","",""
58,59,145.763188080662,-16.8656552109036,"","=HYPERLINK(""Frames_for_Analysis/59_20250730_0002_R_0168.jpg"",""59_20250730_0002_R_0168.jpg"")","",""
59,60,145.763100931281,-16.8656760611317,"50","=HYPERLINK(""Frames_for_Analysis/60_20250730_0002_R_0164.jpg"",""60_20250730_0002_R_0164.jpg"")","",""
60,61,145.763013298057,-16.8656948522174,"","=HYPERLINK(""Frames_for_Analysis/61_20250730_0002_R_0160.jpg"",""61_20250730_0002_R_0160.jpg"")","",""
61,62,145.762925210992,-16.8657117118406,"","=HYPERLINK(""Frames_for_Analysis/62_20250730_0002_R_0157.jpg"",""62_20250730_0002_R_0157.jpg"")","",""
62,63,145.762836446723,-16.865724102959,"","=HYPERLINK(""Frames_for_Analysis/63_20250730_0002_R_0152.jpg"",""63_20250730_0002_R_0152.jpg"")","",""
63,64,145.762747046924,-16.8657310314898,"","=HYPERLINK(""Frames_for_Analysis/64_20250730_0002_R_0148.jpg"",""64_20250730_0002_R_0148.jpg"")","",""
64,65,145.762659603383,-16.8657113414746,"50","=HYPERLINK(""Frames_for_Analysis/65_20250730_0002_R_0144.jpg"",""65_20250730_0002_R_0144.jpg"")","",""
65,66,145.762572159843,-16.8656916514573,"","=HYPERLINK(""Frames_for_Analysis/66_20250730_0002_R_0140.jpg"",""66_20250730_0002_R_0140.jpg"")","",""
66,67,145.762484252493,-16.8656983039895,"","=HYPERLINK(""Frames_for_Analysis/67_20250730_0002_R_0136.jpg"",""67_20250730_0002_R_0136.jpg"")","",""
67,68,145.762396165428,-16.8657151636133,"","=HYPERLINK(""Frames_for_Analysis/68_20250730_0002_R_0131.jpg"",""68_20250730_0002_R_0131.jpg"")","",""
68,69,145.762308078364,-16.8657320232356,"","=HYPERLINK(""Frames_for_Analysis/69_20250730_0002_R_0128.jpg"",""69_20250730_0002_R_0128.jpg"")","",""
69,70,145.762220184756,-16.8657497426084,"50","=HYPERLINK(""Frames_for_Analysis/70_20250730_0002_R_0124.jpg"",""70_20250730_0002_R_0124.jpg"")","",""
70,71,145.762132653707,-16.8657690732502,"","=HYPERLINK(""Frames_for_Analysis/71_20250730_0002_R_0123.jpg"",""71_20250730_0002_R_0123.jpg"")","",""
71,72,145.762049310175,-16.8657547235118,"","=HYPERLINK(""Frames_for_Analysis/72_20250730_0002_R_0121.jpg"",""72_20250730_0002_R_0121.jpg"")","",""
72,73,145.76203684298,-16.8656699161198,"","=HYPERLINK(""Frames_for_Analysis/73_20250730_0002_R_0119.jpg"",""73_20250730_0002_R_0119.jpg"")","",""
73,74,145.762024970407,-16.8655847025725,"","=HYPERLINK(""Frames_for_Analysis/74_20250730_0002_R_0117.jpg"",""74_20250730_0002_R_0117.jpg"")","",""
74,75,145.761940527978,-16.8655569007766,"50","=HYPERLINK(""Frames_for_Analysis/75_20250730_0002_R_0113.jpg"",""75_20250730_0002_R_0113.jpg"")","",""
75,76,145.761853858915,-16.8655376096253,"","=HYPERLINK(""Frames_for_Analysis/76_20250730_0002_R_0108.jpg"",""76_20250730_0002_R_0108.jpg"")","",""
76,77,145.761764056902,-16.865535406051,"","=HYPERLINK(""Frames_for_Analysis/77_20250730_0002_R_0103.jpg"",""77_20250730_0002_R_0103.jpg"")","",""
77,78,145.76167425489,-16.8655332024767,"","=HYPERLINK(""Frames_for_Analysis/78_20250730_0002_R_0098.jpg"",""78_20250730_0002_R_0098.jpg"")","",""
78,79,145.761584452877,-16.8655309989024,"","=HYPERLINK(""Frames_for_Analysis/79_20250730_0002_R_0091.jpg"",""79_20250730_0002_R_0091.jpg"")","",""
79,80,145.761494650865,-16.8655287953281,"50","=HYPERLINK(""Frames_for_Analysis/80_20250730_0002_R_0087.jpg"",""80_20250730_0002_R_0087.jpg"")","",""
80,81,145.761404901431,-16.8655257273905,"","=HYPERLINK(""Frames_for_Analysis/81_20250730_0002_R_0082.jpg"",""81_20250730_0002_R_0082.jpg"")","",""
81,82,145.761315438822,-16.865517944234,"","=HYPERLINK(""Frames_for_Analysis/82_20250730_0002_R_0077.jpg"",""82_20250730_0002_R_0077.jpg"")","",""
82,83,145.761225976214,-16.8655101610771,"","=HYPERLINK(""Frames_for_Analysis/83_20250730_0002_R_0071.jpg"",""83_20250730_0002_R_0071.jpg"")","",""
83,84,145.761136513605,-16.8655023779198,"","=HYPERLINK(""Frames_for_Analysis/84_20250730_0001_R_3143.jpg"",""84_20250730_0001_R_3143.jpg"")","",""
84,85,145.761047050997,-16.8654945947623,"50","=HYPERLINK(""Frames_for_Analysis/85_20250730_0002_R_0059.jpg"",""85_20250730_0002_R_0059.jpg"")","",""
85,86,145.760958174028,-16.8655032902861,"","=HYPERLINK(""Frames_for_Analysis/86_20250730_0002_R_0053.jpg"",""86_20250730_0002_R_0053.jpg"")","",""
86,87,145.760869470722,-16.8655168723425,"","=HYPERLINK(""Frames_for_Analysis/87_20250730_0002_R_0048.jpg"",""87_20250730_0002_R_0048.jpg"")","",""
87,88,145.760780767416,-16.865530454398,"","=HYPERLINK(""Frames_for_Analysis/88_20250730_0002_R_0043.jpg"",""88_20250730_0002_R_0043.jpg"")","",""
88,89,145.760691969023,-16.8655434354869,"","=HYPERLINK(""Frames_for_Analysis/89_20250730_0002_R_0038.jpg"",""89_20250730_0002_R_0038.jpg"")","",""
89,90,145.760603040349,-16.8655555931726,"50","=HYPERLINK(""Frames_for_Analysis/90_20250730_0002_R_0032.jpg"",""90_20250730_0002_R_0032.jpg"")","",""
90,91,145.760513739968,-16.8655576765825,"","=HYPERLINK(""Frames_for_Analysis/91_20250730_0002_R_0026.jpg"",""91_20250730_0002_R_0026.jpg"")","",""
91,92,145.760424136727,-16.8655515516616,"","=HYPERLINK(""Frames_for_Analysis/92_20250730_0002_R_0015.jpg"",""92_20250730_0002_R_0015.jpg"")","",""
92,93,145.760341829139,-16.8655213843359,"","=HYPERLINK(""Frames_for_Analysis/93_20250730_0002_R_0007.jpg"",""93_20250730_0002_R_0007.jpg"")","",""
93,94,145.760262735056,-16.8654806270801,"","=HYPERLINK(""Frames_for_Analysis/94_20250730_0002_R_0002.jpg"",""94_20250730_0002_R_0002.jpg"")","",""
94,95,145.760179100721,-16.8654499259353,"50","=HYPERLINK(""Frames_for_Analysis/95_20250730_0001_R_2977.jpg"",""95_20250730_0001_R_2977.jpg"")","",""
95,96,145.760093879044,-16.8654227405593,"","=HYPERLINK(""Frames_for_Analysis/96_20250730_0001_R_2973.jpg"",""96_20250730_0001_R_2973.jpg"")","",""
96,97,145.760008657367,-16.8653955551793,"","=HYPERLINK(""Frames_for_Analysis/97_20250730_0001_R_3075.jpg"",""97_20250730_0001_R_3075.jpg"")","",""
97,98,145.759927747346,-16.865360030333,"","=HYPERLINK(""Frames_for_Analysis/98_20250730_0001_R_2985.jpg"",""98_20250730_0001_R_2985.jpg"")","",""
98,99,145.759853463305,-16.8653116897299,"","=HYPERLINK(""Frames_for_Analysis/99_20250730_0001_R_3081.jpg"",""99_20250730_0001_R_3081.jpg"")","",""
99,100,145.759779179263,-16.8652633491145,"50","=HYPERLINK(""Frames_for_Analysis/100_20250730_0001_R_3096.jpg"",""100_20250730_0001_R_3096.jpg"")","",""
100,101,145.759704895221,-16.8652150084867,"","=HYPERLINK(""Frames_for_Analysis/101_20250730_0001_R_2961.jpg"",""101_20250730_0001_R_2961.jpg"")","",""
101,102,145.759636023725,-16.8651606901058,"","=HYPERLINK(""Frames_for_Analysis/102_20250730_0001_R_3067.jpg"",""102_20250730_0001_R_3067.jpg"")","",""
102,103,145.759575453087,-16.8650972040471,"","=HYPERLINK(""Frames_for_Analysis/103_20250730_0001_R_2958.jpg"",""103_20250730_0001_R_2958.jpg"")","",""
103,104,145.75951488245,-16.8650337179671,"","=HYPERLINK(""Frames_for_Analysis/104_20250730_0001_R_3031.jpg"",""104_20250730_0001_R_3031.jpg"")","",""
104,105,145.759454311812,-16.8649702318658,"50","=HYPERLINK(""Frames_for_Analysis/105_20250730_0001_R_2946.jpg"",""105_20250730_0001_R_2946.jpg"")","",""
105,106,145.759393384138,-16.8649070639672,"","=HYPERLINK(""Frames_for_Analysis/106_20250730_0001_R_3042.jpg"",""106_20250730_0001_R_3042.jpg"")","",""
106,107,145.759331512736,-16.8648447371882,"","=HYPERLINK(""Frames_for_Analysis/107_20250730_0001_R_2931.jpg"",""107_20250730_0001_R_2931.jpg"")","",""
107,108,145.759269641335,-16.8647824103886,"","=HYPERLINK(""Frames_for_Analysis/108_20250730_0001_R_2990.jpg"",""108_20250730_0001_R_2990.jpg"")","",""
108,109,145.759207769933,-16.8647200835684,"","=HYPERLINK(""Frames_for_Analysis/109_20250730_0001_R_2995.jpg"",""109_20250730_0001_R_2995.jpg"")","",""
109,110,145.759147797415,-16.8646561076576,"50","=HYPERLINK(""Frames_for_Analysis/110_20250730_0001_R_2994.jpg"",""110_20250730_0001_R_2994.jpg"")","",""
110,111,145.759088963987,-16.8645911424911,"","=HYPERLINK(""Frames_for_Analysis/111_20250730_0001_R_2917.jpg"",""111_20250730_0001_R_2917.jpg"")","",""
111,112,145.759030130559,-16.8645261773022,"","=HYPERLINK(""Frames_for_Analysis/112_20250730_0001_R_2899.jpg"",""112_20250730_0001_R_2899.jpg"")","",""
112,113,145.758976227346,-16.8644574060629,"","=HYPERLINK(""Frames_for_Analysis/113_20250730_0001_R_2894.jpg"",""113_20250730_0001_R_2894.jpg"")","",""
113,114,145.758922328426,-16.8643886314846,"","=HYPERLINK(""Frames_for_Analysis/114_20250730_0001_R_2889.jpg"",""114_20250730_0001_R_2889.jpg"")","",""
114,115,145.758868429506,-16.8643198568813,"50","=HYPERLINK(""Frames_for_Analysis/115_20250730_0001_R_2874.jpg"",""115_20250730_0001_R_2874.jpg"")","",""
115,116,145.75880922529,-16.8642553526276,"","=HYPERLINK(""Frames_for_Analysis/116_20250730_0001_R_2860.jpg"",""116_20250730_0001_R_2860.jpg"")","",""
116,117,145.758747657848,-16.8641927505758,"","=HYPERLINK(""Frames_for_Analysis/117_20250730_0001_R_2857.jpg"",""117_20250730_0001_R_2857.jpg"")","",""
117,118,145.758686090406,-16.8641301485032,"","=HYPERLINK(""Frames_for_Analysis/118_20250730_0001_R_2852.jpg"",""118_20250730_0001_R_2852.jpg"")","",""
118,119,145.758644533416,-16.8640561082601,"","=HYPERLINK(""Frames_for_Analysis/119_20250730_0001_R_2851.jpg"",""119_20250730_0001_R_2851.jpg"")","",""
119,120,145.758616126181,-16.8639745514681,"50","=HYPERLINK(""Frames_for_Analysis/120_20250730_0001_R_2850.jpg"",""120_20250730_0001_R_2850.jpg"")","",""
120,121,145.758587718947,-16.8638929946408,"","=HYPERLINK(""Frames_for_Analysis/121_20250730_0001_R_2849.jpg"",""121_20250730_0001_R_2849.jpg"")","",""
121,122,145.758559311713,-16.8638114377784,"","=HYPERLINK(""Frames_for_Analysis/122_20250730_0001_R_2848.jpg"",""122_20250730_0001_R_2848.jpg"")","",""
122,123,145.758530904478,-16.8637298808808,"","=HYPERLINK(""Frames_for_Analysis/123_20250730_0001_R_2845.jpg"",""123_20250730_0001_R_2845.jpg"")","",""
123,124,145.758502497244,-16.8636483239481,"","=HYPERLINK(""Frames_for_Analysis/124_20250730_0001_R_2838.jpg"",""124_20250730_0001_R_2838.jpg"")","",""
124,125,145.758467306082,-16.8635699016786,"50","=HYPERLINK(""Frames_for_Analysis/125_20250730_0001_R_2832.jpg"",""125_20250730_0001_R_2832.jpg"")","",""
125,126,145.758418234093,-16.8634978933929,"","=HYPERLINK(""Frames_for_Analysis/126_20250730_0001_R_2828.jpg"",""126_20250730_0001_R_2828.jpg"")","",""
126,127,145.758369162104,-16.8634258850797,"","=HYPERLINK(""Frames_for_Analysis/127_20250730_0001_R_2826.jpg"",""127_20250730_0001_R_2826.jpg"")","",""
127,128,145.758320090115,-16.8633538767391,"","=HYPERLINK(""Frames_for_Analysis/128_20250730_0001_R_2823.jpg"",""128_20250730_0001_R_2823.jpg"")","",""
128,129,145.758253959447,-16.8632976662475,"","=HYPERLINK(""Frames_for_Analysis/129_20250730_0001_R_2820.jpg"",""129_20250730_0001_R_2820.jpg"")","",""
129,130,145.758180366609,-16.8632483663834,"50","=HYPERLINK(""Frames_for_Analysis/130_20250730_0001_R_2815.jpg"",""130_20250730_0001_R_2815.jpg"")","",""
130,131,145.758106773771,-16.8631990665065,"","=HYPERLINK(""Frames_for_Analysis/131_20250730_0001_R_2810.jpg"",""131_20250730_0001_R_2810.jpg"")","",""
131,132,145.758033180934,-16.8631497666167,"","=HYPERLINK(""Frames_for_Analysis/132_20250730_0001_R_2802.jpg"",""132_20250730_0001_R_2802.jpg"")","",""
132,133,145.757959588096,-16.863100466714,"","=HYPERLINK(""Frames_for_Analysis/133_20250730_0001_R_2794.jpg"",""133_20250730_0001_R_2794.jpg"")","",""
133,134,145.75788367011,-16.8630545401958,"","=HYPERLINK(""Frames_for_Analysis/134_20250730_0001_R_2791.jpg"",""134_20250730_0001_R_2791.jpg"")","",""
134,135,145.757807345619,-16.8630092034377,"50","=HYPERLINK(""Frames_for_Analysis/135_20250730_0001_R_2787.jpg"",""135_20250730_0001_R_2787.jpg"")","",""
135,136,145.757731021128,-16.8629638666688,"","=HYPERLINK(""Frames_for_Analysis/136_20250730_0001_R_2783.jpg"",""136_20250730_0001_R_2783.jpg"")","",""
136,137,145.757654696638,-16.862918529889,"","=HYPERLINK(""Frames_for_Analysis/137_20250730_0001_R_2780.jpg"",""137_20250730_0001_R_2780.jpg"")","",""
137,138,145.757576807136,-16.8628759248627,"","=HYPERLINK(""Frames_for_Analysis/138_20250730_0001_R_2771.jpg"",""138_20250730_0001_R_2771.jpg"")","",""
138,139,145.757495821938,-16.8628387234388,"","=HYPERLINK(""Frames_for_Analysis/139_20250730_0001_R_2767.jpg"",""139_20250730_0001_R_2767.jpg"")","",""
139,140,145.757414836741,-16.8628015220076,"50","=HYPERLINK(""Frames_for_Analysis/140_20250730_0001_R_2763.jpg"",""140_20250730_0001_R_2763.jpg"")","",""
140,141,145.757333851544,-16.862764320569,"","=HYPERLINK(""Frames_for_Analysis/141_20250730_0001_R_2760.jpg"",""141_20250730_0001_R_2760.jpg"")","",""
141,142,145.757247446344,-16.8627446772522,"","=HYPERLINK(""Frames_for_Analysis/142_20250730_0001_R_2756.jpg"",""142_20250730_0001_R_2756.jpg"")","",""
142,143,145.757158337976,-16.8627337908633,"","=HYPERLINK(""Frames_for_Analysis/143_20250730_0001_R_2753.jpg"",""143_20250730_0001_R_2753.jpg"")","",""
143,144,145.757069229607,-16.8627229044737,"","=HYPERLINK(""Frames_for_Analysis/144_20250730_0001_R_2749.jpg"",""144_20250730_0001_R_2749.jpg"")","",""
144,145,145.756980121239,-16.8627120180835,"50","=HYPERLINK(""Frames_for_Analysis/145_20250730_0001_R_2746.jpg"",""145_20250730_0001_R_2746.jpg"")","",""
145,146,145.756891012871,-16.8627011316927,"","=HYPERLINK(""Frames_for_Analysis/146_20250730_0001_R_2742.jpg"",""146_20250730_0001_R_2742.jpg"")","",""
146,147,145.756801904502,-16.8626902453013,"","=HYPERLINK(""Frames_for_Analysis/147_20250730_0001_R_2738.jpg"",""147_20250730_0001_R_2738.jpg"")","",""
147,148,145.756713085768,-16.8626898398397,"","=HYPERLINK(""Frames_for_Analysis/148_20250730_0001_R_2735.jpg"",""148_20250730_0001_R_2735.jpg"")","",""
148,149,145.756624703213,-16.8627052183548,"","=HYPERLINK(""Frames_for_Analysis/149_20250730_0001_R_2731.jpg"",""149_20250730_0001_R_2731.jpg"")","",""
149,150,145.756536320658,-16.8627205968686,"50","=HYPERLINK(""Frames_for_Analysis/150_20250730_0001_R_2727.jpg"",""150_20250730_0001_R_2727.jpg"")","",""
150,151,145.756447938104,-16.8627359753812,"","=HYPERLINK(""Frames_for_Analysis/151_20250730_0001_R_2724.jpg"",""151_20250730_0001_R_2724.jpg"")","",""
151,152,145.756359555549,-16.8627513538926,"","=HYPERLINK(""Frames_for_Analysis/152_20250730_0001_R_2721.jpg"",""152_20250730_0001_R_2721.jpg"")","",""
152,153,145.756271172994,-16.8627667324027,"","=HYPERLINK(""Frames_for_Analysis/153_20250730_0001_R_2718.jpg"",""153_20250730_0001_R_2718.jpg"")","",""
153,154,145.75618382564,-16.8627863075501,"","=HYPERLINK(""Frames_for_Analysis/154_20250730_0001_R_2715.jpg"",""154_20250730_0001_R_2715.jpg"")","",""
154,155,145.756097587372,-16.8628103788575,"50","=HYPERLINK(""Frames_for_Analysis/155_20250730_0001_R_2712.jpg"",""155_20250730_0001_R_2712.jpg"")","",""
155,156,145.756011349104,-16.8628344501619,"","=HYPERLINK(""Frames_for_Analysis/156_20250730_0001_R_2709.jpg"",""156_20250730_0001_R_2709.jpg"")","",""
156,157,145.755925110836,-16.8628585214632,"","=HYPERLINK(""Frames_for_Analysis/157_20250730_0001_R_2706.jpg"",""157_20250730_0001_R_2706.jpg"")","",""
157,158,145.755838872568,-16.8628825927614,"","=HYPERLINK(""Frames_for_Analysis/158_20250730_0001_R_2703.jpg"",""158_20250730_0001_R_2703.jpg"")","",""
158,159,145.7557526343,-16.8629066640566,"","=HYPERLINK(""Frames_for_Analysis/159_20250730_0001_R_2700.jpg"",""159_20250730_0001_R_2700.jpg"")","",""
159,160,145.755666396032,-16.8629307353487,"50","=HYPERLINK(""Frames_for_Analysis/160_20250730_0001_R_2696.jpg"",""160_20250730_0001_R_2696.jpg"")","",""
160,161,145.755580157764,-16.8629548066377,"","=HYPERLINK(""Frames_for_Analysis/161_20250730_0001_R_2692.jpg"",""161_20250730_0001_R_2692.jpg"")","",""
161,162,145.755493919496,-16.8629788779237,"","=HYPERLINK(""Frames_for_Analysis/162_20250730_0001_R_2689.jpg"",""162_20250730_0001_R_2689.jpg"")","",""
162,163,145.755407681228,-16.8630029492066,"","=HYPERLINK(""Frames_for_Analysis/163_20250730_0001_R_2686.jpg"",""163_20250730_0001_R_2686.jpg"")","",""
163,164,145.755322083796,-16.8630289686715,"","=HYPERLINK(""Frames_for_Analysis/164_20250730_0001_R_2683.jpg"",""164_20250730_0001_R_2683.jpg"")","",""
164,165,145.755236988096,-16.8630565134352,"50","=HYPERLINK(""Frames_for_Analysis/165_20250730_0001_R_2680.jpg"",""165_20250730_0001_R_2680.jpg"")","",""
165,166,145.755151892396,-16.8630840581949,"","=HYPERLINK(""Frames_for_Analysis/166_20250730_0001_R_2677.jpg"",""166_20250730_0001_R_2677.jpg"")","",""
166,167,145.755066796697,-16.8631116029506,"","=HYPERLINK(""Frames_for_Analysis/167_20250730_0001_R_2674.jpg"",""167_20250730_0001_R_2674.jpg"")","",""
167,168,145.754981700997,-16.8631391477022,"","=HYPERLINK(""Frames_for_Analysis/168_20250730_0001_R_2671.jpg"",""168_20250730_0001_R_2671.jpg"")","",""
168,169,145.754896605298,-16.8631666924498,"","=HYPERLINK(""Frames_for_Analysis/169_20250730_0001_R_2667.jpg"",""169_20250730_0001_R_2667.jpg"")","",""
169,170,145.754811509598,-16.8631942371935,"50","=HYPERLINK(""Frames_for_Analysis/170_20250730_0001_R_2663.jpg"",""170_20250730_0001_R_2663.jpg"")","",""
170,171,145.754726413899,-16.8632217819331,"","=HYPERLINK(""Frames_for_Analysis/171_20250730_0001_R_2659.jpg"",""171_20250730_0001_R_2659.jpg"")","",""
171,172,145.754641318199,-16.8632493266686,"","=HYPERLINK(""Frames_for_Analysis/172_20250730_0001_R_2655.jpg"",""172_20250730_0001_R_2655.jpg"")","",""
172,173,145.75455593604,-16.8632755395003,"","=HYPERLINK(""Frames_for_Analysis/173_20250730_0001_R_2652.jpg"",""173_20250730_0001_R_2652.jpg"")","",""
173,174,145.754466390592,-16.8632823950021,"","=HYPERLINK(""Frames_for_Analysis/174_20250730_0001_R_2648.jpg"",""174_20250730_0001_R_2648.jpg"")","",""
174,175,145.754376845144,-16.8632892505036,"50","=HYPERLINK(""Frames_for_Analysis/175_20250730_0001_R_2645.jpg"",""175_20250730_0001_R_2645.jpg"")","",""
175,176,145.754287299696,-16.8632961060049,"","=HYPERLINK(""Frames_for_Analysis/176_20250730_0001_R_2642.jpg"",""176_20250730_0001_R_2642.jpg"")","",""
176,177,145.754207872955,-16.8633320691901,"","=HYPERLINK(""Frames_for_Analysis/177_20250730_0001_R_2639.jpg"",""177_20250730_0001_R_2639.jpg"")","",""
177,178,145.754131882228,-16.8633779164791,"","=HYPERLINK(""Frames_for_Analysis/178_20250730_0001_R_2636.jpg"",""178_20250730_0001_R_2636.jpg"")","",""
178,179,145.754055891502,-16.863423763757,"","=HYPERLINK(""Frames_for_Analysis/179_20250730_0001_R_2632.jpg"",""179_20250730_0001_R_2632.jpg"")","",""
179,180,145.753979900775,-16.8634696110238,"50","=HYPERLINK(""Frames_for_Analysis/180_20250730_0001_R_2628.jpg"",""180_20250730_0001_R_2628.jpg"")","",""
180,181,145.753903910049,-16.8635154582795,"","=HYPERLINK(""Frames_for_Analysis/181_20250730_0001_R_2625.jpg"",""181_20250730_0001_R_2625.jpg"")","",""
181,182,145.753827919322,-16.863561305524,"","=HYPERLINK(""Frames_for_Analysis/182_20250730_0001_R_2621.jpg"",""182_20250730_0001_R_2621.jpg"")","",""
182,183,145.753751928596,-16.8636071527575,"","=HYPERLINK(""Frames_for_Analysis/183_20250730_0001_R_2616.jpg"",""183_20250730_0001_R_2616.jpg"")","",""
183,184,145.753680902188,-16.8636593058096,"","=HYPERLINK(""Frames_for_Analysis/184_20250730_0001_R_2611.jpg"",""184_20250730_0001_R_2611.jpg"")","",""
184,185,145.753613893428,-16.8637165621828,"50","=HYPERLINK(""Frames_for_Analysis/185_20250730_0001_R_2608.jpg"",""185_20250730_0001_R_2608.jpg"")","",""
185,186,145.753546884667,-16.8637738185387,"","=HYPERLINK(""Frames_for_Analysis/186_20250730_0001_R_2604.jpg"",""186_20250730_0001_R_2604.jpg"")","",""
186,187,145.753479875907,-16.8638310748772,"","=HYPERLINK(""Frames_for_Analysis/187_20250730_0001_R_2601.jpg"",""187_20250730_0001_R_2601.jpg"")","",""
187,188,145.753412867146,-16.8638883311984,"","=HYPERLINK(""Frames_for_Analysis/188_20250730_0001_R_2598.jpg"",""188_20250730_0001_R_2598.jpg"")","",""
188,189,145.753347905632,-16.863947660747,"","=HYPERLINK(""Frames_for_Analysis/189_20250730_0001_R_2595.jpg"",""189_20250730_0001_R_2595.jpg"")","",""
189,190,145.753284385095,-16.8640084495533,"50","=HYPERLINK(""Frames_for_Analysis/190_20250730_0001_R_2592.jpg"",""190_20250730_0001_R_2592.jpg"")","",""
190,191,145.753220864557,-16.86406923834,"","=HYPERLINK(""Frames_for_Analysis/191_20250730_0001_R_2589.jpg"",""191_20250730_0001_R_2589.jpg"")","",""
191,192,145.753161458879,-16.864133418378,"","=HYPERLINK(""Frames_for_Analysis/192_20250730_0001_R_2587.jpg"",""192_20250730_0001_R_2587.jpg"")","",""
192,193,145.753108063874,-16.8642025521041,"","=HYPERLINK(""Frames_for_Analysis/193_20250730_0001_R_2584.jpg"",""193_20250730_0001_R_2584.jpg"")","",""
193,194,145.753054668869,-16.8642716858049,"","=HYPERLINK(""Frames_for_Analysis/194_20250730_0001_R_2581.jpg"",""194_20250730_0001_R_2581.jpg"")","",""
194,195,145.753001273863,-16.8643408194805,"50","=HYPERLINK(""Frames_for_Analysis/195_20250730_0001_R_2578.jpg"",""195_20250730_0001_R_2578.jpg"")","",""
195,196,145.752962012581,-16.8644172135934,"","=HYPERLINK(""Frames_for_Analysis/196_20250730_0001_R_2575.jpg"",""196_20250730_0001_R_2575.jpg"")","",""
196,197,145.75293131332,-16.8644980059658,"","=HYPERLINK(""Frames_for_Analysis/197_20250730_0001_R_2572.jpg"",""197_20250730_0001_R_2572.jpg"")","",""
197,198,145.75290061406,-16.8645787983035,"","=HYPERLINK(""Frames_for_Analysis/198_20250730_0001_R_2569.jpg"",""198_20250730_0001_R_2569.jpg"")","",""
198,199,145.752871833302,-16.8646602139963,"","=HYPERLINK(""Frames_for_Analysis/199_20250730_0001_R_2566.jpg"",""199_20250730_0001_R_2566.jpg"")","",""
199,200,145.752844782282,-16.8647421917064,"50","=HYPERLINK(""Frames_for_Analysis/200_20250730_0001_R_2563.jpg"",""200_20250730_0001_R_2563.jpg"")","",""
200,201,145.752817731262,-16.864824169381,"","=HYPERLINK(""Frames_for_Analysis/201_20250730_0001_R_2560.jpg"",""201_20250730_0001_R_2560.jpg"")","",""
201,202,145.75281112458,-16.864909619442,"","=HYPERLINK(""Frames_for_Analysis/202_20250730_0001_R_2557.jpg"",""202_20250730_0001_R_2557.jpg"")","",""
202,203,145.75280704535,-16.8649954987456,"","=HYPERLINK(""Frames_for_Analysis/203_20250730_0001_R_2554.jpg"",""203_20250730_0001_R_2554.jpg"")","",""
203,204,145.752802966119,-16.8650813780102,"","=HYPERLINK(""Frames_for_Analysis/204_20250730_0001_R_2551.jpg"",""204_20250730_0001_R_2551.jpg"")","",""
204,205,145.752815276767,-16.8651665000592,"50","=HYPERLINK(""Frames_for_Analysis/205_20250730_0001_R_2548.jpg"",""205_20250730_0001_R_2548.jpg"")","",""
205,206,145.752828853774,-16.865251444363,"","=HYPERLINK(""Frames_for_Analysis/206_20250730_0001_R_2544.jpg"",""206_20250730_0001_R_2544.jpg"")","",""
206,207,145.752849817917,-16.8653350384132,"","=HYPERLINK(""Frames_for_Analysis/207_20250730_0001_R_2541.jpg"",""207_20250730_0001_R_2541.jpg"")","",""
207,208,145.752870782059,-16.8654186324264,"","=HYPERLINK(""Frames_for_Analysis/208_20250730_0001_R_2539.jpg"",""208_20250730_0001_R_2539.jpg"")","",""
208,209,145.752891746202,-16.8655022264027,"","=HYPERLINK(""Frames_for_Analysis/209_20250730_0001_R_2535.jpg"",""209_20250730_0001_R_2535.jpg"")","",""
209,210,145.752911385119,-16.8655861103438,"50","=HYPERLINK(""Frames_for_Analysis/210_20250730_0001_R_2532.jpg"",""210_20250730_0001_R_2532.jpg"")","",""
210,211,145.752930468024,-16.8656701159207,"","=HYPERLINK(""Frames_for_Analysis/211_20250730_0001_R_2529.jpg"",""211_20250730_0001_R_2529.jpg"")","",""
211,212,145.752949550929,-16.8657541214603,"","=HYPERLINK(""Frames_for_Analysis/212_20250730_0001_R_2526.jpg"",""212_20250730_0001_R_2526.jpg"")","",""
212,213,145.752977068298,-16.8658356541057,"","=HYPERLINK(""Frames_for_Analysis/213_20250730_0001_R_2523.jpg"",""213_20250730_0001_R_2523.jpg"")","",""
213,214,145.753010430888,-16.8659154729861,"","=HYPERLINK(""Frames_for_Analysis/214_20250730_0001_R_2520.jpg"",""214_20250730_0001_R_2520.jpg"")","",""
214,215,145.753043793479,-16.8659952918328,"50","=HYPERLINK(""Frames_for_Analysis/215_20250730_0001_R_2517.jpg"",""215_20250730_0001_R_2517.jpg"")","",""
215,216,145.753076940239,-16.8660751827764,"","=HYPERLINK(""Frames_for_Analysis/216_20250730_0001_R_2514.jpg"",""216_20250730_0001_R_2514.jpg"")","",""
216,217,145.753102753104,-16.8661575246746,"","=HYPERLINK(""Frames_for_Analysis/217_20250730_0001_R_2512.jpg"",""217_20250730_0001_R_2512.jpg"")","",""
217,218,145.753128565969,-16.8662398665369,"","=HYPERLINK(""Frames_for_Analysis/218_20250730_0001_R_2509.jpg"",""218_20250730_0001_R_2509.jpg"")","",""
218,219,145.753154378834,-16.8663222083634,"","=HYPERLINK(""Frames_for_Analysis/219_20250730_0001_R_2506.jpg"",""219_20250730_0001_R_2506.jpg"")","",""
219,220,145.753180191699,-16.866404550154,"50","=HYPERLINK(""Frames_for_Analysis/220_20250730_0001_R_2503.jpg"",""220_20250730_0001_R_2503.jpg"")","",""
220,221,145.753200778712,-16.866488208739,"","=HYPERLINK(""Frames_for_Analysis/221_20250730_0001_R_2501.jpg"",""221_20250730_0001_R_2501.jpg"")","",""
221,222,145.753220687281,-16.8665720382441,"","=HYPERLINK(""Frames_for_Analysis/222_20250730_0001_R_2498.jpg"",""222_20250730_0001_R_2498.jpg"")","",""
222,223,145.753240595849,-16.866655867712,"","=HYPERLINK(""Frames_for_Analysis/223_20250730_0001_R_2496.jpg"",""223_20250730_0001_R_2496.jpg"")","",""
223,224,145.753257853412,-16.866740229218,"","=HYPERLINK(""Frames_for_Analysis/224_20250730_0001_R_2494.jpg"",""224_20250730_0001_R_2494.jpg"")","",""
224,225,145.753274817884,-16.8668246495114,"50","=HYPERLINK(""Frames_for_Analysis/225_20250730_0001_R_2491.jpg"",""225_20250730_0001_R_2491.jpg"")","",""
225,226,145.753291782357,-16.8669090697671,"","=HYPERLINK(""Frames_for_Analysis/226_20250730_0001_R_2488.jpg"",""226_20250730_0001_R_2488.jpg"")","",""
226,227,145.753301997789,-16.8669941053771,"","=HYPERLINK(""Frames_for_Analysis/227_20250730_0001_R_2485.jpg"",""227_20250730_0001_R_2485.jpg"")","",""
227,228,145.753301997789,-16.8670800724133,"","=HYPERLINK(""Frames_for_Analysis/228_20250730_0001_R_2483.jpg"",""228_20250730_0001_R_2483.jpg"")","",""
228,229,145.753313972954,-16.8671652249742,"","=HYPERLINK(""Frames_for_Analysis/229_20250730_0001_R_2480.jpg"",""229_20250730_0001_R_2480.jpg"")","",""
229,230,145.753326677045,-16.867250327922,"50","=HYPERLINK(""Frames_for_Analysis/230_20250730_0001_R_2477.jpg"",""230_20250730_0001_R_2477.jpg"")","",""
230,231,145.753339381136,-16.8673354308316,"","=HYPERLINK(""Frames_for_Analysis/231_20250730_0001_R_2475.jpg"",""231_20250730_0001_R_2475.jpg"")","",""
231,232,145.753352085227,-16.8674205337028,"","=HYPERLINK(""Frames_for_Analysis/232_20250730_0001_R_2472.jpg"",""232_20250730_0001_R_2472.jpg"")","",""
232,233,145.753361417795,-16.8675058658341,"","=HYPERLINK(""Frames_for_Analysis/233_20250730_0001_R_2470.jpg"",""233_20250730_0001_R_2470.jpg"")","",""
233,234,145.753361417795,-16.8675918326375,"","=HYPERLINK(""Frames_for_Analysis/234_20250730_0001_R_2467.jpg"",""234_20250730_0001_R_2467.jpg"")","",""
234,235,145.753361417795,-16.8676777994018,"50","=HYPERLINK(""Frames_for_Analysis/235_20250730_0001_R_2464.jpg"",""235_20250730_0001_R_2464.jpg"")","",""
235,236,145.753361417795,-16.867763766127,"","=HYPERLINK(""Frames_for_Analysis/236_20250730_0001_R_2462.jpg"",""236_20250730_0001_R_2462.jpg"")","",""
236,237,145.753354538061,-16.8678493681749,"","=HYPERLINK(""Frames_for_Analysis/237_20250730_0001_R_2459.jpg"",""237_20250730_0001_R_2459.jpg"")","",""
237,238,145.753344617918,-16.8679348090368,"","=HYPERLINK(""Frames_for_Analysis/238_20250730_0001_R_2456.jpg"",""238_20250730_0001_R_2456.jpg"")","",""
238,239,145.753334697774,-16.8680202498602,"","=HYPERLINK(""Frames_for_Analysis/239_20250730_0001_R_2454.jpg"",""239_20250730_0001_R_2454.jpg"")","",""
239,240,145.753324777631,-16.8681056906449,"50","=HYPERLINK(""Frames_for_Analysis/240_20250730_0001_R_2451.jpg"",""240_20250730_0001_R_2451.jpg"")","",""
240,241,145.753314857488,-16.868191131391,"","=HYPERLINK(""Frames_for_Analysis/241_20250730_0001_R_2448.jpg"",""241_20250730_0001_R_2448.jpg"")","",""
241,242,145.753301747926,-16.8682761714675,"","=HYPERLINK(""Frames_for_Analysis/242_20250730_0001_R_2446.jpg"",""242_20250730_0001_R_2446.jpg"")","",""
242,243,145.753288290663,-16.8683611678301,"","=HYPERLINK(""Frames_for_Analysis/243_20250730_0001_R_2443.jpg"",""243_20250730_0001_R_2443.jpg"")","",""
243,244,145.753274833399,-16.8684461641545,"","=HYPERLINK(""Frames_for_Analysis/244_20250730_0001_R_2441.jpg"",""244_20250730_0001_R_2441.jpg"")","",""
244,245,145.753261376135,-16.8685311604406,"50","=HYPERLINK(""Frames_for_Analysis/245_20250730_0001_R_2438.jpg"",""245_20250730_0001_R_2438.jpg"")","",""
245,246,145.753242771736,-16.8686151034242,"","=HYPERLINK(""Frames_for_Analysis/246_20250730_0001_R_2435.jpg"",""246_20250730_0001_R_2435.jpg"")","",""
246,247,145.753218728873,-16.8686979334919,"","=HYPERLINK(""Frames_for_Analysis/247_20250730_0001_R_2433.jpg"",""247_20250730_0001_R_2433.jpg"")","",""
247,248,145.75319468601,-16.8687807635233,"","=HYPERLINK(""Frames_for_Analysis/248_20250730_0001_R_2430.jpg"",""248_20250730_0001_R_2430.jpg"")","",""
248,249,145.753170643147,-16.8688635935183,"","=HYPERLINK(""Frames_for_Analysis/249_20250730_0001_R_2427.jpg"",""249_20250730_0001_R_2427.jpg"")","",""
249,250,145.753146600284,-16.8689464234771,"50","=HYPERLINK(""Frames_for_Analysis/250_20250730_0001_R_2425.jpg"",""250_20250730_0001_R_2425.jpg"")","",""
250,251,145.753113791857,-16.8690260259119,"","=HYPERLINK(""Frames_for_Analysis/251_20250730_0001_R_2422.jpg"",""251_20250730_0001_R_2422.jpg"")","",""
251,252,145.753073618033,-16.8691029163687,"","=HYPERLINK(""Frames_for_Analysis/252_20250730_0001_R_2420.jpg"",""252_20250730_0001_R_2420.jpg"")","",""
252,253,145.753033444209,-16.8691798067944,"","=HYPERLINK(""Frames_for_Analysis/253_20250730_0001_R_2417.jpg"",""253_20250730_0001_R_2417.jpg"")","",""
253,254,145.752993270385,-16.8692566971886,"","=HYPERLINK(""Frames_for_Analysis/254_20250730_0001_R_2415.jpg"",""254_20250730_0001_R_2415.jpg"")","",""
254,255,145.75295309656,-16.8693335875517,"50","=HYPERLINK(""Frames_for_Analysis/255_20250730_0001_R_2413.jpg"",""255_20250730_0001_R_2413.jpg"")","",""
255,256,145.752916300024,-16.869411991653,"","=HYPERLINK(""Frames_for_Analysis/256_20250730_0001_R_2410.jpg"",""256_20250730_0001_R_2410.jpg"")","",""
256,257,145.752880293756,-16.8694907499355,"","=HYPERLINK(""Frames_for_Analysis/257_20250730_0001_R_2408.jpg"",""257_20250730_0001_R_2408.jpg"")","",""
257,258,145.75283053047,-16.8695605226479,"","=HYPERLINK(""Frames_for_Analysis/258_20250730_0001_R_2405.jpg"",""258_20250730_0001_R_2405.jpg"")","",""
258,259,145.752767009926,-16.8696213096414,"","=HYPERLINK(""Frames_for_Analysis/259_20250730_0001_R_2403.jpg"",""259_20250730_0001_R_2403.jpg"")","",""
259,260,145.752688993076,-16.8696623584637,"50","=HYPERLINK(""Frames_for_Analysis/260_20250730_0001_R_2400.jpg"",""260_20250730_0001_R_2400.jpg"")","",""
260,261,145.752607711854,-16.8696989625114,"","=HYPERLINK(""Frames_for_Analysis/261_20250730_0001_R_2398.jpg"",""261_20250730_0001_R_2398.jpg"")","",""
261,262,145.752526430632,-16.8697355665519,"","=HYPERLINK(""Frames_for_Analysis/262_20250730_0001_R_2395.jpg"",""262_20250730_0001_R_2395.jpg"")","",""
262,263,145.75244514941,-16.8697721705854,"","=HYPERLINK(""Frames_for_Analysis/263_20250730_0001_R_2393.jpg"",""263_20250730_0001_R_2393.jpg"")","",""
263,264,145.752363868188,-16.8698087746118,"","=HYPERLINK(""Frames_for_Analysis/264_20250730_0001_R_2390.jpg"",""264_20250730_0001_R_2390.jpg"")","",""
264,265,145.752285519934,-16.8698507494134,"50","=HYPERLINK(""Frames_for_Analysis/265_20250730_0001_R_2388.jpg"",""265_20250730_0001_R_2388.jpg"")","",""
265,266,145.752207709181,-16.8698937084635,"","=HYPERLINK(""Frames_for_Analysis/266_20250730_0001_R_2385.jpg"",""266_20250730_0001_R_2385.jpg"")","",""
266,267,145.752129898428,-16.8699366675038,"","=HYPERLINK(""Frames_for_Analysis/267_20250730_0001_R_2382.jpg"",""267_20250730_0001_R_2382.jpg"")","",""
267,268,145.752052087675,-16.8699796265343,"","=HYPERLINK(""Frames_for_Analysis/268_20250730_0001_R_2379.jpg"",""268_20250730_0001_R_2379.jpg"")","",""
268,269,145.751971396926,-16.8700173410452,"","=HYPERLINK(""Frames_for_Analysis/269_20250730_0001_R_2377.jpg"",""269_20250730_0001_R_2377.jpg"")","",""
269,270,145.751890291578,-16.87005430056,"50","=HYPERLINK(""Frames_for_Analysis/270_20250730_0001_R_2374.jpg"",""270_20250730_0001_R_2374.jpg"")","",""
270,271,145.751809186231,-16.8700912600675,"","=HYPERLINK(""Frames_for_Analysis/271_20250730_0001_R_2372.jpg"",""271_20250730_0001_R_2372.jpg"")","",""
271,272,145.751727296647,-16.8701265888561,"","=HYPERLINK(""Frames_for_Analysis/272_20250730_0001_R_2369.jpg"",""272_20250730_0001_R_2369.jpg"")","",""
272,273,145.751645207471,-16.8701615026137,"","=HYPERLINK(""Frames_for_Analysis/273_20250730_0001_R_2366.jpg"",""273_20250730_0001_R_2366.jpg"")","",""
273,274,145.751563451408,-16.8701970918486,"","=HYPERLINK(""Frames_for_Analysis/274_20250730_0001_R_2364.jpg"",""274_20250730_0001_R_2364.jpg"")","",""
274,275,145.751483103726,-16.8702355369814,"50","=HYPERLINK(""Frames_for_Analysis/275_20250730_0001_R_2362.jpg"",""275_20250730_0001_R_2362.jpg"")","",""
275,276,145.751402756044,-16.8702739821063,"","=HYPERLINK(""Frames_for_Analysis/276_20250730_0001_R_2359.jpg"",""276_20250730_0001_R_2359.jpg"")","",""
276,277,145.751314864906,-16.8702868609741,"","=HYPERLINK(""Frames_for_Analysis/277_20250730_0001_R_2357.jpg"",""277_20250730_0001_R_2357.jpg"")","",""
277,278,145.751225371081,-16.8702943080208,"","=HYPERLINK(""Frames_for_Analysis/278_20250730_0001_R_2354.jpg"",""278_20250730_0001_R_2354.jpg"")","",""
278,279,145.751135877255,-16.8703017550672,"","=HYPERLINK(""Frames_for_Analysis/279_20250730_0001_R_2351.jpg"",""279_20250730_0001_R_2351.jpg"")","",""
279,280,145.751048189932,-16.8702873976672,"50","=HYPERLINK(""Frames_for_Analysis/280_20250730_0001_R_2349.jpg"",""280_20250730_0001_R_2349.jpg"")","",""
280,281,145.750959384389,-16.8702764026207,"","=HYPERLINK(""Frames_for_Analysis/281_20250730_0001_R_2346.jpg"",""281_20250730_0001_R_2346.jpg"")","",""
281,282,145.750869798313,-16.8702700520578,"","=HYPERLINK(""Frames_for_Analysis/282_20250730_0001_R_2343.jpg"",""282_20250730_0001_R_2343.jpg"")","",""
282,283,145.750780212238,-16.8702637014947,"","=HYPERLINK(""Frames_for_Analysis/283_20250730_0001_R_2341.jpg"",""283_20250730_0001_R_2341.jpg"")","",""
283,284,145.750690609741,-16.8702583239236,"","=HYPERLINK(""Frames_for_Analysis/284_20250730_0001_R_2338.jpg"",""284_20250730_0001_R_2338.jpg"")","",""
284,285,145.750600856094,-16.8702619028061,"50","=HYPERLINK(""Frames_for_Analysis/285_20250730_0001_R_2335.jpg"",""285_20250730_0001_R_2335.jpg"")","",""
285,286,145.750511102447,-16.8702654816885,"","=HYPERLINK(""Frames_for_Analysis/286_20250730_0001_R_2332.jpg"",""286_20250730_0001_R_2332.jpg"")","",""
286,287,145.7504213488,-16.8702690605708,"","=HYPERLINK(""Frames_for_Analysis/287_20250730_0001_R_2329.jpg"",""287_20250730_0001_R_2329.jpg"")","",""
287,288,145.750331595153,-16.870272639453,"","=HYPERLINK(""Frames_for_Analysis/288_20250730_0001_R_2327.jpg"",""288_20250730_0001_R_2327.jpg"")","",""
288,289,145.750241841506,-16.8702762183352,"","=HYPERLINK(""Frames_for_Analysis/289_20250730_0001_R_2324.jpg"",""289_20250730_0001_R_2324.jpg"")","",""
289,290,145.750152087858,-16.8702797972174,"50","=HYPERLINK(""Frames_for_Analysis/290_20250730_0001_R_2321.jpg"",""290_20250730_0001_R_2321.jpg"")","",""
290,291,145.750062276387,-16.87028071888,"","=HYPERLINK(""Frames_for_Analysis/291_20250730_0001_R_2319.jpg"",""291_20250730_0001_R_2319.jpg"")","",""
291,292,145.749972444858,-16.87028071888,"","=HYPERLINK(""Frames_for_Analysis/292_20250730_0001_R_2316.jpg"",""292_20250730_0001_R_2316.jpg"")","",""
292,293,145.74988261333,-16.87028071888,"","=HYPERLINK(""Frames_for_Analysis/293_20250730_0001_R_2313.jpg"",""293_20250730_0001_R_2313.jpg"")","",""
293,294,145.749792781801,-16.87028071888,"","=HYPERLINK(""Frames_for_Analysis/294_20250730_0001_R_2311.jpg"",""294_20250730_0001_R_2311.jpg"")","",""
294,295,145.749703085632,-16.8702765698519,"50","=HYPERLINK(""Frames_for_Analysis/295_20250730_0001_R_2308.jpg"",""295_20250730_0001_R_2308.jpg"")","",""
295,296,145.749613429052,-16.8702712073342,"","=HYPERLINK(""Frames_for_Analysis/296_20250730_0001_R_2306.jpg"",""296_20250730_0001_R_2306.jpg"")","",""
296,297,145.749524494836,-16.8702598999332,"","=HYPERLINK(""Frames_for_Analysis/297_20250730_0001_R_2303.jpg"",""297_20250730_0001_R_2303.jpg"")","",""
297,298,145.749435944634,-16.8702454321921,"","=HYPERLINK(""Frames_for_Analysis/298_20250730_0001_R_2300.jpg"",""298_20250730_0001_R_2300.jpg"")","",""
298,299,145.749347394431,-16.8702309644498,"","=HYPERLINK(""Frames_for_Analysis/299_20250730_0001_R_2297.jpg"",""299_20250730_0001_R_2297.jpg"")","",""
299,300,145.749258844228,-16.8702164967065,"50","=HYPERLINK(""Frames_for_Analysis/300_20250730_0001_R_2295.jpg"",""300_20250730_0001_R_2295.jpg"")","",""
300,301,145.749170294025,-16.8702020289621,"","=HYPERLINK(""Frames_for_Analysis/301_20250730_0001_R_2292.jpg"",""301_20250730_0001_R_2292.jpg"")","",""
301,302,145.749082027289,-16.8701863347651,"","=HYPERLINK(""Frames_for_Analysis/302_20250730_0001_R_2289.jpg"",""302_20250730_0001_R_2289.jpg"")","",""
302,303,145.748995361059,-16.8701637157926,"","=HYPERLINK(""Frames_for_Analysis/303_20250730_0001_R_2287.jpg"",""303_20250730_0001_R_2287.jpg"")","",""
303,304,145.748908694829,-16.8701410968175,"","=HYPERLINK(""Frames_for_Analysis/304_20250730_0001_R_2284.jpg"",""304_20250730_0001_R_2284.jpg"")","",""
304,305,145.748822028599,-16.8701184778396,"50","=HYPERLINK(""Frames_for_Analysis/305_20250730_0001_R_2282.jpg"",""305_20250730_0001_R_2282.jpg"")","",""
305,306,145.748735362369,-16.870095858859,"","=HYPERLINK(""Frames_for_Analysis/306_20250730_0001_R_2279.jpg"",""306_20250730_0001_R_2279.jpg"")","",""
306,307,145.748652377489,-16.8700638666388,"","=HYPERLINK(""Frames_for_Analysis/307_20250730_0001_R_2277.jpg"",""307_20250730_0001_R_2277.jpg"")","",""
307,308,145.748571597845,-16.8700262595704,"","=HYPERLINK(""Frames_for_Analysis/308_20250730_0001_R_2274.jpg"",""308_20250730_0001_R_2274.jpg"")","",""
308,309,145.7484908182,-16.8699886524946,"","=HYPERLINK(""Frames_for_Analysis/309_20250730_0001_R_2271.jpg"",""309_20250730_0001_R_2271.jpg"")","",""
309,310,145.748410038556,-16.8699510454113,"50","=HYPERLINK(""Frames_for_Analysis/310_20250730_0001_R_2269.jpg"",""310_20250730_0001_R_2269.jpg"")","",""
310,311,145.748329258912,-16.8699134383206,"","=HYPERLINK(""Frames_for_Analysis/311_20250730_0001_R_2266.jpg"",""311_20250730_0001_R_2266.jpg"")","",""
311,312,145.748249900871,-16.8698735499309,"","=HYPERLINK(""Frames_for_Analysis/312_20250730_0001_R_2264.jpg"",""312_20250730_0001_R_2264.jpg"")","",""
312,313,145.748176928556,-16.8698234141615,"","=HYPERLINK(""Frames_for_Analysis/313_20250730_0001_R_2261.jpg"",""313_20250730_0001_R_2261.jpg"")","",""
313,314,145.748103956241,-16.8697732783789,"","=HYPERLINK(""Frames_for_Analysis/314_20250730_0001_R_2259.jpg"",""314_20250730_0001_R_2259.jpg"")","",""
314,315,145.748030983926,-16.8697231425829,"50","=HYPERLINK(""Frames_for_Analysis/315_20250730_0001_R_2256.jpg"",""315_20250730_0001_R_2256.jpg"")","",""
315,316,145.747958011611,-16.8696730067736,"","=HYPERLINK(""Frames_for_Analysis/316_20250730_0001_R_2253.jpg"",""316_20250730_0001_R_2253.jpg"")","",""
316,317,145.747885039296,-16.8696228709511,"","=HYPERLINK(""Frames_for_Analysis/317_20250730_0001_R_2251.jpg"",""317_20250730_0001_R_2251.jpg"")","",""
317,318,145.747812066981,-16.8695727351152,"","=HYPERLINK(""Frames_for_Analysis/318_20250730_0001_R_2248.jpg"",""318_20250730_0001_R_2248.jpg"")","",""
318,319,145.747746946305,-16.8695137513,"","=HYPERLINK(""Frames_for_Analysis/319_20250730_0001_R_2246.jpg"",""319_20250730_0001_R_2246.jpg"")","",""
319,320,145.747683425854,-16.8694529641828,"50","=HYPERLINK(""Frames_for_Analysis/320_20250730_0001_R_2243.jpg"",""320_20250730_0001_R_2243.jpg"")","",""
320,321,145.747619905402,-16.8693921770461,"","=HYPERLINK(""Frames_for_Analysis/321_20250730_0001_R_2240.jpg"",""321_20250730_0001_R_2240.jpg"")","",""
321,322,145.74755638495,-16.8693313898898,"","=HYPERLINK(""Frames_for_Analysis/322_20250730_0001_R_2238.jpg"",""322_20250730_0001_R_2238.jpg"")","",""
322,323,145.747492864498,-16.8692706027139,"","=HYPERLINK(""Frames_for_Analysis/323_20250730_0001_R_2235.jpg"",""323_20250730_0001_R_2235.jpg"")","",""
323,324,145.747429344047,-16.8692098155185,"","=HYPERLINK(""Frames_for_Analysis/324_20250730_0001_R_2233.jpg"",""324_20250730_0001_R_2233.jpg"")","",""
324,325,145.747370087542,-16.8691454621608,"50","=HYPERLINK(""Frames_for_Analysis/325_20250730_0001_R_2230.jpg"",""325_20250730_0001_R_2230.jpg"")","",""
325,326,145.747315645742,-16.8690770820124,"","=HYPERLINK(""Frames_for_Analysis/326_20250730_0001_R_2228.jpg"",""326_20250730_0001_R_2228.jpg"")","",""
326,327,145.747261203942,-16.8690087018393,"","=HYPERLINK(""Frames_for_Analysis/327_20250730_0001_R_2225.jpg"",""327_20250730_0001_R_2225.jpg"")","",""
327,328,145.747206762142,-16.8689403216414,"","=HYPERLINK(""Frames_for_Analysis/328_20250730_0001_R_2223.jpg"",""328_20250730_0001_R_2223.jpg"")","",""
328,329,145.747163310186,-16.8688651059068,"","=HYPERLINK(""Frames_for_Analysis/329_20250730_0001_R_2220.jpg"",""329_20250730_0001_R_2220.jpg"")","",""
329,330,145.747120116219,-16.8687897296771,"50","=HYPERLINK(""Frames_for_Analysis/330_20250730_0001_R_2218.jpg"",""330_20250730_0001_R_2218.jpg"")","",""
330,331,145.747076922253,-16.8687143534173,"","=HYPERLINK(""Frames_for_Analysis/331_20250730_0001_R_2215.jpg"",""331_20250730_0001_R_2215.jpg"")","",""
331,332,145.747033728286,-16.8686389771274,"","=HYPERLINK(""Frames_for_Analysis/332_20250730_0001_R_2212.jpg"",""332_20250730_0001_R_2212.jpg"")","",""
332,333,145.746992095098,-16.8685628437585,"","=HYPERLINK(""Frames_for_Analysis/333_20250730_0001_R_2209.jpg"",""333_20250730_0001_R_2209.jpg"")","",""
333,334,145.746954106654,-16.8684849424908,"","=HYPERLINK(""Frames_for_Analysis/334_20250730_0001_R_2207.jpg"",""334_20250730_0001_R_2207.jpg"")","",""
334,335,145.74691611821,-16.868407041191,"50","=HYPERLINK(""Frames_for_Analysis/335_20250730_0001_R_2204.jpg"",""335_20250730_0001_R_2204.jpg"")","",""
335,336,145.746878129766,-16.8683291398591,"","=HYPERLINK(""Frames_for_Analysis/336_20250730_0001_R_2201.jpg"",""336_20250730_0001_R_2201.jpg"")","",""
336,337,145.746840141323,-16.868251238495,"","=HYPERLINK(""Frames_for_Analysis/337_20250730_0001_R_2198.jpg"",""337_20250730_0001_R_2198.jpg"")","",""
337,338,145.746802152879,-16.8681733370989,"","=HYPERLINK(""Frames_for_Analysis/338_20250730_0001_R_2195.jpg"",""338_20250730_0001_R_2195.jpg"")","",""
338,339,145.746764164435,-16.8680954356706,"","=HYPERLINK(""Frames_for_Analysis/339_20250730_0001_R_2193.jpg"",""339_20250730_0001_R_2193.jpg"")","",""
339,340,145.746726771812,-16.8680172715868,"50","=HYPERLINK(""Frames_for_Analysis/340_20250730_0001_R_2190.jpg"",""340_20250730_0001_R_2190.jpg"")","",""
340,341,145.746689599149,-16.8679390105175,"","=HYPERLINK(""Frames_for_Analysis/341_20250730_0001_R_2187.jpg"",""341_20250730_0001_R_2187.jpg"")","",""
341,342,145.746652426485,-16.8678607494157,"","=HYPERLINK(""Frames_for_Analysis/342_20250730_0001_R_2185.jpg"",""342_20250730_0001_R_2185.jpg"")","",""
342,343,145.746624107082,-16.8677795970876,"","=HYPERLINK(""Frames_for_Analysis/343_20250730_0001_R_2183.jpg"",""343_20250730_0001_R_2183.jpg"")","",""
343,344,145.746603532355,-16.8676959155579,"","=HYPERLINK(""Frames_for_Analysis/344_20250730_0001_R_2180.jpg"",""344_20250730_0001_R_2180.jpg"")","",""
344,345,145.7465864348,-16.8676117538804,"50","=HYPERLINK(""Frames_for_Analysis/345_20250730_0001_R_2178.jpg"",""345_20250730_0001_R_2178.jpg"")","",""
345,346,145.746581451802,-16.8675259194468,"","=HYPERLINK(""Frames_for_Analysis/346_20250730_0001_R_2175.jpg"",""346_20250730_0001_R_2175.jpg"")","",""
346,347,145.746576468804,-16.8674400849742,"","=HYPERLINK(""Frames_for_Analysis/347_20250730_0001_R_2173.jpg"",""347_20250730_0001_R_2173.jpg"")","",""
347,348,145.746571485806,-16.8673542504626,"","=HYPERLINK(""Frames_for_Analysis/348_20250730_0001_R_2170.jpg"",""348_20250730_0001_R_2170.jpg"")","",""
348,349,145.746566502807,-16.867268415912,"","=HYPERLINK(""Frames_for_Analysis/349_20250730_0001_R_2167.jpg"",""349_20250730_0001_R_2167.jpg"")","",""
349,350,145.746564974635,-16.8671825381798,"50","=HYPERLINK(""Frames_for_Analysis/350_20250730_0001_R_2165.jpg"",""350_20250730_0001_R_2165.jpg"")","",""
350,351,145.74656761552,-16.8670966083469,"","=HYPERLINK(""Frames_for_Analysis/351_20250730_0001_R_2163.jpg"",""351_20250730_0001_R_2163.jpg"")","",""
351,352,145.746570256405,-16.8670106784749,"","=HYPERLINK(""Frames_for_Analysis/352_20250730_0001_R_2160.jpg"",""352_20250730_0001_R_2160.jpg"")","",""
352,353,145.74657289729,-16.8669247485638,"","=HYPERLINK(""Frames_for_Analysis/353_20250730_0001_R_2158.jpg"",""353_20250730_0001_R_2158.jpg"")","",""
353,354,145.746575538174,-16.8668388186136,"","=HYPERLINK(""Frames_for_Analysis/354_20250730_0001_R_2155.jpg"",""354_20250730_0001_R_2155.jpg"")","",""
354,355,145.746589739943,-16.8667539682495,"50","=HYPERLINK(""Frames_for_Analysis/355_20250730_0001_R_2152.jpg"",""355_20250730_0001_R_2152.jpg"")","",""
355,356,145.746604508216,-16.866669170751,"","=HYPERLINK(""Frames_for_Analysis/356_20250730_0001_R_2150.jpg"",""356_20250730_0001_R_2150.jpg"")","",""
356,357,145.74661927649,-16.8665843732144,"","=HYPERLINK(""Frames_for_Analysis/357_20250730_0001_R_2147.jpg"",""357_20250730_0001_R_2147.jpg"")","",""
357,358,145.746634044763,-16.8664995756397,"","=HYPERLINK(""Frames_for_Analysis/358_20250730_0001_R_2144.jpg"",""358_20250730_0001_R_2144.jpg"")","",""
358,359,145.746648813036,-16.866414778027,"","=HYPERLINK(""Frames_for_Analysis/359_20250730_0001_R_2142.jpg"",""359_20250730_0001_R_2142.jpg"")","",""
359,360,145.746666072687,-16.8663304870875,"50","=HYPERLINK(""Frames_for_Analysis/360_20250730_0001_R_2139.jpg"",""360_20250730_0001_R_2139.jpg"")","",""
360,361,145.746688617077,-16.8662472709524,"","=HYPERLINK(""Frames_for_Analysis/361_20250730_0001_R_2137.jpg"",""361_20250730_0001_R_2137.jpg"")","",""
361,362,145.746711161468,-16.8661640547808,"","=HYPERLINK(""Frames_for_Analysis/362_20250730_0001_R_2134.jpg"",""362_20250730_0001_R_2134.jpg"")","",""
362,363,145.746733705858,-16.8660808385725,"","=HYPERLINK(""Frames_for_Analysis/363_20250730_0001_R_2132.jpg"",""363_20250730_0001_R_2132.jpg"")","",""
363,364,145.746765277256,-16.866000661293,"","=HYPERLINK(""Frames_for_Analysis/364_20250730_0001_R_2129.jpg"",""364_20250730_0001_R_2129.jpg"")","",""
364,365,145.746802140785,-16.8659222655901,"50","=HYPERLINK(""Frames_for_Analysis/365_20250730_0001_R_2126.jpg"",""365_20250730_0001_R_2126.jpg"")","",""
365,366,145.746839004314,-16.8658438698547,"","=HYPERLINK(""Frames_for_Analysis/366_20250730_0001_R_2124.jpg"",""366_20250730_0001_R_2124.jpg"")","",""
366,367,145.746880991722,-16.8657679443812,"","=HYPERLINK(""Frames_for_Analysis/367_20250730_0001_R_2122.jpg"",""367_20250730_0001_R_2122.jpg"")","",""
367,368,145.746924883643,-16.8656929370711,"","=HYPERLINK(""Frames_for_Analysis/368_20250730_0001_R_2119.jpg"",""368_20250730_0001_R_2119.jpg"")","",""
368,369,145.746968775565,-16.8656179297312,"","=HYPERLINK(""Frames_for_Analysis/369_20250730_0001_R_2116.jpg"",""369_20250730_0001_R_2116.jpg"")","",""
369,370,145.747012667487,-16.8655429223616,"50","=HYPERLINK(""Frames_for_Analysis/370_20250730_0001_R_2113.jpg"",""370_20250730_0001_R_2113.jpg"")","",""
370,371,145.747064097325,-16.8654724717505,"","=HYPERLINK(""Frames_for_Analysis/371_20250730_0001_R_2109.jpg"",""371_20250730_0001_R_2109.jpg"")","",""
371,372,145.747116021518,-16.8654023199586,"","=HYPERLINK(""Frames_for_Analysis/372_20250730_0001_R_2106.jpg"",""372_20250730_0001_R_2106.jpg"")","",""
372,373,145.747167945711,-16.8653321681408,"","=HYPERLINK(""Frames_for_Analysis/373_20250730_0001_R_2102.jpg"",""373_20250730_0001_R_2102.jpg"")","",""
373,374,145.747219310306,-16.8652616953045,"","=HYPERLINK(""Frames_for_Analysis/374_20250730_0001_R_2099.jpg"",""374_20250730_0001_R_2099.jpg"")","",""
374,375,145.747259484153,-16.8651848032959,"50","=HYPERLINK(""Frames_for_Analysis/375_20250730_0001_R_2095.jpg"",""375_20250730_0001_R_2095.jpg"")","",""
375,376,145.747299658001,-16.865107911256,"","=HYPERLINK(""Frames_for_Analysis/376_20250730_0001_R_2092.jpg"",""376_20250730_0001_R_2092.jpg"")","",""
376,377,145.747342935311,-16.8650327007608,"","=HYPERLINK(""Frames_for_Analysis/377_20250730_0001_R_2088.jpg"",""377_20250730_0001_R_2088.jpg"")","",""
377,378,145.747391163652,-16.864960172897,"","=HYPERLINK(""Frames_for_Analysis/378_20250730_0001_R_2085.jpg"",""378_20250730_0001_R_2085.jpg"")","",""
378,379,145.747434072655,-16.864884762776,"","=HYPERLINK(""Frames_for_Analysis/379_20250730_0001_R_2081.jpg"",""379_20250730_0001_R_2081.jpg"")","",""
379,380,145.747474246596,-16.8648078706586,"50","=HYPERLINK(""Frames_for_Analysis/380_20250730_0001_R_2078.jpg"",""380_20250730_0001_R_2078.jpg"")","",""
380,381,145.747514420536,-16.8647309785099,"","=HYPERLINK(""Frames_for_Analysis/381_20250730_0001_R_2075.jpg"",""381_20250730_0001_R_2075.jpg"")","",""
381,382,145.747551232137,-16.8646525939491,"","=HYPERLINK(""Frames_for_Analysis/382_20250730_0001_R_2071.jpg"",""382_20250730_0001_R_2071.jpg"")","",""
382,383,145.747586618395,-16.8645735767143,"","=HYPERLINK(""Frames_for_Analysis/383_20250730_0001_R_2067.jpg"",""383_20250730_0001_R_2067.jpg"")","",""
383,384,145.747620061713,-16.8644937997173,"","=HYPERLINK(""Frames_for_Analysis/384_20250730_0001_R_2063.jpg"",""384_20250730_0001_R_2063.jpg"")","",""
384,385,145.747652620972,-16.8644136770014,"50","=HYPERLINK(""Frames_for_Analysis/385_20250730_0001_R_2060.jpg"",""385_20250730_0001_R_2060.jpg"")","",""
385,386,145.747682826458,-16.8643329356354,"","=HYPERLINK(""Frames_for_Analysis/386_20250730_0001_R_2057.jpg"",""386_20250730_0001_R_2057.jpg"")","",""
386,387,145.747697594809,-16.864248137063,"","=HYPERLINK(""Frames_for_Analysis/387_20250730_0001_R_2054.jpg"",""387_20250730_0001_R_2054.jpg"")","",""
387,388,145.747712803956,-16.8641634108254,"","=HYPERLINK(""Frames_for_Analysis/388_20250730_0001_R_2051.jpg"",""388_20250730_0001_R_2051.jpg"")","",""
388,389,145.747728415286,-16.8640787505831,"","=HYPERLINK(""Frames_for_Analysis/389_20250730_0001_R_2048.jpg"",""389_20250730_0001_R_2048.jpg"")","",""
389,390,145.747741314561,-16.8639938006891,"50","=HYPERLINK(""Frames_for_Analysis/390_20250730_0001_R_2044.jpg"",""390_20250730_0001_R_2044.jpg"")","",""
390,391,145.74774558728,-16.8639079295475,"","=HYPERLINK(""Frames_for_Analysis/391_20250730_0001_R_2041.jpg"",""391_20250730_0001_R_2041.jpg"")","",""
391,392,145.747749859999,-16.8638220583668,"","=HYPERLINK(""Frames_for_Analysis/392_20250730_0001_R_2037.jpg"",""392_20250730_0001_R_2037.jpg"")","",""
392,393,145.74773219963,-16.863741096461,"","=HYPERLINK(""Frames_for_Analysis/393_20250730_0001_R_2033.jpg"",""393_20250730_0001_R_2033.jpg"")","",""
393,394,145.74768857348,-16.8636659464804,"","=HYPERLINK(""Frames_for_Analysis/394_20250730_0001_R_2030.jpg"",""394_20250730_0001_R_2030.jpg"")","",""
394,395,145.747644947329,-16.8635907964698,"50","=HYPERLINK(""Frames_for_Analysis/395_20250730_0001_R_2027.jpg"",""395_20250730_0001_R_2027.jpg"")","",""
395,396,145.747604676405,-16.8635139811821,"","=HYPERLINK(""Frames_for_Analysis/396_20250730_0001_R_2024.jpg"",""396_20250730_0001_R_2024.jpg"")","",""
396,397,145.747565622345,-16.8634365619157,"","=HYPERLINK(""Frames_for_Analysis/397_20250730_0001_R_2020.jpg"",""397_20250730_0001_R_2020.jpg"")","",""
397,398,145.747526568285,-16.8633591426176,"","=HYPERLINK(""Frames_for_Analysis/398_20250730_0001_R_2017.jpg"",""398_20250730_0001_R_2017.jpg"")","",""
398,399,145.747487514225,-16.8632817232878,"","=HYPERLINK(""Frames_for_Analysis/399_20250730_0001_R_2014.jpg"",""399_20250730_0001_R_2014.jpg"")","",""
399,400,145.747441427868,-16.8632083989293,"50","=HYPERLINK(""Frames_for_Analysis/400_20250730_0001_R_2011.jpg"",""400_20250730_0001_R_2011.jpg"")","",""
400,401,145.747387528872,-16.8631396239512,"","=HYPERLINK(""Frames_for_Analysis/401_20250730_0001_R_2009.jpg"",""401_20250730_0001_R_2009.jpg"")","",""
401,402,145.747333629876,-16.8630708489481,"","=HYPERLINK(""Frames_for_Analysis/402_20250730_0001_R_2005.jpg"",""402_20250730_0001_R_2005.jpg"")","",""
402,403,145.74727973088,-16.8630020739199,"","=HYPERLINK(""Frames_for_Analysis/403_20250730_0001_R_2002.jpg"",""403_20250730_0001_R_2002.jpg"")","",""
403,404,145.747225831884,-16.8629332988668,"","=HYPERLINK(""Frames_for_Analysis/404_20250730_0001_R_1999.jpg"",""404_20250730_0001_R_1999.jpg"")","",""
404,405,145.747167191575,-16.8628682222213,"50","=HYPERLINK(""Frames_for_Analysis/405_20250730_0001_R_1996.jpg"",""405_20250730_0001_R_1996.jpg"")","",""
405,406,145.747107671626,-16.8628038317116,"","=HYPERLINK(""Frames_for_Analysis/406_20250730_0001_R_1993.jpg"",""406_20250730_0001_R_1993.jpg"")","",""
406,407,145.747048151677,-16.86273944118,"","=HYPERLINK(""Frames_for_Analysis/407_20250730_0001_R_1990.jpg"",""407_20250730_0001_R_1990.jpg"")","",""
407,408,145.746988631727,-16.8626750506265,"","=HYPERLINK(""Frames_for_Analysis/408_20250730_0001_R_1987.jpg"",""408_20250730_0001_R_1987.jpg"")","",""
408,409,145.746928597382,-16.8626111092542,"","=HYPERLINK(""Frames_for_Analysis/409_20250730_0001_R_1984.jpg"",""409_20250730_0001_R_1984.jpg"")","",""
409,410,145.746867029955,-16.8625485066444,"50","=HYPERLINK(""Frames_for_Analysis/410_20250730_0001_R_1981.jpg"",""410_20250730_0001_R_1981.jpg"")","",""
410,411,145.746805462528,-16.8624859040138,"","=HYPERLINK(""Frames_for_Analysis/411_20250730_0001_R_1978.jpg"",""411_20250730_0001_R_1978.jpg"")","",""
411,412,145.746744288069,-16.8624229600608,"","=HYPERLINK(""Frames_for_Analysis/412_20250730_0001_R_1976.jpg"",""412_20250730_0001_R_1976.jpg"")","",""
412,413,145.746685133662,-16.8623582616252,"","=HYPERLINK(""Frames_for_Analysis/413_20250730_0001_R_1973.jpg"",""413_20250730_0001_R_1973.jpg"")","",""
413,414,145.746625979255,-16.8622935631674,"","=HYPERLINK(""Frames_for_Analysis/414_20250730_0001_R_1970.jpg"",""414_20250730_0001_R_1970.jpg"")","",""
414,415,145.746566824847,-16.8622288646876,"50","=HYPERLINK(""Frames_for_Analysis/415_20250730_0001_R_1967.jpg"",""415_20250730_0001_R_1967.jpg"")","",""
415,416,145.74650767044,-16.8621641661856,"","=HYPERLINK(""Frames_for_Analysis/416_20250730_0001_R_1964.jpg"",""416_20250730_0001_R_1964.jpg"")","",""
416,417,145.746457318748,-16.8620930179919,"","=HYPERLINK(""Frames_for_Analysis/417_20250730_0001_R_1961.jpg"",""417_20250730_0001_R_1961.jpg"")","",""
417,418,145.746407489235,-16.8620214871755,"","=HYPERLINK(""Frames_for_Analysis/418_20250730_0001_R_1958.jpg"",""418_20250730_0001_R_1958.jpg"")","",""
418,419,145.746357659721,-16.8619499563321,"","=HYPERLINK(""Frames_for_Analysis/419_20250730_0001_R_1956.jpg"",""419_20250730_0001_R_1956.jpg"")","",""
419,420,145.7462973549,-16.8618871487011,"50","=HYPERLINK(""Frames_for_Analysis/420_20250730_0001_R_1953.jpg"",""420_20250730_0001_R_1953.jpg"")","",""
420,421,145.746230213899,-16.8618300338314,"","=HYPERLINK(""Frames_for_Analysis/421_20250730_0001_R_1950.jpg"",""421_20250730_0001_R_1950.jpg"")","",""
421,422,145.746163072898,-16.8617729189445,"","=HYPERLINK(""Frames_for_Analysis/422_20250730_0001_R_1948.jpg"",""422_20250730_0001_R_1948.jpg"")","",""
422,423,145.746095931898,-16.8617158040403,"","=HYPERLINK(""Frames_for_Analysis/423_20250730_0001_R_1945.jpg"",""423_20250730_0001_R_1945.jpg"")","",""
423,424,145.746028790897,-16.8616586891189,"","=HYPERLINK(""Frames_for_Analysis/424_20250730_0001_R_1942.jpg"",""424_20250730_0001_R_1942.jpg"")","",""
424,425,145.745958869107,-16.8616047500163,"50","=HYPERLINK(""Frames_for_Analysis/425_20250730_0001_R_1939.jpg"",""425_20250730_0001_R_1939.jpg"")","",""
425,426,145.745888361888,-16.8615514794958,"","=HYPERLINK(""Frames_for_Analysis/426_20250730_0001_R_1936.jpg"",""426_20250730_0001_R_1936.jpg"")","",""
426,427,145.745817854668,-16.8614982089603,"","=HYPERLINK(""Frames_for_Analysis/427_20250730_0001_R_1933.jpg"",""427_20250730_0001_R_1933.jpg"")","",""
427,428,145.745747347449,-16.8614449384098,"","=HYPERLINK(""Frames_for_Analysis/428_20250730_0001_R_1930.jpg"",""428_20250730_0001_R_1930.jpg"")","",""
428,429,145.74567684023,-16.8613916678442,"","=HYPERLINK(""Frames_for_Analysis/429_20250730_0001_R_1927.jpg"",""429_20250730_0001_R_1927.jpg"")","",""
429,430,145.74560633301,-16.8613383972637,"50","=HYPERLINK(""Frames_for_Analysis/430_20250730_0001_R_1924.jpg"",""430_20250730_0001_R_1924.jpg"")","",""
430,431,145.745534041132,-16.8612874782926,"","=HYPERLINK(""Frames_for_Analysis/431_20250730_0001_R_1922.jpg"",""431_20250730_0001_R_1922.jpg"")","",""
431,432,145.745459296802,-16.8612397908763,"","=HYPERLINK(""Frames_for_Analysis/432_20250730_0001_R_1919.jpg"",""432_20250730_0001_R_1919.jpg"")","",""
432,433,145.745384552471,-16.8611921034478,"","=HYPERLINK(""Frames_for_Analysis/433_20250730_0001_R_1916.jpg"",""433_20250730_0001_R_1916.jpg"")","",""
433,434,145.745309808141,-16.8611444160074,"","=HYPERLINK(""Frames_for_Analysis/434_20250730_0001_R_1913.jpg"",""434_20250730_0001_R_1913.jpg"")","",""
434,435,145.745234895673,-16.8610969770818,"50","=HYPERLINK(""Frames_for_Analysis/435_20250730_0001_R_1910.jpg"",""435_20250730_0001_R_1910.jpg"")","",""
435,436,145.745158841043,-16.8610512263897,"","=HYPERLINK(""Frames_for_Analysis/436_20250730_0001_R_1907.jpg"",""436_20250730_0001_R_1907.jpg"")","",""
436,437,145.745082786413,-16.8610054756866,"","=HYPERLINK(""Frames_for_Analysis/437_20250730_0001_R_1903.jpg"",""437_20250730_0001_R_1903.jpg"")","",""
437,438,145.745006731783,-16.8609597249723,"","=HYPERLINK(""Frames_for_Analysis/438_20250730_0001_R_1900.jpg"",""438_20250730_0001_R_1900.jpg"")","",""
438,439,145.744930677153,-16.860913974247,"","=HYPERLINK(""Frames_for_Analysis/439_20250730_0001_R_1898.jpg"",""439_20250730_0001_R_1898.jpg"")","",""
439,440,145.744854622522,-16.8608682235106,"50","=HYPERLINK(""Frames_for_Analysis/440_20250730_0001_R_1895.jpg"",""440_20250730_0001_R_1895.jpg"")","",""
440,441,145.744773720283,-16.8608315868592,"","=HYPERLINK(""Frames_for_Analysis/441_20250730_0001_R_1892.jpg"",""441_20250730_0001_R_1892.jpg"")","",""
441,442,145.74469031375,-16.8607996585804,"","=HYPERLINK(""Frames_for_Analysis/442_20250730_0001_R_1889.jpg"",""442_20250730_0001_R_1889.jpg"")","",""
442,443,145.744606907216,-16.8607677302962,"","=HYPERLINK(""Frames_for_Analysis/443_20250730_0001_R_1887.jpg"",""443_20250730_0001_R_1887.jpg"")","",""
443,444,145.744523500682,-16.8607358020067,"","=HYPERLINK(""Frames_for_Analysis/444_20250730_0001_R_1884.jpg"",""444_20250730_0001_R_1884.jpg"")","",""
444,445,145.744440094149,-16.8607038737117,"50","=HYPERLINK(""Frames_for_Analysis/445_20250730_0001_R_1881.jpg"",""445_20250730_0001_R_1881.jpg"")","",""
445,446,145.744352805969,-16.8606864594703,"","=HYPERLINK(""Frames_for_Analysis/446_20250730_0001_R_1878.jpg"",""446_20250730_0001_R_1878.jpg"")","",""
446,447,145.744263627194,-16.8606761144435,"","=HYPERLINK(""Frames_for_Analysis/447_20250730_0001_R_1875.jpg"",""447_20250730_0001_R_1875.jpg"")","",""
447,448,145.74417444842,-16.8606657694161,"","=HYPERLINK(""Frames_for_Analysis/448_20250730_0001_R_1871.jpg"",""448_20250730_0001_R_1871.jpg"")","",""
448,449,145.744085269646,-16.8606554243882,"","=HYPERLINK(""Frames_for_Analysis/449_20250730_0001_R_1868.jpg"",""449_20250730_0001_R_1868.jpg"")","",""
449,450,145.743996475037,-16.8606529432078,"50","=HYPERLINK(""Frames_for_Analysis/450_20250730_0001_R_1865.jpg"",""450_20250730_0001_R_1865.jpg"")","",""
450,451,145.743908693809,-16.8606712058498,"","=HYPERLINK(""Frames_for_Analysis/451_20250730_0001_R_1862.jpg"",""451_20250730_0001_R_1862.jpg"")","",""
451,452,145.743820912581,-16.8606894684901,"","=HYPERLINK(""Frames_for_Analysis/452_20250730_0001_R_1860.jpg"",""452_20250730_0001_R_1860.jpg"")","",""
452,453,145.743734686951,-16.8607116253678,"","=HYPERLINK(""Frames_for_Analysis/453_20250730_0001_R_1857.jpg"",""453_20250730_0001_R_1857.jpg"")","",""
453,454,145.743656561756,-16.8607540606197,"","=HYPERLINK(""Frames_for_Analysis/454_20250730_0001_R_1854.jpg"",""454_20250730_0001_R_1854.jpg"")","",""
454,455,145.743578436561,-16.860796495862,"50","=HYPERLINK(""Frames_for_Analysis/455_20250730_0001_R_1851.jpg"",""455_20250730_0001_R_1851.jpg"")","",""
455,456,145.743500311365,-16.8608389310949,"","=HYPERLINK(""Frames_for_Analysis/456_20250730_0001_R_1848.jpg"",""456_20250730_0001_R_1848.jpg"")","",""
456,457,145.74342218617,-16.8608813663182,"","=HYPERLINK(""Frames_for_Analysis/457_20250730_0001_R_1845.jpg"",""457_20250730_0001_R_1845.jpg"")","",""
457,458,145.743344060974,-16.8609238015319,"","=HYPERLINK(""Frames_for_Analysis/458_20250730_0001_R_1842.jpg"",""458_20250730_0001_R_1842.jpg"")","",""
458,459,145.743267562338,-16.8609687824921,"","=HYPERLINK(""Frames_for_Analysis/459_20250730_0001_R_1840.jpg"",""459_20250730_0001_R_1840.jpg"")","",""
459,460,145.743192489642,-16.8610159952037,"50","=HYPERLINK(""Frames_for_Analysis/460_20250730_0001_R_1837.jpg"",""460_20250730_0001_R_1837.jpg"")","",""
460,461,145.743117416946,-16.8610632079035,"","=HYPERLINK(""Frames_for_Analysis/461_20250730_0001_R_1834.jpg"",""461_20250730_0001_R_1834.jpg"")","",""
461,462,145.74304234425,-16.8611104205915,"","=HYPERLINK(""Frames_for_Analysis/462_20250730_0001_R_1831.jpg"",""462_20250730_0001_R_1831.jpg"")","",""
462,463,145.742967271554,-16.8611576332677,"","=HYPERLINK(""Frames_for_Analysis/463_20250730_0001_R_1828.jpg"",""463_20250730_0001_R_1828.jpg"")","",""
463,464,145.742892198857,-16.8612048459321,"","=HYPERLINK(""Frames_for_Analysis/464_20250730_0001_R_1825.jpg"",""464_20250730_0001_R_1825.jpg"")","",""
464,465,145.742817126161,-16.8612520585848,"50","=HYPERLINK(""Frames_for_Analysis/465_20250730_0001_R_1822.jpg"",""465_20250730_0001_R_1822.jpg"")","",""
465,466,145.742742053465,-16.8612992712256,"","=HYPERLINK(""Frames_for_Analysis/466_20250730_0001_R_1819.jpg"",""466_20250730_0001_R_1819.jpg"")","",""
466,467,145.742666980769,-16.8613464838546,"","=HYPERLINK(""Frames_for_Analysis/467_20250730_0001_R_1816.jpg"",""467_20250730_0001_R_1816.jpg"")","",""
467,468,145.742591908073,-16.8613936964719,"","=HYPERLINK(""Frames_for_Analysis/468_20250730_0001_R_1814.jpg"",""468_20250730_0001_R_1814.jpg"")","",""
468,469,145.742516835377,-16.8614409090773,"","=HYPERLINK(""Frames_for_Analysis/469_20250730_0001_R_1811.jpg"",""469_20250730_0001_R_1811.jpg"")","",""
469,470,145.742449423716,-16.8614964091319,"50","=HYPERLINK(""Frames_for_Analysis/470_20250730_0001_R_1808.jpg"",""470_20250730_0001_R_1808.jpg"")","",""
470,471,145.742391304727,-16.8615619616797,"","=HYPERLINK(""Frames_for_Analysis/471_20250730_0001_R_1805.jpg"",""471_20250730_0001_R_1805.jpg"")","",""
471,472,145.742333185738,-16.8616275142048,"","=HYPERLINK(""Frames_for_Analysis/472_20250730_0001_R_1802.jpg"",""472_20250730_0001_R_1802.jpg"")","",""
472,473,145.742275066749,-16.8616930667072,"","=HYPERLINK(""Frames_for_Analysis/473_20250730_0001_R_1800.jpg"",""473_20250730_0001_R_1800.jpg"")","",""
473,474,145.74221694776,-16.8617586191869,"","=HYPERLINK(""Frames_for_Analysis/474_20250730_0001_R_1797.jpg"",""474_20250730_0001_R_1797.jpg"")","",""
474,475,145.742158828771,-16.8618241716438,"50","=HYPERLINK(""Frames_for_Analysis/475_20250730_0001_R_1794.jpg"",""475_20250730_0001_R_1794.jpg"")","",""
475,476,145.742103775861,-16.8618920657905,"","=HYPERLINK(""Frames_for_Analysis/476_20250730_0001_R_1791.jpg"",""476_20250730_0001_R_1791.jpg"")","",""
476,477,145.742049877072,-16.8619608413711,"","=HYPERLINK(""Frames_for_Analysis/477_20250730_0001_R_1789.jpg"",""477_20250730_0001_R_1789.jpg"")","",""
477,478,145.74199484976,-16.8620286105921,"","=HYPERLINK(""Frames_for_Analysis/478_20250730_0001_R_1786.jpg"",""478_20250730_0001_R_1786.jpg"")","",""
478,479,145.741926964997,-16.8620849144493,"","=HYPERLINK(""Frames_for_Analysis/479_20250730_0001_R_1781.jpg"",""479_20250730_0001_R_1781.jpg"")","",""
479,480,145.741859080234,-16.8621412182898,"50","=HYPERLINK(""Frames_for_Analysis/480_20250730_0001_R_1779.jpg"",""480_20250730_0001_R_1779.jpg"")","",""
480,481,145.741795311706,-16.8622014613796,"","=HYPERLINK(""Frames_for_Analysis/481_20250730_0001_R_1776.jpg"",""481_20250730_0001_R_1776.jpg"")","",""
481,482,145.741736478213,-16.8622664273142,"","=HYPERLINK(""Frames_for_Analysis/482_20250730_0001_R_1773.jpg"",""482_20250730_0001_R_1773.jpg"")","",""
482,483,145.741677644721,-16.8623313932264,"","=HYPERLINK(""Frames_for_Analysis/483_20250730_0001_R_1770.jpg"",""483_20250730_0001_R_1770.jpg"")","",""
483,484,145.741618108957,-16.862395769223,"","=HYPERLINK(""Frames_for_Analysis/484_20250730_0001_R_1767.jpg"",""484_20250730_0001_R_1767.jpg"")","",""
484,485,145.741558428183,-16.8624600233919,"50","=HYPERLINK(""Frames_for_Analysis/485_20250730_0001_R_1764.jpg"",""485_20250730_0001_R_1764.jpg"")","",""
485,486,145.741498747408,-16.862524277539,"","=HYPERLINK(""Frames_for_Analysis/486_20250730_0001_R_1761.jpg"",""486_20250730_0001_R_1761.jpg"")","",""
486,487,145.741439066634,-16.8625885316643,"","=HYPERLINK(""Frames_for_Analysis/487_20250730_0001_R_1758.jpg"",""487_20250730_0001_R_1758.jpg"")","",""
487,488,145.741381988221,-16.8626538531159,"","=HYPERLINK(""Frames_for_Analysis/488_20250730_0001_R_1756.jpg"",""488_20250730_0001_R_1756.jpg"")","",""
488,489,145.741374527754,-16.8627395251396,"","=HYPERLINK(""Frames_for_Analysis/489_20250730_0001_R_1753.jpg"",""489_20250730_0001_R_1753.jpg"")","",""
489,490,145.741374559077,-16.8628251378734,"50","=HYPERLINK(""Frames_for_Analysis/490_20250730_0001_R_1750.jpg"",""490_20250730_0001_R_1750.jpg"")","",""
490,491,145.74137403179,-16.862907290769,"","=HYPERLINK(""Frames_for_Analysis/491_20250730_0001_R_1748.jpg"",""491_20250730_0001_R_1748.jpg"")","",""
491,492,145.741308616424,-16.8629662107701,"","=HYPERLINK(""Frames_for_Analysis/492_20250730_0001_R_1745.jpg"",""492_20250730_0001_R_1745.jpg"")","",""
492,493,145.741243201057,-16.8630251307528,"","=HYPERLINK(""Frames_for_Analysis/493_20250730_0001_R_1743.jpg"",""493_20250730_0001_R_1743.jpg"")","",""
493,494,145.741178418379,-16.8630845580063,"","=HYPERLINK(""Frames_for_Analysis/494_20250730_0001_R_1740.jpg"",""494_20250730_0001_R_1740.jpg"")","",""
494,495,145.741129258184,-16.8631565113264,"50","=HYPERLINK(""Frames_for_Analysis/495_20250730_0001_R_1737.jpg"",""495_20250730_0001_R_1737.jpg"")","",""
495,496,145.741080097988,-16.8632284646192,"","=HYPERLINK(""Frames_for_Analysis/496_20250730_0001_R_1734.jpg"",""496_20250730_0001_R_1734.jpg"")","",""
496,497,145.741030937792,-16.8633004178846,"","=HYPERLINK(""Frames_for_Analysis/497_20250730_0001_R_1731.jpg"",""497_20250730_0001_R_1731.jpg"")","",""
497,498,145.740981777597,-16.8633723711225,"","=HYPERLINK(""Frames_for_Analysis/498_20250730_0001_R_1728.jpg"",""498_20250730_0001_R_1728.jpg"")","",""
498,499,145.74092352341,-16.86343774384,"","=HYPERLINK(""Frames_for_Analysis/499_20250730_0001_R_1726.jpg"",""499_20250730_0001_R_1726.jpg"")","",""
499,500,145.740864577906,-16.8635026162921,"50","=HYPERLINK(""Frames_for_Analysis/500_20250730_0001_R_1723.jpg"",""500_20250730_0001_R_1723.jpg"")","",""
500,501,145.740805632402,-16.8635674887218,"","=HYPERLINK(""Frames_for_Analysis/501_20250730_0001_R_1720.jpg"",""501_20250730_0001_R_1720.jpg"")","",""
501,502,145.740746686898,-16.8636323611294,"","=HYPERLINK(""Frames_for_Analysis/502_20250730_0001_R_1718.jpg"",""502_20250730_0001_R_1718.jpg"")","",""
502,503,145.740694040516,-16.8637019704927,"","=HYPERLINK(""Frames_for_Analysis/503_20250730_0001_R_1715.jpg"",""503_20250730_0001_R_1715.jpg"")","",""
503,504,145.740642116253,-16.8637721228684,"","=HYPERLINK(""Frames_for_Analysis/504_20250730_0001_R_1712.jpg"",""504_20250730_0001_R_1712.jpg"")","",""
504,505,145.74059019199,-16.8638422752181,"50","=HYPERLINK(""Frames_for_Analysis/505_20250730_0001_R_1709.jpg"",""505_20250730_0001_R_1709.jpg"")","",""
505,506,145.740538249713,-16.8639124148135,"","=HYPERLINK(""Frames_for_Analysis/506_20250730_0001_R_1706.jpg"",""506_20250730_0001_R_1706.jpg"")","",""
506,507,145.740483478569,-16.8639805555404,"","=HYPERLINK(""Frames_for_Analysis/507_20250730_0001_R_1703.jpg"",""507_20250730_0001_R_1703.jpg"")","",""
507,508,145.740428707425,-16.8640486962428,"","=HYPERLINK(""Frames_for_Analysis/508_20250730_0001_R_1700.jpg"",""508_20250730_0001_R_1700.jpg"")","",""
508,509,145.74037393628,-16.8641168369206,"","=HYPERLINK(""Frames_for_Analysis/509_20250730_0001_R_1697.jpg"",""509_20250730_0001_R_1697.jpg"")","",""
509,510,145.740319165136,-16.8641849775738,"50","=HYPERLINK(""Frames_for_Analysis/510_20250730_0001_R_1695.jpg"",""510_20250730_0001_R_1695.jpg"")","",""
510,511,145.740268524247,-16.8642559015165,"","=HYPERLINK(""Frames_for_Analysis/511_20250730_0001_R_1692.jpg"",""511_20250730_0001_R_1692.jpg"")","",""
511,512,145.740219946947,-16.8643282160528,"","=HYPERLINK(""Frames_for_Analysis/512_20250730_0001_R_1689.jpg"",""512_20250730_0001_R_1689.jpg"")","",""
512,513,145.740156594576,-16.8643847798216,"","=HYPERLINK(""Frames_for_Analysis/513_20250730_0001_R_1686.jpg"",""513_20250730_0001_R_1686.jpg"")","",""
513,514,145.740082070769,-16.8644304984339,"","=HYPERLINK(""Frames_for_Analysis/514_20250730_0001_R_1684.jpg"",""514_20250730_0001_R_1684.jpg"")","",""
514,515,145.740022390049,-16.8644947519572,"50","=HYPERLINK(""Frames_for_Analysis/515_20250730_0001_R_1681.jpg"",""515_20250730_0001_R_1681.jpg"")","",""
515,516,145.739983006106,-16.8645705126911,"","=HYPERLINK(""Frames_for_Analysis/516_20250730_0001_R_1678.jpg"",""516_20250730_0001_R_1678.jpg"")","",""
516,517,145.739952792456,-16.8646514724788,"","=HYPERLINK(""Frames_for_Analysis/517_20250730_0001_R_1676.jpg"",""517_20250730_0001_R_1676.jpg"")","",""
517,518,145.739918051048,-16.8647306984394,"","=HYPERLINK(""Frames_for_Analysis/518_20250730_0001_R_1673.jpg"",""518_20250730_0001_R_1673.jpg"")","",""
518,519,145.739876403873,-16.8648065816254,"","=HYPERLINK(""Frames_for_Analysis/519_20250730_0001_R_1670.jpg"",""519_20250730_0001_R_1670.jpg"")","",""
519,520,145.739827602844,-16.8648787578611,"50","=HYPERLINK(""Frames_for_Analysis/520_20250730_0001_R_1667.jpg"",""520_20250730_0001_R_1667.jpg"")","",""
520,521,145.739778801816,-16.8649509340692,"","=HYPERLINK(""Frames_for_Analysis/521_20250730_0001_R_1665.jpg"",""521_20250730_0001_R_1665.jpg"")","",""
521,522,145.739736389037,-16.8650266023066,"","=HYPERLINK(""Frames_for_Analysis/522_20250730_0001_R_1662.jpg"",""522_20250730_0001_R_1662.jpg"")","",""
522,523,145.739696214938,-16.8651034942595,"","=HYPERLINK(""Frames_for_Analysis/523_20250730_0001_R_1659.jpg"",""523_20250730_0001_R_1659.jpg"")","",""
523,524,145.739648972841,-16.8651764062093,"","=HYPERLINK(""Frames_for_Analysis/524_20250730_0001_R_1656.jpg"",""524_20250730_0001_R_1656.jpg"")","",""
524,525,145.73959824648,-16.8652473561523,"50","=HYPERLINK(""Frames_for_Analysis/525_20250730_0001_R_1653.jpg"",""525_20250730_0001_R_1653.jpg"")","",""
525,526,145.73954752012,-16.8653183060686,"","=HYPERLINK(""Frames_for_Analysis/526_20250730_0001_R_1650.jpg"",""526_20250730_0001_R_1650.jpg"")","",""
526,527,145.739494031588,-16.8653873264229,"","=HYPERLINK(""Frames_for_Analysis/527_20250730_0001_R_1648.jpg"",""527_20250730_0001_R_1648.jpg"")","",""
527,528,145.739438880204,-16.8654551851543,"","=HYPERLINK(""Frames_for_Analysis/528_20250730_0001_R_1645.jpg"",""528_20250730_0001_R_1645.jpg"")","",""
528,529,145.73938372882,-16.8655230438613,"","=HYPERLINK(""Frames_for_Analysis/529_20250730_0001_R_1642.jpg"",""529_20250730_0001_R_1642.jpg"")","",""
529,530,145.739325468431,-16.8655884054264,"50","=HYPERLINK(""Frames_for_Analysis/530_20250730_0001_R_1640.jpg"",""530_20250730_0001_R_1640.jpg"")","",""
530,531,145.739265199297,-16.8656521535677,"","=HYPERLINK(""Frames_for_Analysis/531_20250730_0001_R_1637.jpg"",""531_20250730_0001_R_1637.jpg"")","",""
531,532,145.739204930162,-16.8657159016876,"","=HYPERLINK(""Frames_for_Analysis/532_20250730_0001_R_1634.jpg"",""532_20250730_0001_R_1634.jpg"")","",""
532,533,145.739144661028,-16.8657796497859,"","=HYPERLINK(""Frames_for_Analysis/533_20250730_0001_R_1631.jpg"",""533_20250730_0001_R_1631.jpg"")","",""
533,534,145.739084898507,-16.865843832648,"","=HYPERLINK(""Frames_for_Analysis/534_20250730_0001_R_1628.jpg"",""534_20250730_0001_R_1628.jpg"")","",""
534,535,145.739025217745,-16.8659080856557,"50","=HYPERLINK(""Frames_for_Analysis/535_20250730_0001_R_1626.jpg"",""535_20250730_0001_R_1626.jpg"")","",""
535,536,145.738965536984,-16.8659723386417,"","=HYPERLINK(""Frames_for_Analysis/536_20250730_0001_R_1623.jpg"",""536_20250730_0001_R_1623.jpg"")","",""
536,537,145.738907522685,-16.8660379583331,"","=HYPERLINK(""Frames_for_Analysis/537_20250730_0001_R_1620.jpg"",""537_20250730_0001_R_1620.jpg"")","",""
537,538,145.738850310652,-16.8661042359693,"","=HYPERLINK(""Frames_for_Analysis/538_20250730_0001_R_1618.jpg"",""538_20250730_0001_R_1618.jpg"")","",""
538,539,145.738793098619,-16.8661705135823,"","=HYPERLINK(""Frames_for_Analysis/539_20250730_0001_R_1615.jpg"",""539_20250730_0001_R_1615.jpg"")","",""
539,540,145.738735886586,-16.8662367911721,"50","=HYPERLINK(""Frames_for_Analysis/540_20250730_0001_R_1612.jpg"",""540_20250730_0001_R_1612.jpg"")","",""
540,541,145.73867528065,-16.8663001906294,"","=HYPERLINK(""Frames_for_Analysis/541_20250730_0001_R_1609.jpg"",""541_20250730_0001_R_1609.jpg"")","",""
541,542,145.738613409129,-16.8663625168207,"","=HYPERLINK(""Frames_for_Analysis/542_20250730_0001_R_1606.jpg"",""542_20250730_0001_R_1606.jpg"")","",""
542,543,145.738551537609,-16.8664248429913,"","=HYPERLINK(""Frames_for_Analysis/543_20250730_0001_R_1604.jpg"",""543_20250730_0001_R_1604.jpg"")","",""
543,544,145.738490428553,-16.8664877713685,"","=HYPERLINK(""Frames_for_Analysis/544_20250730_0001_R_1601.jpg"",""544_20250730_0001_R_1601.jpg"")","",""
544,545,145.738438215104,-16.8665577258596,"50","=HYPERLINK(""Frames_for_Analysis/545_20250730_0001_R_1599.jpg"",""545_20250730_0001_R_1599.jpg"")","",""
545,546,145.738386001656,-16.8666276803249,"","=HYPERLINK(""Frames_for_Analysis/546_20250730_0001_R_1596.jpg"",""546_20250730_0001_R_1596.jpg"")","",""
546,547,145.738333788208,-16.8666976347643,"","=HYPERLINK(""Frames_for_Analysis/547_20250730_0001_R_1593.jpg"",""547_20250730_0001_R_1593.jpg"")","",""
547,548,145.73828157476,-16.8667675891777,"","=HYPERLINK(""Frames_for_Analysis/548_20250730_0001_R_1590.jpg"",""548_20250730_0001_R_1590.jpg"")","",""
548,549,145.738225348725,-16.8668344727794,"","=HYPERLINK(""Frames_for_Analysis/549_20250730_0001_R_1588.jpg"",""549_20250730_0001_R_1588.jpg"")","",""
549,550,145.738165519506,-16.8668985988829,"50","=HYPERLINK(""Frames_for_Analysis/550_20250730_0001_R_1585.jpg"",""550_20250730_0001_R_1585.jpg"")","",""
550,551,145.738105690286,-16.8669627249646,"","=HYPERLINK(""Frames_for_Analysis/551_20250730_0001_R_1582.jpg"",""551_20250730_0001_R_1582.jpg"")","",""
551,552,145.738045861066,-16.8670268510245,"","=HYPERLINK(""Frames_for_Analysis/552_20250730_0001_R_1579.jpg"",""552_20250730_0001_R_1579.jpg"")","",""
552,553,145.737986031847,-16.8670909770627,"","=HYPERLINK(""Frames_for_Analysis/553_20250730_0001_R_1576.jpg"",""553_20250730_0001_R_1576.jpg"")","",""
553,554,145.737925163979,-16.8671541903023,"","=HYPERLINK(""Frames_for_Analysis/554_20250730_0001_R_1573.jpg"",""554_20250730_0001_R_1573.jpg"")","",""
554,555,145.737863483592,-16.867216689468,"50","=HYPERLINK(""Frames_for_Analysis/555_20250730_0001_R_1571.jpg"",""555_20250730_0001_R_1571.jpg"")","",""
555,556,145.737801803204,-16.867279188613,"","=HYPERLINK(""Frames_for_Analysis/556_20250730_0001_R_1568.jpg"",""556_20250730_0001_R_1568.jpg"")","",""
556,557,145.73774302692,-16.8673439525712,"","=HYPERLINK(""Frames_for_Analysis/557_20250730_0001_R_1565.jpg"",""557_20250730_0001_R_1565.jpg"")","",""
557,558,145.73769151185,-16.8674143793365,"","=HYPERLINK(""Frames_for_Analysis/558_20250730_0001_R_1562.jpg"",""558_20250730_0001_R_1562.jpg"")","",""
558,559,145.73763999678,-16.8674848060755,"","=HYPERLINK(""Frames_for_Analysis/559_20250730_0001_R_1560.jpg"",""559_20250730_0001_R_1560.jpg"")","",""
559,560,145.737588442587,-16.8675552063137,"50","=HYPERLINK(""Frames_for_Analysis/560_20250730_0001_R_1557.jpg"",""560_20250730_0001_R_1557.jpg"")","",""
560,561,145.737536229176,-16.8676251604347,"","=HYPERLINK(""Frames_for_Analysis/561_20250730_0001_R_1554.jpg"",""561_20250730_0001_R_1554.jpg"")","",""
561,562,145.737484015764,-16.8676951145298,"","=HYPERLINK(""Frames_for_Analysis/562_20250730_0001_R_1551.jpg"",""562_20250730_0001_R_1551.jpg"")","",""
562,563,145.737431802353,-16.8677650685991,"","=HYPERLINK(""Frames_for_Analysis/563_20250730_0001_R_1547.jpg"",""563_20250730_0001_R_1547.jpg"")","",""
563,564,145.737375010447,-16.8678315445759,"","=HYPERLINK(""Frames_for_Analysis/564_20250730_0001_R_1544.jpg"",""564_20250730_0001_R_1544.jpg"")","",""
564,565,145.737315665143,-16.8678960808336,"50","=HYPERLINK(""Frames_for_Analysis/565_20250730_0001_R_1541.jpg"",""565_20250730_0001_R_1541.jpg"")","",""
565,566,145.73725631984,-16.8679606170692,"","=HYPERLINK(""Frames_for_Analysis/566_20250730_0001_R_1538.jpg"",""566_20250730_0001_R_1538.jpg"")","",""
566,567,145.737196974536,-16.8680251532828,"","=HYPERLINK(""Frames_for_Analysis/567_20250730_0001_R_1535.jpg"",""567_20250730_0001_R_1535.jpg"")","",""
567,568,145.737140891734,-16.8680919500808,"","=HYPERLINK(""Frames_for_Analysis/568_20250730_0001_R_1533.jpg"",""568_20250730_0001_R_1533.jpg"")","",""
568,569,145.737095345271,-16.8681660475435,"","=HYPERLINK(""Frames_for_Analysis/569_20250730_0001_R_1530.jpg"",""569_20250730_0001_R_1530.jpg"")","",""
569,570,145.737049798809,-16.8682401449771,"50","=HYPERLINK(""Frames_for_Analysis/570_20250730_0001_R_1527.jpg"",""570_20250730_0001_R_1527.jpg"")","",""
570,571,145.737012593765,-16.8683180929591,"","=HYPERLINK(""Frames_for_Analysis/571_20250730_0001_R_1524.jpg"",""571_20250730_0001_R_1524.jpg"")","",""
571,572,145.736980346144,-16.8683983293603,"","=HYPERLINK(""Frames_for_Analysis/572_20250730_0001_R_1522.jpg"",""572_20250730_0001_R_1522.jpg"")","",""
572,573,145.736932754216,-16.868470716099,"","=HYPERLINK(""Frames_for_Analysis/573_20250730_0001_R_1519.jpg"",""573_20250730_0001_R_1519.jpg"")","",""
573,574,145.736880950049,-16.8685409479711,"","=HYPERLINK(""Frames_for_Analysis/574_20250730_0001_R_1516.jpg"",""574_20250730_0001_R_1516.jpg"")","",""
574,575,145.736829648211,-16.8686114509454,"50","=HYPERLINK(""Frames_for_Analysis/575_20250730_0001_R_1513.jpg"",""575_20250730_0001_R_1513.jpg"")","",""
575,576,145.736793641974,-16.8686902095747,"","=HYPERLINK(""Frames_for_Analysis/576_20250730_0001_R_1510.jpg"",""576_20250730_0001_R_1510.jpg"")","",""
576,577,145.736757635736,-16.8687689681711,"","=HYPERLINK(""Frames_for_Analysis/577_20250730_0001_R_1507.jpg"",""577_20250730_0001_R_1507.jpg"")","",""
577,578,145.736722076758,-16.8688479120771,"","=HYPERLINK(""Frames_for_Analysis/578_20250730_0001_R_1504.jpg"",""578_20250730_0001_R_1504.jpg"")","",""
578,579,145.736686690496,-16.8689269275229,"","=HYPERLINK(""Frames_for_Analysis/579_20250730_0001_R_1501.jpg"",""579_20250730_0001_R_1501.jpg"")","",""
579,580,145.736660910421,-16.8690090397853,"50","=HYPERLINK(""Frames_for_Analysis/580_20250730_0001_R_1498.jpg"",""580_20250730_0001_R_1498.jpg"")","",""
580,581,145.736639122853,-16.8690924391189,"","=HYPERLINK(""Frames_for_Analysis/581_20250730_0001_R_1496.jpg"",""581_20250730_0001_R_1496.jpg"")","",""
581,582,145.736618754152,-16.8691761556525,"","=HYPERLINK(""Frames_for_Analysis/582_20250730_0001_R_1492.jpg"",""582_20250730_0001_R_1492.jpg"")","",""
582,583,145.736599671281,-16.8692601596406,"","=HYPERLINK(""Frames_for_Analysis/583_20250730_0001_R_1489.jpg"",""583_20250730_0001_R_1489.jpg"")","",""
583,584,145.736580588411,-16.8693441635914,"","=HYPERLINK(""Frames_for_Analysis/584_20250730_0001_R_1487.jpg"",""584_20250730_0001_R_1487.jpg"")","",""
584,585,145.736556587294,-16.8694267961219,"50","=HYPERLINK(""Frames_for_Analysis/585_20250730_0001_R_1485.jpg"",""585_20250730_0001_R_1485.jpg"")","",""
585,586,145.736525532239,-16.8695074617266,"","=HYPERLINK(""Frames_for_Analysis/586_20250730_0001_R_1482.jpg"",""586_20250730_0001_R_1482.jpg"")","",""
586,587,145.736494477183,-16.8695881272969,"","=HYPERLINK(""Frames_for_Analysis/587_20250730_0001_R_1478.jpg"",""587_20250730_0001_R_1478.jpg"")","",""
587,588,145.73648615761,-16.8696726732103,"","=HYPERLINK(""Frames_for_Analysis/588_20250730_0001_R_1476.jpg"",""588_20250730_0001_R_1476.jpg"")","",""
588,589,145.736485168306,-16.8697580539193,"","=HYPERLINK(""Frames_for_Analysis/589_20250730_0001_R_1473.jpg"",""589_20250730_0001_R_1473.jpg"")","",""
589,590,145.736412639068,-16.8698064609096,"50","=HYPERLINK(""Frames_for_Analysis/590_20250730_0001_R_1470.jpg"",""590_20250730_0001_R_1470.jpg"")","",""
590,591,145.736365028488,-16.8698793597487,"","=HYPERLINK(""Frames_for_Analysis/591_20250730_0001_R_1466.jpg"",""591_20250730_0001_R_1466.jpg"")","",""
591,592,145.736328794353,-16.8699577825931,"","=HYPERLINK(""Frames_for_Analysis/592_20250730_0001_R_1462.jpg"",""592_20250730_0001_R_1462.jpg"")","",""
592,593,145.736295431755,-16.8700375997295,"","=HYPERLINK(""Frames_for_Analysis/593_20250730_0001_R_1459.jpg"",""593_20250730_0001_R_1459.jpg"")","",""
593,594,145.736262069157,-16.8701174168323,"","=HYPERLINK(""Frames_for_Analysis/594_20250730_0001_R_1457.jpg"",""594_20250730_0001_R_1457.jpg"")","",""
594,595,145.73622387432,-16.8701952161236,"50","=HYPERLINK(""Frames_for_Analysis/595_20250730_0001_R_1454.jpg"",""595_20250730_0001_R_1454.jpg"")","",""
595,596,145.73618541876,-16.8702729065135,"","=HYPERLINK(""Frames_for_Analysis/596_20250730_0001_R_1452.jpg"",""596_20250730_0001_R_1452.jpg"")","",""
596,597,145.736148762842,-16.8703512807411,"","=HYPERLINK(""Frames_for_Analysis/597_20250730_0001_R_1450.jpg"",""597_20250730_0001_R_1450.jpg"")","",""
597,598,145.736121049332,-16.8704330530768,"","=HYPERLINK(""Frames_for_Analysis/598_20250730_0001_R_1447.jpg"",""598_20250730_0001_R_1447.jpg"")","",""
598,599,145.736093335823,-16.8705148253771,"","=HYPERLINK(""Frames_for_Analysis/599_20250730_0001_R_1444.jpg"",""599_20250730_0001_R_1444.jpg"")","",""
599,600,145.736065622314,-16.870596597642,"50","=HYPERLINK(""Frames_for_Analysis/600_20250730_0001_R_1442.jpg"",""600_20250730_0001_R_1442.jpg"")","",""
600,601,145.736037908804,-16.8706783698716,"","=HYPERLINK(""Frames_for_Analysis/601_20250730_0001_R_1439.jpg"",""601_20250730_0001_R_1439.jpg"")","",""
601,602,145.736009872023,-16.8707600098897,"","=HYPERLINK(""Frames_for_Analysis/602_20250730_0001_R_1436.jpg"",""602_20250730_0001_R_1436.jpg"")","",""
602,603,145.735967282985,-16.8708356999124,"","=HYPERLINK(""Frames_for_Analysis/603_20250730_0001_R_1433.jpg"",""603_20250730_0001_R_1433.jpg"")","",""
603,604,145.735924693948,-16.8709113899048,"","=HYPERLINK(""Frames_for_Analysis/604_20250730_0001_R_1430.jpg"",""604_20250730_0001_R_1430.jpg"")","",""
604,605,145.73588210491,-16.8709870798668,"50","=HYPERLINK(""Frames_for_Analysis/605_20250730_0001_R_1428.jpg"",""605_20250730_0001_R_1428.jpg"")","",""
605,606,145.735839097827,-16.8710625422389,"","=HYPERLINK(""Frames_for_Analysis/606_20250730_0001_R_1425.jpg"",""606_20250730_0001_R_1425.jpg"")","",""
606,607,145.735792879884,-16.8711362567778,"","=HYPERLINK(""Frames_for_Analysis/607_20250730_0001_R_1422.jpg"",""607_20250730_0001_R_1422.jpg"")","",""
607,608,145.73574666194,-16.8712099712878,"","=HYPERLINK(""Frames_for_Analysis/608_20250730_0001_R_1419.jpg"",""608_20250730_0001_R_1419.jpg"")","",""
608,609,145.735700443997,-16.8712836857691,"","=HYPERLINK(""Frames_for_Analysis/609_20250730_0001_R_1417.jpg"",""609_20250730_0001_R_1417.jpg"")","",""
609,610,145.735654226054,-16.8713574002217,"50","=HYPERLINK(""Frames_for_Analysis/610_20250730_0001_R_1414.jpg"",""610_20250730_0001_R_1414.jpg"")","",""
610,611,145.735604076671,-16.8714285698979,"","=HYPERLINK(""Frames_for_Analysis/611_20250730_0001_R_1411.jpg"",""611_20250730_0001_R_1411.jpg"")","",""
611,612,145.735549783799,-16.871497057546,"","=HYPERLINK(""Frames_for_Analysis/612_20250730_0001_R_1409.jpg"",""612_20250730_0001_R_1409.jpg"")","",""
612,613,145.735495490927,-16.8715655451693,"","=HYPERLINK(""Frames_for_Analysis/613_20250730_0001_R_1406.jpg"",""613_20250730_0001_R_1406.jpg"")","",""
613,614,145.735441198055,-16.8716340327678,"","=HYPERLINK(""Frames_for_Analysis/614_20250730_0001_R_1404.jpg"",""614_20250730_0001_R_1404.jpg"")","",""
614,615,145.735386905183,-16.8717025203414,"50","=HYPERLINK(""Frames_for_Analysis/615_20250730_0001_R_1401.jpg"",""615_20250730_0001_R_1401.jpg"")","",""
615,616,145.73532905869,-16.8717682176709,"","=HYPERLINK(""Frames_for_Analysis/616_20250730_0001_R_1398.jpg"",""616_20250730_0001_R_1398.jpg"")","",""
616,617,145.73526947273,-16.8718325491908,"","=HYPERLINK(""Frames_for_Analysis/617_20250730_0001_R_1396.jpg"",""617_20250730_0001_R_1396.jpg"")","",""
617,618,145.735209886771,-16.8718968806888,"","=HYPERLINK(""Frames_for_Analysis/618_20250730_0001_R_1393.jpg"",""618_20250730_0001_R_1393.jpg"")","",""
618,619,145.735150300812,-16.8719612121648,"","=HYPERLINK(""Frames_for_Analysis/619_20250730_0001_R_1391.jpg"",""619_20250730_0001_R_1391.jpg"")","",""
619,620,145.735090714852,-16.872025543619,"50","=HYPERLINK(""Frames_for_Analysis/620_20250730_0001_R_1388.jpg"",""620_20250730_0001_R_1388.jpg"")","",""
620,621,145.735031128893,-16.8720898750512,"","=HYPERLINK(""Frames_for_Analysis/621_20250730_0001_R_1385.jpg"",""621_20250730_0001_R_1385.jpg"")","",""
621,622,145.734971542933,-16.8721542064615,"","=HYPERLINK(""Frames_for_Analysis/622_20250730_0001_R_1382.jpg"",""622_20250730_0001_R_1382.jpg"")","",""
622,623,145.734911956974,-16.87221853785,"","=HYPERLINK(""Frames_for_Analysis/623_20250730_0001_R_1380.jpg"",""623_20250730_0001_R_1380.jpg"")","",""
623,624,145.734839300208,-16.872268665077,"","=HYPERLINK(""Frames_for_Analysis/624_20250730_0001_R_1377.jpg"",""624_20250730_0001_R_1377.jpg"")","",""
624,625,145.734765078979,-16.8723170921764,"50","=HYPERLINK(""Frames_for_Analysis/625_20250730_0001_R_1374.jpg"",""625_20250730_0001_R_1374.jpg"")","",""
625,626,145.734690857749,-16.8723655192635,"","=HYPERLINK(""Frames_for_Analysis/626_20250730_0001_R_1372.jpg"",""626_20250730_0001_R_1372.jpg"")","",""
626,627,145.734620601681,-16.8724185259944,"","=HYPERLINK(""Frames_for_Analysis/627_20250730_0001_R_1369.jpg"",""627_20250730_0001_R_1369.jpg"")","",""
627,628,145.734557081191,-16.8724793121206,"","=HYPERLINK(""Frames_for_Analysis/628_20250730_0001_R_1366.jpg"",""628_20250730_0001_R_1366.jpg"")","",""
628,629,145.7344935607,-16.8725400982271,"","=HYPERLINK(""Frames_for_Analysis/629_20250730_0001_R_1363.jpg"",""629_20250730_0001_R_1363.jpg"")","",""
629,630,145.73443004021,-16.8726008843142,"50","=HYPERLINK(""Frames_for_Analysis/630_20250730_0001_R_1361.jpg"",""630_20250730_0001_R_1361.jpg"")","",""
630,631,145.734358704973,-16.8726528424844,"","=HYPERLINK(""Frames_for_Analysis/631_20250730_0001_R_1358.jpg"",""631_20250730_0001_R_1358.jpg"")","",""
631,632,145.734285605978,-16.8727028082187,"","=HYPERLINK(""Frames_for_Analysis/632_20250730_0001_R_1354.jpg"",""632_20250730_0001_R_1354.jpg"")","",""
632,633,145.734212506983,-16.8727527739397,"","=HYPERLINK(""Frames_for_Analysis/633_20250730_0001_R_1352.jpg"",""633_20250730_0001_R_1352.jpg"")","",""
633,634,145.734139407987,-16.8728027396476,"","=HYPERLINK(""Frames_for_Analysis/634_20250730_0001_R_1349.jpg"",""634_20250730_0001_R_1349.jpg"")","",""
634,635,145.734067536394,-16.8728542113623,"50","=HYPERLINK(""Frames_for_Analysis/635_20250730_0001_R_1346.jpg"",""635_20250730_0001_R_1346.jpg"")","",""
635,636,145.733999090327,-16.8729098861745,"","=HYPERLINK(""Frames_for_Analysis/636_20250730_0001_R_1343.jpg"",""636_20250730_0001_R_1343.jpg"")","",""
636,637,145.73393064426,-16.8729655609703,"","=HYPERLINK(""Frames_for_Analysis/637_20250730_0001_R_1341.jpg"",""637_20250730_0001_R_1341.jpg"")","",""
637,638,145.733862198192,-16.8730212357498,"","=HYPERLINK(""Frames_for_Analysis/638_20250730_0001_R_1338.jpg"",""638_20250730_0001_R_1338.jpg"")","",""
638,639,145.733797649716,-16.8730809549593,"","=HYPERLINK(""Frames_for_Analysis/639_20250730_0001_R_1336.jpg"",""639_20250730_0001_R_1336.jpg"")","",""
639,640,145.733734129271,-16.8731417409153,"50","=HYPERLINK(""Frames_for_Analysis/640_20250730_0001_R_1335.jpg"",""640_20250730_0001_R_1335.jpg"")","",""
640,641,145.733670608825,-16.8732025268518,"","=HYPERLINK(""Frames_for_Analysis/641_20250730_0001_R_1333.jpg"",""641_20250730_0001_R_1333.jpg"")","",""
641,642,145.733602474078,-16.8732585444021,"","=HYPERLINK(""Frames_for_Analysis/642_20250730_0001_R_1332.jpg"",""642_20250730_0001_R_1332.jpg"")","",""
642,643,145.733534268816,-16.8733144890669,"","=HYPERLINK(""Frames_for_Analysis/643_20250730_0001_R_1331.jpg"",""643_20250730_0001_R_1331.jpg"")","",""
643,644,145.733464428157,-16.8733685069549,"","=HYPERLINK(""Frames_for_Analysis/644_20250730_0001_R_1321.jpg"",""644_20250730_0001_R_1321.jpg"")","",""
644,645,145.733393225467,-16.873420920137,"50","=HYPERLINK(""Frames_for_Analysis/645_20250730_0001_R_1327.jpg"",""645_20250730_0001_R_1327.jpg"")","",""
645,646,145.733322022778,-16.8734733333046,"","=HYPERLINK(""Frames_for_Analysis/646_20250730_0001_R_1303.jpg"",""646_20250730_0001_R_1303.jpg"")","",""
646,647,145.733250820088,-16.8735257464577,"","=HYPERLINK(""Frames_for_Analysis/647_20250730_0001_R_1300.jpg"",""647_20250730_0001_R_1300.jpg"")","",""
647,648,145.733179124782,-16.8735775173899,"","=HYPERLINK(""Frames_for_Analysis/648_20250730_0001_R_1298.jpg"",""648_20250730_0001_R_1298.jpg"")","",""
648,649,145.73310553198,-16.8736268146077,"","=HYPERLINK(""Frames_for_Analysis/649_20250730_0001_R_1297.jpg"",""649_20250730_0001_R_1297.jpg"")","",""
649,650,145.733031939178,-16.8736761118127,"50","=HYPERLINK(""Frames_for_Analysis/650_20250730_0001_R_1295.jpg"",""650_20250730_0001_R_1295.jpg"")","",""
650,651,145.732958346375,-16.8737254090049,"","=HYPERLINK(""Frames_for_Analysis/651_20250730_0001_R_1293.jpg"",""651_20250730_0001_R_1293.jpg"")","",""
651,652,145.732884753573,-16.8737747061841,"","=HYPERLINK(""Frames_for_Analysis/652_20250730_0001_R_1291.jpg"",""652_20250730_0001_R_1291.jpg"")","",""
652,653,145.732807181013,-16.8738166319332,"","=HYPERLINK(""Frames_for_Analysis/653_20250730_0001_R_1289.jpg"",""653_20250730_0001_R_1289.jpg"")","",""
653,654,145.732722582911,-16.8738455447738,"","=HYPERLINK(""Frames_for_Analysis/654_20250730_0001_R_1286.jpg"",""654_20250730_0001_R_1286.jpg"")","",""
654,655,145.73263798481,-16.87387445761,"50","=HYPERLINK(""Frames_for_Analysis/655_20250730_0001_R_1283.jpg"",""655_20250730_0001_R_1283.jpg"")","",""
655,656,145.732553386708,-16.8739033704418,"","=HYPERLINK(""Frames_for_Analysis/656_20250730_0001_R_1281.jpg"",""656_20250730_0001_R_1281.jpg"")","",""
656,657,145.732468788607,-16.8739322832692,"","=HYPERLINK(""Frames_for_Analysis/657_20250730_0001_R_1278.jpg"",""657_20250730_0001_R_1278.jpg"")","",""
657,658,145.732384190506,-16.8739611960922,"","=HYPERLINK(""Frames_for_Analysis/658_20250730_0001_R_1275.jpg"",""658_20250730_0001_R_1275.jpg"")","",""
658,659,145.732300595363,-16.873992540317,"","=HYPERLINK(""Frames_for_Analysis/659_20250730_0001_R_1272.jpg"",""659_20250730_0001_R_1272.jpg"")","",""
659,660,145.732218169866,-16.8740267200263,"50","=HYPERLINK(""Frames_for_Analysis/660_20250730_0001_R_1270.jpg"",""660_20250730_0001_R_1270.jpg"")","",""
660,661,145.732135744368,-16.8740608997294,"","=HYPERLINK(""Frames_for_Analysis/661_20250730_0001_R_1267.jpg"",""661_20250730_0001_R_1267.jpg"")","",""
661,662,145.73205331887,-16.8740950794263,"","=HYPERLINK(""Frames_for_Analysis/662_20250730_0001_R_1265.jpg"",""662_20250730_0001_R_1265.jpg"")","",""
662,663,145.731970175615,-16.8741271425231,"","=HYPERLINK(""Frames_for_Analysis/663_20250730_0001_R_1262.jpg"",""663_20250730_0001_R_1262.jpg"")","",""
663,664,145.731882483264,-16.874145790795,"","=HYPERLINK(""Frames_for_Analysis/664_20250730_0001_R_1259.jpg"",""664_20250730_0001_R_1259.jpg"")","",""
664,665,145.731794790912,-16.8741644390651,"50","=HYPERLINK(""Frames_for_Analysis/665_20250730_0001_R_1256.jpg"",""665_20250730_0001_R_1256.jpg"")","",""
665,666,145.731707098561,-16.8741830873333,"","=HYPERLINK(""Frames_for_Analysis/666_20250730_0001_R_1253.jpg"",""666_20250730_0001_R_1253.jpg"")","",""
666,667,145.731619406209,-16.8742017355997,"","=HYPERLINK(""Frames_for_Analysis/667_20250730_0001_R_1250.jpg"",""667_20250730_0001_R_1250.jpg"")","",""
667,668,145.731531713858,-16.8742203838643,"","=HYPERLINK(""Frames_for_Analysis/668_20250730_0001_R_1247.jpg"",""668_20250730_0001_R_1247.jpg"")","",""
668,669,145.731444018135,-16.874239017449,"","=HYPERLINK(""Frames_for_Analysis/669_20250730_0001_R_1244.jpg"",""669_20250730_0001_R_1244.jpg"")","",""
669,670,145.731356236879,-16.8742572786558,"50","=HYPERLINK(""Frames_for_Analysis/670_20250730_0001_R_1242.jpg"",""670_20250730_0001_R_1242.jpg"")","",""
670,671,145.731268455623,-16.8742755398609,"","=HYPERLINK(""Frames_for_Analysis/671_20250730_0001_R_1239.jpg"",""671_20250730_0001_R_1239.jpg"")","",""
671,672,145.731180674367,-16.8742938010642,"","=HYPERLINK(""Frames_for_Analysis/672_20250730_0001_R_1236.jpg"",""672_20250730_0001_R_1236.jpg"")","",""
672,673,145.73109289311,-16.8743120622658,"","=HYPERLINK(""Frames_for_Analysis/673_20250730_0001_R_1233.jpg"",""673_20250730_0001_R_1233.jpg"")","",""
673,674,145.731005111854,-16.8743303234656,"","=HYPERLINK(""Frames_for_Analysis/674_20250730_0001_R_1230.jpg"",""674_20250730_0001_R_1230.jpg"")","",""
674,675,145.730917330598,-16.8743485846636,"50","=HYPERLINK(""Frames_for_Analysis/675_20250730_0001_R_1227.jpg"",""675_20250730_0001_R_1227.jpg"")","",""
675,676,145.730828029659,-16.8743563931803,"","=HYPERLINK(""Frames_for_Analysis/676_20250730_0001_R_1224.jpg"",""676_20250730_0001_R_1224.jpg"")","",""
676,677,145.730738373073,-16.8743617554864,"","=HYPERLINK(""Frames_for_Analysis/677_20250730_0001_R_1221.jpg"",""677_20250730_0001_R_1221.jpg"")","",""
677,678,145.730648716487,-16.8743671177924,"","=HYPERLINK(""Frames_for_Analysis/678_20250730_0001_R_1219.jpg"",""678_20250730_0001_R_1219.jpg"")","",""
678,679,145.730559059901,-16.8743724800983,"","=HYPERLINK(""Frames_for_Analysis/679_20250730_0001_R_1216.jpg"",""679_20250730_0001_R_1216.jpg"")","",""
679,680,145.730469869084,-16.87438204529,"50","=HYPERLINK(""Frames_for_Analysis/680_20250730_0001_R_1213.jpg"",""680_20250730_0001_R_1213.jpg"")","",""
680,681,145.730381031424,-16.8743947972121,"","=HYPERLINK(""Frames_for_Analysis/681_20250730_0001_R_1210.jpg"",""681_20250730_0001_R_1210.jpg"")","",""
681,682,145.730292193765,-16.8744075491333,"","=HYPERLINK(""Frames_for_Analysis/682_20250730_0001_R_1207.jpg"",""682_20250730_0001_R_1207.jpg"")","",""
682,683,145.730203356105,-16.8744203010537,"","=HYPERLINK(""Frames_for_Analysis/683_20250730_0001_R_1204.jpg"",""683_20250730_0001_R_1204.jpg"")","",""
683,684,145.730114518446,-16.8744330529732,"","=HYPERLINK(""Frames_for_Analysis/684_20250730_0001_R_1201.jpg"",""684_20250730_0001_R_1201.jpg"")","",""
684,685,145.730025680786,-16.8744458048918,"50","=HYPERLINK(""Frames_for_Analysis/685_20250730_0001_R_1198.jpg"",""685_20250730_0001_R_1198.jpg"")","",""
685,686,145.729936843127,-16.8744585568096,"","=HYPERLINK(""Frames_for_Analysis/686_20250730_0001_R_1195.jpg"",""686_20250730_0001_R_1195.jpg"")","",""
686,687,145.729848005467,-16.8744713087265,"","=HYPERLINK(""Frames_for_Analysis/687_20250730_0001_R_1192.jpg"",""687_20250730_0001_R_1192.jpg"")","",""
687,688,145.729760083593,-16.8744884529465,"","=HYPERLINK(""Frames_for_Analysis/688_20250730_0001_R_1189.jpg"",""688_20250730_0001_R_1189.jpg"")","",""
688,689,145.729672934207,-16.874509302183,"","=HYPERLINK(""Frames_for_Analysis/689_20250730_0001_R_1186.jpg"",""689_20250730_0001_R_1186.jpg"")","",""
689,690,145.729585784822,-16.8745301514173,"50","=HYPERLINK(""Frames_for_Analysis/690_20250730_0001_R_1183.jpg"",""690_20250730_0001_R_1183.jpg"")","",""
690,691,145.729498635436,-16.8745510006492,"","=HYPERLINK(""Frames_for_Analysis/691_20250730_0001_R_1180.jpg"",""691_20250730_0001_R_1180.jpg"")","",""
691,692,145.72941148605,-16.8745718498788,"","=HYPERLINK(""Frames_for_Analysis/692_20250730_0001_R_1178.jpg"",""692_20250730_0001_R_1178.jpg"")","",""
692,693,145.729324336664,-16.8745926991061,"","=HYPERLINK(""Frames_for_Analysis/693_20250730_0001_R_1175.jpg"",""693_20250730_0001_R_1175.jpg"")","",""
693,694,145.729237187278,-16.8746135483312,"","=HYPERLINK(""Frames_for_Analysis/694_20250730_0001_R_1172.jpg"",""694_20250730_0001_R_1172.jpg"")","",""
694,695,145.729150037892,-16.8746343975539,"50","=HYPERLINK(""Frames_for_Analysis/695_20250730_0001_R_1169.jpg"",""695_20250730_0001_R_1169.jpg"")","",""
695,696,145.729063287499,-16.874656635994,"","=HYPERLINK(""Frames_for_Analysis/696_20250730_0001_R_1166.jpg"",""696_20250730_0001_R_1166.jpg"")","",""
696,697,145.728977244473,-16.8746813373575,"","=HYPERLINK(""Frames_for_Analysis/697_20250730_0001_R_1163.jpg"",""697_20250730_0001_R_1163.jpg"")","",""
697,698,145.728891201447,-16.8747060387178,"","=HYPERLINK(""Frames_for_Analysis/698_20250730_0001_R_1160.jpg"",""698_20250730_0001_R_1160.jpg"")","",""
698,699,145.728805158422,-16.8747307400748,"","=HYPERLINK(""Frames_for_Analysis/699_20250730_0001_R_1157.jpg"",""699_20250730_0001_R_1157.jpg"")","",""
699,700,145.728719333403,-16.8747560931772,"50","=HYPERLINK(""Frames_for_Analysis/700_20250730_0001_R_1154.jpg"",""700_20250730_0001_R_1154.jpg"")","",""
700,701,145.728634294387,-16.8747837960839,"","=HYPERLINK(""Frames_for_Analysis/701_20250730_0001_R_1150.jpg"",""701_20250730_0001_R_1150.jpg"")","",""
701,702,145.728549255371,-16.8748114989865,"","=HYPERLINK(""Frames_for_Analysis/702_20250730_0001_R_1147.jpg"",""702_20250730_0001_R_1147.jpg"")","",""
702,703,145.728464216355,-16.874839201885,"","=HYPERLINK(""Frames_for_Analysis/703_20250730_0001_R_1144.jpg"",""703_20250730_0001_R_1144.jpg"")","",""
703,704,145.728379177339,-16.8748669047794,"","=HYPERLINK(""Frames_for_Analysis/704_20250730_0001_R_1141.jpg"",""704_20250730_0001_R_1141.jpg"")","",""
704,705,145.728294138323,-16.8748946076698,"50","=HYPERLINK(""Frames_for_Analysis/705_20250730_0001_R_1139.jpg"",""705_20250730_0001_R_1139.jpg"")","",""
705,706,145.728209099307,-16.8749223105562,"","=HYPERLINK(""Frames_for_Analysis/706_20250730_0001_R_1136.jpg"",""706_20250730_0001_R_1136.jpg"")","",""
706,707,145.728123941776,-16.874949676783,"","=HYPERLINK(""Frames_for_Analysis/707_20250730_0001_R_1134.jpg"",""707_20250730_0001_R_1134.jpg"")","",""
707,708,145.728038720151,-16.8749768609371,"","=HYPERLINK(""Frames_for_Analysis/708_20250730_0001_R_1130.jpg"",""708_20250730_0001_R_1130.jpg"")","",""
708,709,145.727953498526,-16.8750040450874,"","=HYPERLINK(""Frames_for_Analysis/709_20250730_0001_R_1127.jpg"",""709_20250730_0001_R_1127.jpg"")","",""
709,710,145.727868276901,-16.8750312292337,"50","=HYPERLINK(""Frames_for_Analysis/710_20250730_0001_R_1125.jpg"",""710_20250730_0001_R_1125.jpg"")","",""
710,711,145.72778295778,-16.8750580891455,"","=HYPERLINK(""Frames_for_Analysis/711_20250730_0001_R_1122.jpg"",""711_20250730_0001_R_1122.jpg"")","",""
711,712,145.727695671383,-16.8750784066794,"","=HYPERLINK(""Frames_for_Analysis/712_20250730_0001_R_1119.jpg"",""712_20250730_0001_R_1119.jpg"")","",""
712,713,145.727608384985,-16.8750987242111,"","=HYPERLINK(""Frames_for_Analysis/713_20250730_0001_R_1116.jpg"",""713_20250730_0001_R_1116.jpg"")","",""
713,714,145.727521098587,-16.8751190417406,"","=HYPERLINK(""Frames_for_Analysis/714_20250730_0001_R_1114.jpg"",""714_20250730_0001_R_1114.jpg"")","",""
714,715,145.727433812189,-16.8751393592679,"50","=HYPERLINK(""Frames_for_Analysis/715_20250730_0001_R_1111.jpg"",""715_20250730_0001_R_1111.jpg"")","",""
715,716,145.72734650987,-16.8751595976816,"","=HYPERLINK(""Frames_for_Analysis/716_20250730_0001_R_1108.jpg"",""716_20250730_0001_R_1108.jpg"")","",""
716,717,145.72725758119,-16.8751717547061,"","=HYPERLINK(""Frames_for_Analysis/717_20250730_0001_R_1105.jpg"",""717_20250730_0001_R_1105.jpg"")","",""
717,718,145.72716865251,-16.8751839117298,"","=HYPERLINK(""Frames_for_Analysis/718_20250730_0001_R_1103.jpg"",""718_20250730_0001_R_1103.jpg"")","",""
718,719,145.7270795758,-16.8751946869399,"","=HYPERLINK(""Frames_for_Analysis/719_20250730_0001_R_1100.jpg"",""719_20250730_0001_R_1100.jpg"")","",""
719,720,145.726989919202,-16.8752000490347,"50","=HYPERLINK(""Frames_for_Analysis/720_20250730_0001_R_1097.jpg"",""720_20250730_0001_R_1097.jpg"")","",""
720,721,145.726900288912,-16.8752057114026,"","=HYPERLINK(""Frames_for_Analysis/721_20250730_0001_R_1095.jpg"",""721_20250730_0001_R_1095.jpg"")","",""
721,722,145.726810950976,-16.8752147105257,"","=HYPERLINK(""Frames_for_Analysis/722_20250730_0001_R_1092.jpg"",""722_20250730_0001_R_1092.jpg"")","",""
722,723,145.726721613039,-16.8752237096484,"","=HYPERLINK(""Frames_for_Analysis/723_20250730_0001_R_1089.jpg"",""723_20250730_0001_R_1089.jpg"")","",""
723,724,145.726633160791,-16.8752174817148,"","=HYPERLINK(""Frames_for_Analysis/724_20250730_0001_R_1087.jpg"",""724_20250730_0001_R_1087.jpg"")","",""
724,725,145.726545418349,-16.8751990505725,"50","=HYPERLINK(""Frames_for_Analysis/725_20250730_0001_R_1085.jpg"",""725_20250730_0001_R_1085.jpg"")","",""
725,726,145.726457675907,-16.8751806194284,"","=HYPERLINK(""Frames_for_Analysis/726_20250730_0001_R_1082.jpg"",""726_20250730_0001_R_1082.jpg"")","",""
726,727,145.726369933465,-16.8751621882826,"","=HYPERLINK(""Frames_for_Analysis/727_20250730_0001_R_1080.jpg"",""727_20250730_0001_R_1080.jpg"")","",""
727,728,145.726282191024,-16.8751437571349,"","=HYPERLINK(""Frames_for_Analysis/728_20250730_0001_R_1078.jpg"",""728_20250730_0001_R_1078.jpg"")","",""
728,729,145.726194483581,-16.8751252554492,"","=HYPERLINK(""Frames_for_Analysis/729_20250730_0001_R_1076.jpg"",""729_20250730_0001_R_1076.jpg"")","",""
729,730,145.726124100755,-16.8750718383049,"50","=HYPERLINK(""Frames_for_Analysis/730_20250730_0001_R_1073.jpg"",""730_20250730_0001_R_1073.jpg"")","",""
730,731,145.72605371793,-16.8750184211454,"","=HYPERLINK(""Frames_for_Analysis/731_20250730_0001_R_1071.jpg"",""731_20250730_0001_R_1071.jpg"")","",""
731,732,145.725983335105,-16.8749650039709,"","=HYPERLINK(""Frames_for_Analysis/732_20250730_0001_R_1069.jpg"",""732_20250730_0001_R_1069.jpg"")","",""
732,733,145.725912952279,-16.8749115867812,"","=HYPERLINK(""Frames_for_Analysis/733_20250730_0001_R_1067.jpg"",""733_20250730_0001_R_1067.jpg"")","",""
733,734,145.725843826171,-16.8748569202508,"","=HYPERLINK(""Frames_for_Analysis/734_20250730_0001_R_1064.jpg"",""734_20250730_0001_R_1064.jpg"")","",""
734,735,145.7257853646,-16.8747916518911,"50","=HYPERLINK(""Frames_for_Analysis/735_20250730_0001_R_1060.jpg"",""735_20250730_0001_R_1060.jpg"")","",""
735,736,145.725726903028,-16.8747263835089,"","=HYPERLINK(""Frames_for_Analysis/736_20250730_0001_R_1058.jpg"",""736_20250730_0001_R_1058.jpg"")","",""
736,737,145.725668441457,-16.8746611151041,"","=HYPERLINK(""Frames_for_Analysis/737_20250730_0001_R_1056.jpg"",""737_20250730_0001_R_1056.jpg"")","",""
737,738,145.725609979885,-16.8745958466767,"","=HYPERLINK(""Frames_for_Analysis/738_20250730_0001_R_1053.jpg"",""738_20250730_0001_R_1053.jpg"")","",""
738,739,145.725557461947,-16.8745271850608,"","=HYPERLINK(""Frames_for_Analysis/739_20250730_0001_R_1051.jpg"",""739_20250730_0001_R_1051.jpg"")","",""
739,740,145.725525214388,-16.8744469512393,"50","=HYPERLINK(""Frames_for_Analysis/740_20250730_0001_R_1048.jpg"",""740_20250730_0001_R_1048.jpg"")","",""
740,741,145.72549296683,-16.8743667173838,"","=HYPERLINK(""Frames_for_Analysis/741_20250730_0001_R_1046.jpg"",""741_20250730_0001_R_1046.jpg"")","",""
741,742,145.725460719271,-16.8742864834942,"","=HYPERLINK(""Frames_for_Analysis/742_20250730_0001_R_1044.jpg"",""742_20250730_0001_R_1044.jpg"")","",""
742,743,145.725428471713,-16.8742062495706,"","=HYPERLINK(""Frames_for_Analysis/743_20250730_0001_R_1041.jpg"",""743_20250730_0001_R_1041.jpg"")","",""
743,744,145.725396224154,-16.8741260156128,"","=HYPERLINK(""Frames_for_Analysis/744_20250730_0001_R_1038.jpg"",""744_20250730_0001_R_1038.jpg"")","",""
744,745,145.725365518984,-16.8740452360166,"50","=HYPERLINK(""Frames_for_Analysis/745_20250730_0001_R_1035.jpg"",""745_20250730_0001_R_1035.jpg"")","",""
745,746,145.7253354783,-16.8739642213308,"","=HYPERLINK(""Frames_for_Analysis/746_20250730_0001_R_1033.jpg"",""746_20250730_0001_R_1033.jpg"")","",""
746,747,145.725305437616,-16.8738832066102,"","=HYPERLINK(""Frames_for_Analysis/747_20250730_0001_R_1030.jpg"",""747_20250730_0001_R_1030.jpg"")","",""
747,748,145.725275396931,-16.8738021918548,"","=HYPERLINK(""Frames_for_Analysis/748_20250730_0001_R_1028.jpg"",""748_20250730_0001_R_1028.jpg"")","",""
748,749,145.72524822285,-16.8737203495565,"","=HYPERLINK(""Frames_for_Analysis/749_20250730_0001_R_1025.jpg"",""749_20250730_0001_R_1025.jpg"")","",""
749,750,145.725226435703,-16.8736369521652,"50","=HYPERLINK(""Frames_for_Analysis/750_20250730_0001_R_1023.jpg"",""750_20250730_0001_R_1023.jpg"")","",""
750,751,145.725204648556,-16.873553554737,"","=HYPERLINK(""Frames_for_Analysis/751_20250730_0001_R_1020.jpg"",""751_20250730_0001_R_1020.jpg"")","",""
751,752,145.725182861409,-16.8734701572721,"","=HYPERLINK(""Frames_for_Analysis/752_20250730_0001_R_1017.jpg"",""752_20250730_0001_R_1017.jpg"")","",""
752,753,145.725166401704,-16.8733857903933,"","=HYPERLINK(""Frames_for_Analysis/753_20250730_0001_R_1014.jpg"",""753_20250730_0001_R_1014.jpg"")","",""
753,754,145.725154682741,-16.8733005608551,"","=HYPERLINK(""Frames_for_Analysis/754_20250730_0001_R_1011.jpg"",""754_20250730_0001_R_1011.jpg"")","",""
754,755,145.725142963778,-16.8732153312784,"50","=HYPERLINK(""Frames_for_Analysis/755_20250730_0001_R_1008.jpg"",""755_20250730_0001_R_1008.jpg"")","",""
755,756,145.725131244815,-16.8731301016633,"","=HYPERLINK(""Frames_for_Analysis/756_20250730_0001_R_1006.jpg"",""756_20250730_0001_R_1006.jpg"")","",""
756,757,145.725119525852,-16.8730448720097,"","=HYPERLINK(""Frames_for_Analysis/757_20250730_0001_R_1003.jpg"",""757_20250730_0001_R_1003.jpg"")","",""
757,758,145.725110896739,-16.8729593660463,"","=HYPERLINK(""Frames_for_Analysis/758_20250730_0001_R_1000.jpg"",""758_20250730_0001_R_1000.jpg"")","",""
758,759,145.725105913566,-16.8728735340514,"","=HYPERLINK(""Frames_for_Analysis/759_20250730_0001_R_0997.jpg"",""759_20250730_0001_R_0997.jpg"")","",""
759,760,145.725101010175,-16.8727876982371,"50","=HYPERLINK(""Frames_for_Analysis/760_20250730_0001_R_0995.jpg"",""760_20250730_0001_R_0995.jpg"")","",""
760,761,145.725097108252,-16.87270181493,"","=HYPERLINK(""Frames_for_Analysis/761_20250730_0001_R_0992.jpg"",""761_20250730_0001_R_0992.jpg"")","",""
761,762,145.72509320633,-16.8726159315839,"","=HYPERLINK(""Frames_for_Analysis/762_20250730_0001_R_0989.jpg"",""762_20250730_0001_R_0989.jpg"")","",""
762,763,145.725089624829,-16.872530054285,"","=HYPERLINK(""Frames_for_Analysis/763_20250730_0001_R_0987.jpg"",""763_20250730_0001_R_0987.jpg"")","",""
763,764,145.725097085002,-16.8724443866765,"","=HYPERLINK(""Frames_for_Analysis/764_20250730_0001_R_0984.jpg"",""764_20250730_0001_R_0984.jpg"")","",""
764,765,145.725104545176,-16.8723587190291,"50","=HYPERLINK(""Frames_for_Analysis/765_20250730_0001_R_0982.jpg"",""765_20250730_0001_R_0982.jpg"")","",""
765,766,145.725112005349,-16.8722730513429,"","=HYPERLINK(""Frames_for_Analysis/766_20250730_0001_R_0979.jpg"",""766_20250730_0001_R_0979.jpg"")","",""
766,767,145.725132279632,-16.8721894779832,"","=HYPERLINK(""Frames_for_Analysis/767_20250730_0001_R_0976.jpg"",""767_20250730_0001_R_0976.jpg"")","",""
767,768,145.725154955002,-16.8721062970255,"","=HYPERLINK(""Frames_for_Analysis/768_20250730_0001_R_0974.jpg"",""768_20250730_0001_R_0974.jpg"")","",""
768,769,145.725177630372,-16.8720231160312,"","=HYPERLINK(""Frames_for_Analysis/769_20250730_0001_R_0971.jpg"",""769_20250730_0001_R_0971.jpg"")","",""
769,770,145.725201454092,-16.8719402328433,"50","=HYPERLINK(""Frames_for_Analysis/770_20250730_0001_R_0969.jpg"",""770_20250730_0001_R_0969.jpg"")","",""
770,771,145.725225775488,-16.8718574786994,"","=HYPERLINK(""Frames_for_Analysis/771_20250730_0001_R_0967.jpg"",""771_20250730_0001_R_0967.jpg"")","",""
771,772,145.725250096885,-16.8717747245193,"","=HYPERLINK(""Frames_for_Analysis/772_20250730_0001_R_0963.jpg"",""772_20250730_0001_R_0963.jpg"")","",""
772,773,145.725274418281,-16.871691970303,"","=HYPERLINK(""Frames_for_Analysis/773_20250730_0001_R_0960.jpg"",""773_20250730_0001_R_0960.jpg"")","",""
773,774,145.725300571989,-16.8716097774598,"","=HYPERLINK(""Frames_for_Analysis/774_20250730_0001_R_0957.jpg"",""774_20250730_0001_R_0957.jpg"")","",""
774,775,145.725330999825,-16.8715288941489,"50","=HYPERLINK(""Frames_for_Analysis/775_20250730_0001_R_0954.jpg"",""775_20250730_0001_R_0954.jpg"")","",""
775,776,145.725361427661,-16.8714480108034,"","=HYPERLINK(""Frames_for_Analysis/776_20250730_0001_R_0952.jpg"",""776_20250730_0001_R_0952.jpg"")","",""
776,777,145.725391855497,-16.8713671274232,"","=HYPERLINK(""Frames_for_Analysis/777_20250730_0001_R_0949.jpg"",""777_20250730_0001_R_0949.jpg"")","",""
777,778,145.725432852338,-16.8712908583615,"","=HYPERLINK(""Frames_for_Analysis/778_20250730_0001_R_0946.jpg"",""778_20250730_0001_R_0946.jpg"")","",""
778,779,145.725476744234,-16.8712158532297,"","=HYPERLINK(""Frames_for_Analysis/779_20250730_0001_R_0942.jpg"",""779_20250730_0001_R_0942.jpg"")","",""
779,780,145.725520636129,-16.8711408480681,"50","=HYPERLINK(""Frames_for_Analysis/780_20250730_0001_R_0939.jpg"",""780_20250730_0001_R_0939.jpg"")","",""
780,781,145.725564528025,-16.8710658428767,"","=HYPERLINK(""Frames_for_Analysis/781_20250730_0001_R_0936.jpg"",""781_20250730_0001_R_0936.jpg"")","",""
781,782,145.725621960573,-16.8709997524004,"","=HYPERLINK(""Frames_for_Analysis/782_20250730_0001_R_0933.jpg"",""782_20250730_0001_R_0933.jpg"")","",""
782,783,145.725679469305,-16.8709337120586,"","=HYPERLINK(""Frames_for_Analysis/783_20250730_0001_R_0930.jpg"",""783_20250730_0001_R_0930.jpg"")","",""
783,784,145.725736978037,-16.8708676716937,"","=HYPERLINK(""Frames_for_Analysis/784_20250730_0001_R_0927.jpg"",""784_20250730_0001_R_0927.jpg"")","",""
784,785,145.725793603847,-16.8708009373205,"50","=HYPERLINK(""Frames_for_Analysis/785_20250730_0001_R_0923.jpg"",""785_20250730_0001_R_0923.jpg"")","",""
785,786,145.725850125745,-16.8707341212478,"","=HYPERLINK(""Frames_for_Analysis/786_20250730_0001_R_0920.jpg"",""786_20250730_0001_R_0920.jpg"")","",""
786,787,145.725906647643,-16.8706673051515,"","=HYPERLINK(""Frames_for_Analysis/787_20250730_0001_R_0916.jpg"",""787_20250730_0001_R_0916.jpg"")","",""
787,788,145.725963039897,-16.87060038919,"","=HYPERLINK(""Frames_for_Analysis/788_20250730_0001_R_0914.jpg"",""788_20250730_0001_R_0914.jpg"")","",""
788,789,145.726019157119,-16.8705332613987,"","=HYPERLINK(""Frames_for_Analysis/789_20250730_0001_R_0911.jpg"",""789_20250730_0001_R_0911.jpg"")","",""
789,790,145.726075274341,-16.8704661335834,"50","=HYPERLINK(""Frames_for_Analysis/790_20250730_0001_R_0908.jpg"",""790_20250730_0001_R_0908.jpg"")","",""
790,791,145.726131391562,-16.8703990057444,"","=HYPERLINK(""Frames_for_Analysis/791_20250730_0001_R_0905.jpg"",""791_20250730_0001_R_0905.jpg"")","",""
791,792,145.726186917712,-16.8703314681417,"","=HYPERLINK(""Frames_for_Analysis/792_20250730_0001_R_0901.jpg"",""792_20250730_0001_R_0901.jpg"")","",""
792,793,145.726236078049,-16.8702595176421,"","=HYPERLINK(""Frames_for_Analysis/793_20250730_0001_R_0898.jpg"",""793_20250730_0001_R_0898.jpg"")","",""
793,794,145.726285238387,-16.8701875671151,"","=HYPERLINK(""Frames_for_Analysis/794_20250730_0001_R_0894.jpg"",""794_20250730_0001_R_0894.jpg"")","",""
794,795,145.726334398724,-16.8701156165607,"50","=HYPERLINK(""Frames_for_Analysis/795_20250730_0001_R_0891.jpg"",""795_20250730_0001_R_0891.jpg"")","",""
795,796,145.726383559062,-16.870043665979,"","=HYPERLINK(""Frames_for_Analysis/796_20250730_0001_R_0888.jpg"",""796_20250730_0001_R_0888.jpg"")","",""
796,797,145.726434513992,-16.8699728687552,"","=HYPERLINK(""Frames_for_Analysis/797_20250730_0001_R_0884.jpg"",""797_20250730_0001_R_0884.jpg"")","",""
797,798,145.726485514211,-16.8699021006119,"","=HYPERLINK(""Frames_for_Analysis/798_20250730_0001_R_0881.jpg"",""798_20250730_0001_R_0881.jpg"")","",""
798,799,145.72653651443,-16.8698313324421,"","=HYPERLINK(""Frames_for_Analysis/799_20250730_0001_R_0877.jpg"",""799_20250730_0001_R_0877.jpg"")","",""
799,800,145.726587514649,-16.8697605642457,"50","=HYPERLINK(""Frames_for_Analysis/800_20250730_0001_R_0874.jpg"",""800_20250730_0001_R_0874.jpg"")","",""
800,801,145.726636488862,-16.8696885765655,"","=HYPERLINK(""Frames_for_Analysis/801_20250730_0001_R_0871.jpg"",""801_20250730_0001_R_0871.jpg"")","",""
801,802,145.72668105793,-16.8696139373898,"","=HYPERLINK(""Frames_for_Analysis/802_20250730_0001_R_0867.jpg"",""802_20250730_0001_R_0867.jpg"")","",""
802,803,145.726725626998,-16.8695392981846,"","=HYPERLINK(""Frames_for_Analysis/803_20250730_0001_R_0864.jpg"",""803_20250730_0001_R_0864.jpg"")","",""
803,804,145.726768903759,-16.8694640618212,"","=HYPERLINK(""Frames_for_Analysis/804_20250730_0001_R_0860.jpg"",""804_20250730_0001_R_0860.jpg"")","",""
804,805,145.726802266343,-16.8693842444367,"50","=HYPERLINK(""Frames_for_Analysis/805_20250730_0001_R_0856.jpg"",""805_20250730_0001_R_0856.jpg"")","",""
805,806,145.726835628926,-16.8693044270185,"","=HYPERLINK(""Frames_for_Analysis/806_20250730_0001_R_0853.jpg"",""806_20250730_0001_R_0853.jpg"")","",""
806,807,145.726869529168,-16.8692248226892,"","=HYPERLINK(""Frames_for_Analysis/807_20250730_0001_R_0850.jpg"",""807_20250730_0001_R_0850.jpg"")","",""
807,808,145.726904915586,-16.8691458074323,"","=HYPERLINK(""Frames_for_Analysis/808_20250730_0001_R_0847.jpg"",""808_20250730_0001_R_0847.jpg"")","",""
808,809,145.726940302005,-16.8690667921423,"","=HYPERLINK(""Frames_for_Analysis/809_20250730_0001_R_0844.jpg"",""809_20250730_0001_R_0844.jpg"")","",""
809,810,145.726975688423,-16.8689877768192,"50","=HYPERLINK(""Frames_for_Analysis/810_20250730_0001_R_0840.jpg"",""810_20250730_0001_R_0840.jpg"")","",""
810,811,145.727011074842,-16.8689087614631,"","=HYPERLINK(""Frames_for_Analysis/811_20250730_0001_R_0837.jpg"",""811_20250730_0001_R_0837.jpg"")","",""
811,812,145.727042407479,-16.8688285411866,"","=HYPERLINK(""Frames_for_Analysis/812_20250730_0001_R_0834.jpg"",""812_20250730_0001_R_0834.jpg"")","",""
812,813,145.727060024827,-16.8687442443401,"","=HYPERLINK(""Frames_for_Analysis/813_20250730_0001_R_0830.jpg"",""813_20250730_0001_R_0830.jpg"")","",""
813,814,145.727077642174,-16.868659947456,"","=HYPERLINK(""Frames_for_Analysis/814_20250730_0001_R_0827.jpg"",""814_20250730_0001_R_0827.jpg"")","",""
814,815,145.727095259522,-16.8685756505344,"50","=HYPERLINK(""Frames_for_Analysis/815_20250730_0001_R_0824.jpg"",""815_20250730_0001_R_0824.jpg"")","",""
815,816,145.727111646151,-16.8684911647046,"","=HYPERLINK(""Frames_for_Analysis/816_20250730_0001_R_0820.jpg"",""816_20250730_0001_R_0820.jpg"")","",""
816,817,145.727122455775,-16.8684058229695,"","=HYPERLINK(""Frames_for_Analysis/817_20250730_0001_R_0817.jpg"",""817_20250730_0001_R_0817.jpg"")","",""
817,818,145.727133265399,-16.8683204811959,"","=HYPERLINK(""Frames_for_Analysis/818_20250730_0001_R_0813.jpg"",""818_20250730_0001_R_0813.jpg"")","",""
818,819,145.727144075022,-16.8682351393837,"","=HYPERLINK(""Frames_for_Analysis/819_20250730_0001_R_0809.jpg"",""819_20250730_0001_R_0809.jpg"")","",""
819,820,145.727154884646,-16.8681497975329,"50","=HYPERLINK(""Frames_for_Analysis/820_20250730_0001_R_0806.jpg"",""820_20250730_0001_R_0806.jpg"")","",""
820,821,145.727170392465,-16.8680651555072,"","=HYPERLINK(""Frames_for_Analysis/821_20250730_0001_R_0803.jpg"",""821_20250730_0001_R_0803.jpg"")","",""
821,822,145.727187200912,-16.8679807071909,"","=HYPERLINK(""Frames_for_Analysis/822_20250730_0001_R_0799.jpg"",""822_20250730_0001_R_0799.jpg"")","",""
822,823,145.72720400936,-16.8678962588368,"","=HYPERLINK(""Frames_for_Analysis/823_20250730_0001_R_0795.jpg"",""823_20250730_0001_R_0795.jpg"")","",""
823,824,145.727192960467,-16.8678111409824,"","=HYPERLINK(""Frames_for_Analysis/824_20250730_0001_R_0792.jpg"",""824_20250730_0001_R_0792.jpg"")","",""
824,825,145.72718060247,-16.8677259916295,"50","=HYPERLINK(""Frames_for_Analysis/825_20250730_0001_R_0788.jpg"",""825_20250730_0001_R_0788.jpg"")","",""
825,826,145.727168244474,-16.8676408422382,"","=HYPERLINK(""Frames_for_Analysis/826_20250730_0001_R_0784.jpg"",""826_20250730_0001_R_0784.jpg"")","",""
826,827,145.727155886477,-16.8675556928086,"","=HYPERLINK(""Frames_for_Analysis/827_20250730_0001_R_0780.jpg"",""827_20250730_0001_R_0780.jpg"")","",""
827,828,145.727142911993,-16.867470639564,"","=HYPERLINK(""Frames_for_Analysis/828_20250730_0001_R_0776.jpg"",""828_20250730_0001_R_0776.jpg"")","",""
828,829,145.727126357151,-16.8673861451159,"","=HYPERLINK(""Frames_for_Analysis/829_20250730_0001_R_0772.jpg"",""829_20250730_0001_R_0772.jpg"")","",""
829,830,145.727109802309,-16.86730165063,"50","=HYPERLINK(""Frames_for_Analysis/830_20250730_0001_R_0768.jpg"",""830_20250730_0001_R_0768.jpg"")","",""
830,831,145.727093247467,-16.8672171561064,"","=HYPERLINK(""Frames_for_Analysis/831_20250730_0001_R_0764.jpg"",""831_20250730_0001_R_0764.jpg"")","",""
831,832,145.727076692625,-16.8671326615449,"","=HYPERLINK(""Frames_for_Analysis/832_20250730_0001_R_0760.jpg"",""832_20250730_0001_R_0760.jpg"")","",""
832,833,145.727058498899,-16.8670484790352,"","=HYPERLINK(""Frames_for_Analysis/833_20250730_0001_R_0756.jpg"",""833_20250730_0001_R_0756.jpg"")","",""
833,834,145.727039992483,-16.8669643560328,"","=HYPERLINK(""Frames_for_Analysis/834_20250730_0001_R_0752.jpg"",""834_20250730_0001_R_0752.jpg"")","",""
834,835,145.72702035574,-16.8668804877953,"50","=HYPERLINK(""Frames_for_Analysis/835_20250730_0001_R_0749.jpg"",""835_20250730_0001_R_0749.jpg"")","",""
835,836,145.726997680425,-16.8667973044866,"","=HYPERLINK(""Frames_for_Analysis/836_20250730_0001_R_0745.jpg"",""836_20250730_0001_R_0745.jpg"")","",""
836,837,145.72697500511,-16.8667141211412,"","=HYPERLINK(""Frames_for_Analysis/837_20250730_0001_R_0737.jpg"",""837_20250730_0001_R_0737.jpg"")","",""
837,838,145.726949002944,-16.8666323434373,"","=HYPERLINK(""Frames_for_Analysis/838_20250730_0001_R_0729.jpg"",""838_20250730_0001_R_0729.jpg"")","",""
838,839,145.726900045822,-16.8665602647475,"","=HYPERLINK(""Frames_for_Analysis/839_20250730_0001_R_0724.jpg"",""839_20250730_0001_R_0724.jpg"")","",""
839,840,145.7268510887,-16.8664881860303,"50","=HYPERLINK(""Frames_for_Analysis/840_20250730_0001_R_0719.jpg"",""840_20250730_0001_R_0719.jpg"")","",""
840,841,145.726802131578,-16.8664161072855,"","=HYPERLINK(""Frames_for_Analysis/841_20250730_0001_R_0715.jpg"",""841_20250730_0001_R_0715.jpg"")","",""
841,842,145.726745707988,-16.8663492310985,"","=HYPERLINK(""Frames_for_Analysis/842_20250730_0001_R_0710.jpg"",""842_20250730_0001_R_0710.jpg"")","",""
842,843,145.726689060832,-16.8662825106674,"","=HYPERLINK(""Frames_for_Analysis/843_20250730_0001_R_0706.jpg"",""843_20250730_0001_R_0706.jpg"")","",""
843,844,145.726627605359,-16.866221021942,"","=HYPERLINK(""Frames_for_Analysis/844_20250730_0001_R_0701.jpg"",""844_20250730_0001_R_0701.jpg"")","",""
844,845,145.72655122467,-16.8661757727058,"50","=HYPERLINK(""Frames_for_Analysis/845_20250730_0001_R_0697.jpg"",""845_20250730_0001_R_0697.jpg"")","",""
845,846,145.72647484398,-16.8661305234588,"","=HYPERLINK(""Frames_for_Analysis/846_20250730_0001_R_0692.jpg"",""846_20250730_0001_R_0692.jpg"")","",""
846,847,145.726398463291,-16.866085274201,"","=HYPERLINK(""Frames_for_Analysis/847_20250730_0001_R_0688.jpg"",""847_20250730_0001_R_0688.jpg"")","",""
847,848,145.726319659483,-16.8660440115889,"","=HYPERLINK(""Frames_for_Analysis/848_20250730_0001_R_0684.jpg"",""848_20250730_0001_R_0684.jpg"")","",""
848,849,145.726238079735,-16.866009619064,"","=HYPERLINK(""Frames_for_Analysis/849_20250730_0001_R_0680.jpg"",""849_20250730_0001_R_0680.jpg"")","",""
849,850,145.726150691074,-16.8659897071907,"50","=HYPERLINK(""Frames_for_Analysis/850_20250730_0001_R_0675.jpg"",""850_20250730_0001_R_0675.jpg"")","",""
850,851,145.726063302414,-16.8659697953153,"","=HYPERLINK(""Frames_for_Analysis/851_20250730_0001_R_0671.jpg"",""851_20250730_0001_R_0671.jpg"")","",""
851,852,145.725975596117,-16.8659512693281,"","=HYPERLINK(""Frames_for_Analysis/852_20250730_0001_R_0667.jpg"",""852_20250730_0001_R_0667.jpg"")","",""
852,853,145.72588663363,-16.8659414839413,"","=HYPERLINK(""Frames_for_Analysis/853_20250730_0001_R_0661.jpg"",""853_20250730_0001_R_0661.jpg"")","",""
853,854,145.725799256282,-16.8659241338986,"","=HYPERLINK(""Frames_for_Analysis/854_20250730_0001_R_0656.jpg"",""854_20250730_0001_R_0656.jpg"")","",""
854,855,145.725713032432,-16.865900015731,"50","=HYPERLINK(""Frames_for_Analysis/855_20250730_0001_R_0652.jpg"",""855_20250730_0001_R_0652.jpg"")","",""
855,856,145.725626808582,-16.8658758975604,"","=HYPERLINK(""Frames_for_Analysis/856_20250730_0001_R_0647.jpg"",""856_20250730_0001_R_0647.jpg"")","",""
856,857,145.725539664271,-16.8658554080539,"","=HYPERLINK(""Frames_for_Analysis/857_20250730_0001_R_0642.jpg"",""857_20250730_0001_R_0642.jpg"")","",""
857,858,145.725451482192,-16.865839009632,"","=HYPERLINK(""Frames_for_Analysis/858_20250730_0001_R_0638.jpg"",""858_20250730_0001_R_0638.jpg"")","",""
858,859,145.725362919479,-16.8658291258667,"","=HYPERLINK(""Frames_for_Analysis/859_20250730_0001_R_0633.jpg"",""859_20250730_0001_R_0633.jpg"")","",""
859,860,145.725273376804,-16.8658360143713,"50","=HYPERLINK(""Frames_for_Analysis/860_20250730_0001_R_0629.jpg"",""860_20250730_0001_R_0629.jpg"")","",""
860,861,145.72518420006,-16.8658354701808,"","=HYPERLINK(""Frames_for_Analysis/861_20250730_0001_R_0624.jpg"",""861_20250730_0001_R_0624.jpg"")","",""
861,862,145.725095730818,-16.8658205554082,"","=HYPERLINK(""Frames_for_Analysis/862_20250730_0001_R_0618.jpg"",""862_20250730_0001_R_0618.jpg"")","",""
862,863,145.725007261575,-16.8658056406345,"","=HYPERLINK(""Frames_for_Analysis/863_20250730_0001_R_0611.jpg"",""863_20250730_0001_R_0611.jpg"")","",""
863,864,145.724923106508,-16.8657830539206,"","=HYPERLINK(""Frames_for_Analysis/864_20250730_0001_R_0604.jpg"",""864_20250730_0001_R_0604.jpg"")","",""
864,865,145.724845928977,-16.8657461715208,"50","=HYPERLINK(""Frames_for_Analysis/865_20250730_0001_R_0599.jpg"",""865_20250730_0001_R_0599.jpg"")","",""
865,866,145.724758566077,-16.8657261563621,"","=HYPERLINK(""Frames_for_Analysis/866_20250730_0001_R_0594.jpg"",""866_20250730_0001_R_0594.jpg"")","",""
866,867,145.724671203176,-16.8657061412012,"","=HYPERLINK(""Frames_for_Analysis/867_20250730_0001_R_0590.jpg"",""867_20250730_0001_R_0590.jpg"")","",""
867,868,145.724581662499,-16.8657019827877,"","=HYPERLINK(""Frames_for_Analysis/868_20250730_0001_R_0586.jpg"",""868_20250730_0001_R_0586.jpg"")","",""
868,869,145.72449186225,-16.8656997143609,"","=HYPERLINK(""Frames_for_Analysis/869_20250730_0001_R_0583.jpg"",""869_20250730_0001_R_0583.jpg"")","",""
869,870,145.724402062001,-16.8656974459341,"50","=HYPERLINK(""Frames_for_Analysis/870_20250730_0001_R_0579.jpg"",""870_20250730_0001_R_0579.jpg"")","",""
870,871,145.72431323105,-16.8656861246007,"","=HYPERLINK(""Frames_for_Analysis/871_20250730_0001_R_0575.jpg"",""871_20250730_0001_R_0575.jpg"")","",""
871,872,145.724224816133,-16.8656709176468,"","=HYPERLINK(""Frames_for_Analysis/872_20250730_0001_R_0571.jpg"",""872_20250730_0001_R_0571.jpg"")","",""
872,873,145.724136401217,-16.8656557106917,"","=HYPERLINK(""Frames_for_Analysis/873_20250730_0001_R_0568.jpg"",""873_20250730_0001_R_0568.jpg"")","",""
873,874,145.72404796114,-16.865640638442,"","=HYPERLINK(""Frames_for_Analysis/874_20250730_0001_R_0565.jpg"",""874_20250730_0001_R_0565.jpg"")","",""
874,875,145.723959516291,-16.8656255917429,"50","=HYPERLINK(""Frames_for_Analysis/875_20250730_0001_R_0562.jpg"",""875_20250730_0001_R_0562.jpg"")","",""
875,876,145.723871071441,-16.8656105450427,"","=HYPERLINK(""Frames_for_Analysis/876_20250730_0001_R_0558.jpg"",""876_20250730_0001_R_0558.jpg"")","",""
876,877,145.723782626592,-16.8655954983412,"","=HYPERLINK(""Frames_for_Analysis/877_20250730_0001_R_0555.jpg"",""877_20250730_0001_R_0555.jpg"")","",""
877,878,145.723694181742,-16.8655804516386,"","=HYPERLINK(""Frames_for_Analysis/878_20250730_0001_R_0551.jpg"",""878_20250730_0001_R_0551.jpg"")","",""
878,879,145.723605736892,-16.8655654049347,"","=HYPERLINK(""Frames_for_Analysis/879_20250730_0001_R_0547.jpg"",""879_20250730_0001_R_0547.jpg"")","",""
879,880,145.723517121102,-16.8655513232399,"50","=HYPERLINK(""Frames_for_Analysis/880_20250730_0001_R_0544.jpg"",""880_20250730_0001_R_0544.jpg"")","",""
880,881,145.723428435721,-16.8655376344054,"","=HYPERLINK(""Frames_for_Analysis/881_20250730_0001_R_0541.jpg"",""881_20250730_0001_R_0541.jpg"")","",""
881,882,145.72333975034,-16.8655239455699,"","=HYPERLINK(""Frames_for_Analysis/882_20250730_0001_R_0537.jpg"",""882_20250730_0001_R_0537.jpg"")","",""
882,883,145.723251064959,-16.8655102567334,"","=HYPERLINK(""Frames_for_Analysis/883_20250730_0001_R_0533.jpg"",""883_20250730_0001_R_0533.jpg"")","",""
883,884,145.723162768801,-16.8654945379957,"","=HYPERLINK(""Frames_for_Analysis/884_20250730_0001_R_0530.jpg"",""884_20250730_0001_R_0530.jpg"")","",""
884,885,145.723074782674,-16.8654772023675,"50","=HYPERLINK(""Frames_for_Analysis/885_20250730_0001_R_0526.jpg"",""885_20250730_0001_R_0526.jpg"")","",""
885,886,145.722986796547,-16.8654598667377,"","=HYPERLINK(""Frames_for_Analysis/886_20250730_0001_R_0523.jpg"",""886_20250730_0001_R_0523.jpg"")","",""
886,887,145.72289881042,-16.8654425311064,"","=HYPERLINK(""Frames_for_Analysis/887_20250730_0001_R_0520.jpg"",""887_20250730_0001_R_0520.jpg"")","",""
887,888,145.722810824292,-16.8654251954734,"","=HYPERLINK(""Frames_for_Analysis/888_20250730_0001_R_0517.jpg"",""888_20250730_0001_R_0517.jpg"")","",""
888,889,145.722724177848,-16.8654025310954,"","=HYPERLINK(""Frames_for_Analysis/889_20250730_0001_R_0514.jpg"",""889_20250730_0001_R_0514.jpg"")","",""
889,890,145.722637580909,-16.8653796697962,"50","=HYPERLINK(""Frames_for_Analysis/890_20250730_0001_R_0510.jpg"",""890_20250730_0001_R_0510.jpg"")","",""
890,891,145.722550983971,-16.8653568084943,"","=HYPERLINK(""Frames_for_Analysis/891_20250730_0001_R_0507.jpg"",""891_20250730_0001_R_0507.jpg"")","",""
891,892,145.722464387033,-16.8653339471895,"","=HYPERLINK(""Frames_for_Analysis/892_20250730_0001_R_0504.jpg"",""892_20250730_0001_R_0504.jpg"")","",""
892,893,145.722375982666,-16.8653187155386,"","=HYPERLINK(""Frames_for_Analysis/893_20250730_0001_R_0501.jpg"",""893_20250730_0001_R_0501.jpg"")","",""
893,894,145.722287550025,-16.8653036032403,"","=HYPERLINK(""Frames_for_Analysis/894_20250730_0001_R_0498.jpg"",""894_20250730_0001_R_0498.jpg"")","",""
894,895,145.722199117384,-16.8652884909407,"50","=HYPERLINK(""Frames_for_Analysis/895_20250730_0001_R_0495.jpg"",""895_20250730_0001_R_0495.jpg"")","",""
895,896,145.722110969423,-16.8652721057338,"","=HYPERLINK(""Frames_for_Analysis/896_20250730_0001_R_0492.jpg"",""896_20250730_0001_R_0492.jpg"")","",""
896,897,145.722023820132,-16.8652512551133,"","=HYPERLINK(""Frames_for_Analysis/897_20250730_0001_R_0489.jpg"",""897_20250730_0001_R_0489.jpg"")","",""
897,898,145.721936627002,-16.865230595141,"","=HYPERLINK(""Frames_for_Analysis/898_20250730_0001_R_0486.jpg"",""898_20250730_0001_R_0486.jpg"")","",""
898,899,145.72184838202,-16.8652145095494,"","=HYPERLINK(""Frames_for_Analysis/899_20250730_0001_R_0483.jpg"",""899_20250730_0001_R_0483.jpg"")","",""
899,900,145.721760137038,-16.8651984239564,"50","=HYPERLINK(""Frames_for_Analysis/900_20250730_0001_R_0480.jpg"",""900_20250730_0001_R_0480.jpg"")","",""
900,901,145.721671881897,-16.865182389805,"","=HYPERLINK(""Frames_for_Analysis/901_20250730_0001_R_0477.jpg"",""901_20250730_0001_R_0477.jpg"")","",""
901,902,145.72158358898,-16.8651665469417,"","=HYPERLINK(""Frames_for_Analysis/902_20250730_0001_R_0474.jpg"",""902_20250730_0001_R_0474.jpg"")","",""
902,903,145.721495215292,-16.8651519236463,"","=HYPERLINK(""Frames_for_Analysis/903_20250730_0001_R_0471.jpg"",""903_20250730_0001_R_0471.jpg"")","",""
903,904,145.721405538779,-16.8651569718523,"","=HYPERLINK(""Frames_for_Analysis/904_20250730_0001_R_0468.jpg"",""904_20250730_0001_R_0468.jpg"")","",""
904,905,145.721315862266,-16.8651620200582,"50","=HYPERLINK(""Frames_for_Analysis/905_20250730_0001_R_0465.jpg"",""905_20250730_0001_R_0465.jpg"")","",""
905,906,145.721227300273,-16.8651757636524,"","=HYPERLINK(""Frames_for_Analysis/906_20250730_0001_R_0463.jpg"",""906_20250730_0001_R_0463.jpg"")","",""
906,907,145.721139007342,-16.8651916064435,"","=HYPERLINK(""Frames_for_Analysis/907_20250730_0001_R_0460.jpg"",""907_20250730_0001_R_0460.jpg"")","",""
907,908,145.721050661974,-16.8651870625905,"","=HYPERLINK(""Frames_for_Analysis/908_20250730_0001_R_0457.jpg"",""908_20250730_0001_R_0457.jpg"")","",""
908,909,145.720962288615,-16.8651716359587,"","=HYPERLINK(""Frames_for_Analysis/909_20250730_0001_R_0453.jpg"",""909_20250730_0001_R_0453.jpg"")","",""
909,910,145.720875087692,-16.8651511590572,"50","=HYPERLINK(""Frames_for_Analysis/910_20250730_0001_R_0450.jpg"",""910_20250730_0001_R_0450.jpg"")","",""
910,911,145.72078820222,-16.8651293233542,"","=HYPERLINK(""Frames_for_Analysis/911_20250730_0001_R_0448.jpg"",""911_20250730_0001_R_0448.jpg"")","",""
911,912,145.720701316747,-16.8651074876486,"","=HYPERLINK(""Frames_for_Analysis/912_20250730_0001_R_0445.jpg"",""912_20250730_0001_R_0445.jpg"")","",""
912,913,145.720614431274,-16.8650856519406,"","=HYPERLINK(""Frames_for_Analysis/913_20250730_0001_R_0443.jpg"",""913_20250730_0001_R_0443.jpg"")","",""
913,914,145.720531412745,-16.8650551316462,"","=HYPERLINK(""Frames_for_Analysis/914_20250730_0001_R_0440.jpg"",""914_20250730_0001_R_0440.jpg"")","",""
914,915,145.720451594459,-16.8650176314528,"50","=HYPERLINK(""Frames_for_Analysis/915_20250730_0001_R_0437.jpg"",""915_20250730_0001_R_0437.jpg"")","",""
915,916,145.720365604277,-16.8649943791391,"","=HYPERLINK(""Frames_for_Analysis/916_20250730_0001_R_0434.jpg"",""916_20250730_0001_R_0434.jpg"")","",""
916,917,145.720288803171,-16.8649497860889,"","=HYPERLINK(""Frames_for_Analysis/917_20250730_0001_R_0431.jpg"",""917_20250730_0001_R_0431.jpg"")","",""
917,918,145.720212002588,-16.864905192202,"","=HYPERLINK(""Frames_for_Analysis/918_20250730_0001_R_0428.jpg"",""918_20250730_0001_R_0428.jpg"")","",""
918,919,145.720135201794,-16.8648605986379,"","=HYPERLINK(""Frames_for_Analysis/919_20250730_0001_R_0425.jpg"",""919_20250730_0001_R_0425.jpg"")","",""
919,920,145.720054280659,-16.8648237629192,"50","=HYPERLINK(""Frames_for_Analysis/920_20250730_0001_R_0422.jpg"",""920_20250730_0001_R_0422.jpg"")","",""
920,921,145.719971370982,-16.8647906713465,"","=HYPERLINK(""Frames_for_Analysis/921_20250730_0001_R_0419.jpg"",""921_20250730_0001_R_0419.jpg"")","",""
921,922,145.719888461887,-16.8647575784348,"","=HYPERLINK(""Frames_for_Analysis/922_20250730_0001_R_0417.jpg"",""922_20250730_0001_R_0417.jpg"")","",""
922,923,145.719814148939,-16.8647093838089,"","=HYPERLINK(""Frames_for_Analysis/923_20250730_0001_R_0413.jpg"",""923_20250730_0001_R_0413.jpg"")","",""
923,924,145.719740131732,-16.8646606696294,"","=HYPERLINK(""Frames_for_Analysis/924_20250730_0001_R_0410.jpg"",""924_20250730_0001_R_0410.jpg"")","",""
924,925,145.71966711708,-16.8646106507967,"50","=HYPERLINK(""Frames_for_Analysis/925_20250730_0001_R_0408.jpg"",""925_20250730_0001_R_0408.jpg"")","",""
925,926,145.719596468681,-16.8645575527072,"","=HYPERLINK(""Frames_for_Analysis/926_20250730_0001_R_0405.jpg"",""926_20250730_0001_R_0405.jpg"")","",""
926,927,145.719522892205,-16.8645083904565,"","=HYPERLINK(""Frames_for_Analysis/927_20250730_0001_R_0402.jpg"",""927_20250730_0001_R_0402.jpg"")","",""
927,928,145.719447678975,-16.8644613959346,"","=HYPERLINK(""Frames_for_Analysis/928_20250730_0001_R_0399.jpg"",""928_20250730_0001_R_0399.jpg"")","",""
928,929,145.719370878043,-16.8644168024833,"","=HYPERLINK(""Frames_for_Analysis/929_20250730_0001_R_0396.jpg"",""929_20250730_0001_R_0396.jpg"")","",""
929,930,145.719295395561,-16.8643703555699,"50","=HYPERLINK(""Frames_for_Analysis/930_20250730_0001_R_0393.jpg"",""930_20250730_0001_R_0393.jpg"")","",""
930,931,145.719223883968,-16.8643183264409,"","=HYPERLINK(""Frames_for_Analysis/931_20250730_0001_R_0390.jpg"",""931_20250730_0001_R_0390.jpg"")","",""
931,932,145.719152371988,-16.8642662977863,"","=HYPERLINK(""Frames_for_Analysis/932_20250730_0001_R_0387.jpg"",""932_20250730_0001_R_0387.jpg"")","",""
932,933,145.719080860072,-16.8642142690362,"","=HYPERLINK(""Frames_for_Analysis/933_20250730_0001_R_0385.jpg"",""933_20250730_0001_R_0385.jpg"")","",""
933,934,145.719007475398,-16.8641646864906,"","=HYPERLINK(""Frames_for_Analysis/934_20250730_0001_R_0382.jpg"",""934_20250730_0001_R_0382.jpg"")","",""
934,935,145.718931563872,-16.8641187755812,"50","=HYPERLINK(""Frames_for_Analysis/935_20250730_0001_R_0379.jpg"",""935_20250730_0001_R_0379.jpg"")","",""
935,936,145.718855837294,-16.8640725861691,"","=HYPERLINK(""Frames_for_Analysis/936_20250730_0001_R_0376.jpg"",""936_20250730_0001_R_0376.jpg"")","",""
936,937,145.718782087777,-16.8640235014064,"","=HYPERLINK(""Frames_for_Analysis/937_20250730_0001_R_0374.jpg"",""937_20250730_0001_R_0374.jpg"")","",""
937,938,145.718708666702,-16.8639739954407,"","=HYPERLINK(""Frames_for_Analysis/938_20250730_0001_R_0370.jpg"",""938_20250730_0001_R_0370.jpg"")","",""
938,939,145.718638559168,-16.8639202446357,"","=HYPERLINK(""Frames_for_Analysis/939_20250730_0001_R_0367.jpg"",""939_20250730_0001_R_0367.jpg"")","",""
939,940,145.718568451509,-16.8638664939643,"50","=HYPERLINK(""Frames_for_Analysis/940_20250730_0001_R_0365.jpg"",""940_20250730_0001_R_0365.jpg"")","",""
940,941,145.718498371027,-16.8638127109148,"","=HYPERLINK(""Frames_for_Analysis/941_20250730_0001_R_0361.jpg"",""941_20250730_0001_R_0361.jpg"")","",""
941,942,145.718428365343,-16.8637588386252,"","=HYPERLINK(""Frames_for_Analysis/942_20250730_0001_R_0358.jpg"",""942_20250730_0001_R_0358.jpg"")","",""
942,943,145.718358359659,-16.8637049663202,"","=HYPERLINK(""Frames_for_Analysis/943_20250730_0001_R_0355.jpg"",""943_20250730_0001_R_0355.jpg"")","",""
943,944,145.718288353975,-16.8636510939999,"","=HYPERLINK(""Frames_for_Analysis/944_20250730_0001_R_0352.jpg"",""944_20250730_0001_R_0352.jpg"")","",""
944,945,145.718218348291,-16.8635972216643,"50","=HYPERLINK(""Frames_for_Analysis/945_20250730_0001_R_0349.jpg"",""945_20250730_0001_R_0349.jpg"")","",""
945,946,145.718148342608,-16.8635433493133,"","=HYPERLINK(""Frames_for_Analysis/946_20250730_0001_R_0345.jpg"",""946_20250730_0001_R_0345.jpg"")","",""
946,947,145.718078336924,-16.863489476947,"","=HYPERLINK(""Frames_for_Analysis/947_20250730_0001_R_0342.jpg"",""947_20250730_0001_R_0342.jpg"")","",""
947,948,145.71800833124,-16.8634356045653,"","=HYPERLINK(""Frames_for_Analysis/948_20250730_0001_R_0340.jpg"",""948_20250730_0001_R_0340.jpg"")","",""
948,949,145.71793996533,-16.8633798383781,"","=HYPERLINK(""Frames_for_Analysis/949_20250730_0001_R_0337.jpg"",""949_20250730_0001_R_0337.jpg"")","",""
949,950,145.717918537096,-16.8633148821933,"50","=HYPERLINK(""Frames_for_Analysis/950_20250730_0001_R_0336.jpg"",""950_20250730_0001_R_0336.jpg"")","",""
950,951,145.717880247199,-16.8632373370828,"","=HYPERLINK(""Frames_for_Analysis/951_20250730_0001_R_0333.jpg"",""951_20250730_0001_R_0333.jpg"")","",""
951,952,145.717818931715,-16.8631755150608,"","=HYPERLINK(""Frames_for_Analysis/952_20250730_0001_R_0331.jpg"",""952_20250730_0001_R_0331.jpg"")","",""
952,953,145.71775395442,-16.8631161528382,"","=HYPERLINK(""Frames_for_Analysis/953_20250730_0001_R_0328.jpg"",""953_20250730_0001_R_0328.jpg"")","",""
953,954,145.717688977126,-16.8630567905969,"","=HYPERLINK(""Frames_for_Analysis/954_20250730_0001_R_0325.jpg"",""954_20250730_0001_R_0325.jpg"")","",""
954,955,145.717623999831,-16.8629974283371,"50","=HYPERLINK(""Frames_for_Analysis/955_20250730_0001_R_0322.jpg"",""955_20250730_0001_R_0322.jpg"")","",""
955,956,145.717559022537,-16.8629380660585,"","=HYPERLINK(""Frames_for_Analysis/956_20250730_0001_R_0319.jpg"",""956_20250730_0001_R_0319.jpg"")","",""
956,957,145.717494476821,-16.8628783028585,"","=HYPERLINK(""Frames_for_Analysis/957_20250730_0001_R_0316.jpg"",""957_20250730_0001_R_0316.jpg"")","",""
957,958,145.717434447935,-16.8628143465192,"","=HYPERLINK(""Frames_for_Analysis/958_20250730_0001_R_0313.jpg"",""958_20250730_0001_R_0313.jpg"")","",""
958,959,145.717374433635,-16.8627503776157,"","=HYPERLINK(""Frames_for_Analysis/959_20250730_0001_R_0310.jpg"",""959_20250730_0001_R_0310.jpg"")","",""
959,960,145.717314419335,-16.8626864086905,"50","=HYPERLINK(""Frames_for_Analysis/960_20250730_0001_R_0307.jpg"",""960_20250730_0001_R_0307.jpg"")","",""
960,961,145.717254330885,-16.8626225035796,"","=HYPERLINK(""Frames_for_Analysis/961_20250730_0001_R_0304.jpg"",""961_20250730_0001_R_0304.jpg"")","",""
961,962,145.717194188111,-16.8625586452142,"","=HYPERLINK(""Frames_for_Analysis/962_20250730_0001_R_0301.jpg"",""962_20250730_0001_R_0301.jpg"")","",""
962,963,145.717135137969,-16.8624938765141,"","=HYPERLINK(""Frames_for_Analysis/963_20250730_0001_R_0298.jpg"",""963_20250730_0001_R_0298.jpg"")","",""
963,964,145.717204273726,-16.8624543288089,"","=HYPERLINK(""Frames_for_Analysis/964_20250730_0001_R_0297.jpg"",""964_20250730_0001_R_0297.jpg"")","",""
964,965,145.717281792425,-16.8624120593735,"50","=HYPERLINK(""Frames_for_Analysis/965_20250730_0001_R_0296.jpg"",""965_20250730_0001_R_0296.jpg"")","",""
965,966,145.717347091918,-16.8623548086211,"","=HYPERLINK(""Frames_for_Analysis/966_20250730_0001_R_0295.jpg"",""966_20250730_0001_R_0295.jpg"")","",""
966,967,145.71739195836,-16.8622803298926,"","=HYPERLINK(""Frames_for_Analysis/967_20250730_0001_R_0293.jpg"",""967_20250730_0001_R_0293.jpg"")","",""
967,968,145.717405158791,-16.8621962167446,"","=HYPERLINK(""Frames_for_Analysis/968_20250730_0001_R_0291.jpg"",""968_20250730_0001_R_0291.jpg"")","",""
968,969,145.717409151913,-16.8621104113056,"","=HYPERLINK(""Frames_for_Analysis/969_20250730_0001_R_0288.jpg"",""969_20250730_0001_R_0288.jpg"")","",""
969,970,145.71740973138,-16.8620244437975,"50","=HYPERLINK(""Frames_for_Analysis/970_20250730_0001_R_0285.jpg"",""970_20250730_0001_R_0285.jpg"")","",""
970,971,145.717405004824,-16.8619385978057,"","=HYPERLINK(""Frames_for_Analysis/971_20250730_0001_R_0282.jpg"",""971_20250730_0001_R_0282.jpg"")","",""
971,972,145.717402684239,-16.8618527606632,"","=HYPERLINK(""Frames_for_Analysis/972_20250730_0001_R_0278.jpg"",""972_20250730_0001_R_0278.jpg"")","",""
972,973,145.717407960173,-16.8617669396481,"","=HYPERLINK(""Frames_for_Analysis/973_20250730_0001_R_0275.jpg"",""973_20250730_0001_R_0275.jpg"")","",""
973,974,145.717413236108,-16.861681118594,"","=HYPERLINK(""Frames_for_Analysis/974_20250730_0001_R_0271.jpg"",""974_20250730_0001_R_0271.jpg"")","",""
974,975,145.717418512043,-16.861595297501,"50","=HYPERLINK(""Frames_for_Analysis/975_20250730_0001_R_0268.jpg"",""975_20250730_0001_R_0268.jpg"")","",""
975,976,145.717423787977,-16.861509476369,"","=HYPERLINK(""Frames_for_Analysis/976_20250730_0001_R_0264.jpg"",""976_20250730_0001_R_0264.jpg"")","",""
976,977,145.717429063912,-16.861423655198,"","=HYPERLINK(""Frames_for_Analysis/977_20250730_0001_R_0261.jpg"",""977_20250730_0001_R_0261.jpg"")","",""
977,978,145.71743365894,-16.8613378464895,"","=HYPERLINK(""Frames_for_Analysis/978_20250730_0001_R_0257.jpg"",""978_20250730_0001_R_0257.jpg"")","",""
978,979,145.717424947329,-16.8612522820507,"","=HYPERLINK(""Frames_for_Analysis/979_20250730_0001_R_0254.jpg"",""979_20250730_0001_R_0254.jpg"")","",""
979,980,145.717416235718,-16.8611667175731,"50","=HYPERLINK(""Frames_for_Analysis/980_20250730_0001_R_0251.jpg"",""980_20250730_0001_R_0251.jpg"")","",""
980,981,145.717407524107,-16.8610811530568,"","=HYPERLINK(""Frames_for_Analysis/981_20250730_0001_R_0248.jpg"",""981_20250730_0001_R_0248.jpg"")","",""
981,982,145.717398812496,-16.8609955885018,"","=HYPERLINK(""Frames_for_Analysis/982_20250730_0001_R_0244.jpg"",""982_20250730_0001_R_0244.jpg"")","",""
982,983,145.717390100885,-16.8609100239081,"","=HYPERLINK(""Frames_for_Analysis/983_20250730_0001_R_0241.jpg"",""983_20250730_0001_R_0241.jpg"")","",""
983,984,145.717381389274,-16.8608244592757,"","=HYPERLINK(""Frames_for_Analysis/984_20250730_0001_R_0238.jpg"",""984_20250730_0001_R_0238.jpg"")","",""
984,985,145.717372677663,-16.8607388946045,"50","=HYPERLINK(""Frames_for_Analysis/985_20250730_0001_R_0234.jpg"",""985_20250730_0001_R_0234.jpg"")","",""
985,986,145.717363966052,-16.8606533298946,"","=HYPERLINK(""Frames_for_Analysis/986_20250730_0001_R_0231.jpg"",""986_20250730_0001_R_0231.jpg"")","",""
986,987,145.717355254441,-16.8605677651459,"","=HYPERLINK(""Frames_for_Analysis/987_20250730_0001_R_0227.jpg"",""987_20250730_0001_R_0227.jpg"")","",""
987,988,145.71734412948,-16.860482659428,"","=HYPERLINK(""Frames_for_Analysis/988_20250730_0001_R_0224.jpg"",""988_20250730_0001_R_0224.jpg"")","",""
988,989,145.717317987334,-16.8604004102535,"","=HYPERLINK(""Frames_for_Analysis/989_20250730_0001_R_0221.jpg"",""989_20250730_0001_R_0221.jpg"")","",""
989,990,145.717291845188,-16.8603181610433,"50","=HYPERLINK(""Frames_for_Analysis/990_20250730_0001_R_0218.jpg"",""990_20250730_0001_R_0218.jpg"")","",""
990,991,145.717265703042,-16.8602359117973,"","=HYPERLINK(""Frames_for_Analysis/991_20250730_0001_R_0215.jpg"",""991_20250730_0001_R_0215.jpg"")","",""
991,992,145.717239560896,-16.8601536625155,"","=HYPERLINK(""Frames_for_Analysis/992_20250730_0001_R_0211.jpg"",""992_20250730_0001_R_0211.jpg"")","",""
992,993,145.71721341875,-16.8600714131979,"","=HYPERLINK(""Frames_for_Analysis/993_20250730_0001_R_0208.jpg"",""993_20250730_0001_R_0208.jpg"")","",""
993,994,145.717187276604,-16.8599891638445,"","=HYPERLINK(""Frames_for_Analysis/994_20250730_0001_R_0205.jpg"",""994_20250730_0001_R_0205.jpg"")","",""
994,995,145.717161134458,-16.8599069144554,"50","=HYPERLINK(""Frames_for_Analysis/995_20250730_0001_R_0201.jpg"",""995_20250730_0001_R_0201.jpg"")","",""
995,996,145.717134992312,-16.8598246650305,"","=HYPERLINK(""Frames_for_Analysis/996_20250730_0001_R_0198.jpg"",""996_20250730_0001_R_0198.jpg"")","",""
996,997,145.717113538736,-16.8597412616913,"","=HYPERLINK(""Frames_for_Analysis/997_20250730_0001_R_0194.jpg"",""997_20250730_0001_R_0194.jpg"")","",""
997,998,145.717094977459,-16.8596571465074,"","=HYPERLINK(""Frames_for_Analysis/998_20250730_0001_R_0191.jpg"",""998_20250730_0001_R_0191.jpg"")","",""
998,999,145.717076416181,-16.8595730312861,"","=HYPERLINK(""Frames_for_Analysis/999_20250730_0001_R_0187.jpg"",""999_20250730_0001_R_0187.jpg"")","",""
999,1000,145.717057854904,-16.8594889160273,"50","=HYPERLINK(""Frames_for_Analysis/1000_20250730_0001_R_0184.jpg"",""1000_20250730_0001_R_0184.jpg"")","",""
1000,1001,145.717035568388,-16.8594056778561,"","=HYPERLINK(""Frames_for_Analysis/1001_20250730_0001_R_0181.jpg"",""1001_20250730_0001_R_0181.jpg"")","",""
1001,1002,145.717011230802,-16.8593229225828,"","=HYPERLINK(""Frames_for_Analysis/1002_20250730_0001_R_0178.jpg"",""1002_20250730_0001_R_0178.jpg"")","",""
1002,1003,145.716986893216,-16.8592401672733,"","=HYPERLINK(""Frames_for_Analysis/1003_20250730_0001_R_0175.jpg"",""1003_20250730_0001_R_0175.jpg"")","",""
1003,1004,145.716962555629,-16.8591574119276,"","=HYPERLINK(""Frames_for_Analysis/1004_20250730_0001_R_0172.jpg"",""1004_20250730_0001_R_0172.jpg"")","",""
1004,1005,145.716938218043,-16.8590746565456,"50","=HYPERLINK(""Frames_for_Analysis/1005_20250730_0001_R_0168.jpg"",""1005_20250730_0001_R_0168.jpg"")","",""
1005,1006,145.716915589776,-16.8589914632194,"","=HYPERLINK(""Frames_for_Analysis/1006_20250730_0001_R_0165.jpg"",""1006_20250730_0001_R_0165.jpg"")","",""
1006,1007,145.716893472329,-16.8589081389905,"","=HYPERLINK(""Frames_for_Analysis/1007_20250730_0001_R_0161.jpg"",""1007_20250730_0001_R_0161.jpg"")","",""
1007,1008,145.716888961603,-16.8588272385099,"","=HYPERLINK(""Frames_for_Analysis/1008_20250730_0001_R_0158.jpg"",""1008_20250730_0001_R_0158.jpg"")","",""
1008,1009,145.716917087764,-16.8587465490068,"","=HYPERLINK(""Frames_for_Analysis/1009_20250730_0001_R_0155.jpg"",""1009_20250730_0001_R_0155.jpg"")","",""
1009,1010,145.716917028451,-16.8586605781991,"50","=HYPERLINK(""Frames_for_Analysis/1010_20250730_0001_R_0151.jpg"",""1010_20250730_0001_R_0151.jpg"")","",""
1010,1011,145.716883198948,-16.8585831656765,"","=HYPERLINK(""Frames_for_Analysis/1011_20250730_0001_R_0148.jpg"",""1011_20250730_0001_R_0148.jpg"")","",""
1011,1012,145.716870725578,-16.8584988890825,"","=HYPERLINK(""Frames_for_Analysis/1012_20250730_0001_R_0145.jpg"",""1012_20250730_0001_R_0145.jpg"")","",""
1012,1013,145.71686279886,-16.8584132534939,"","=HYPERLINK(""Frames_for_Analysis/1013_20250730_0001_R_0142.jpg"",""1013_20250730_0001_R_0142.jpg"")","",""
1013,1014,145.716850900612,-16.8583285064349,"","=HYPERLINK(""Frames_for_Analysis/1014_20250730_0001_R_0138.jpg"",""1014_20250730_0001_R_0138.jpg"")","",""
1014,1015,145.716818335867,-16.8582483831475,"50","=HYPERLINK(""Frames_for_Analysis/1015_20250730_0001_R_0135.jpg"",""1015_20250730_0001_R_0135.jpg"")","",""
1015,1016,145.716793572474,-16.8581662480982,"","=HYPERLINK(""Frames_for_Analysis/1016_20250730_0001_R_0132.jpg"",""1016_20250730_0001_R_0132.jpg"")","",""
1016,1017,145.716779665498,-16.8580813134768,"","=HYPERLINK(""Frames_for_Analysis/1017_20250730_0001_R_0129.jpg"",""1017_20250730_0001_R_0129.jpg"")","",""
1017,1018,145.716765758521,-16.8579963788173,"","=HYPERLINK(""Frames_for_Analysis/1018_20250730_0001_R_0125.jpg"",""1018_20250730_0001_R_0125.jpg"")","",""
1018,1019,145.716751851545,-16.8579114441195,"","=HYPERLINK(""Frames_for_Analysis/1019_20250730_0001_R_0122.jpg"",""1019_20250730_0001_R_0122.jpg"")","",""
1019,1020,145.716737944568,-16.8578265093837,"50","=HYPERLINK(""Frames_for_Analysis/1020_20250730_0001_R_0119.jpg"",""1020_20250730_0001_R_0119.jpg"")","",""
1020,1021,145.716720626677,-16.8577430623279,"","=HYPERLINK(""Frames_for_Analysis/1021_20250730_0001_R_0115.jpg"",""1021_20250730_0001_R_0115.jpg"")","",""
1021,1022,145.716670870014,-16.8576742193638,"","=HYPERLINK(""Frames_for_Analysis/1022_20250730_0001_R_0112.jpg"",""1022_20250730_0001_R_0112.jpg"")","",""
1022,1023,145.716659665699,-16.8575895979579,"","=HYPERLINK(""Frames_for_Analysis/1023_20250730_0001_R_0108.jpg"",""1023_20250730_0001_R_0108.jpg"")","",""
1023,1024,145.716628898934,-16.8575088261546,"","=HYPERLINK(""Frames_for_Analysis/1024_20250730_0001_R_0105.jpg"",""1024_20250730_0001_R_0105.jpg"")","",""
1024,1025,145.716598132169,-16.8574280543167,"50","=HYPERLINK(""Frames_for_Analysis/1025_20250730_0001_R_0102.jpg"",""1025_20250730_0001_R_0102.jpg"")","",""
1025,1026,145.716573094834,-16.8573462864391,"","=HYPERLINK(""Frames_for_Analysis/1026_20250730_0001_R_0098.jpg"",""1026_20250730_0001_R_0098.jpg"")","",""
1026,1027,145.716572214273,-16.8572603191065,"","=HYPERLINK(""Frames_for_Analysis/1027_20250730_0001_R_0095.jpg"",""1027_20250730_0001_R_0095.jpg"")","",""
1027,1028,145.716544735871,-16.8571795208756,"","=HYPERLINK(""Frames_for_Analysis/1028_20250730_0001_R_0091.jpg"",""1028_20250730_0001_R_0091.jpg"")","",""
1028,1029,145.71651050909,-16.8571000341202,"","=HYPERLINK(""Frames_for_Analysis/1029_20250730_0001_R_0088.jpg"",""1029_20250730_0001_R_0088.jpg"")","",""
1029,1030,145.716499987828,-16.8570165261522,"50","=HYPERLINK(""Frames_for_Analysis/1030_20250730_0001_R_0085.jpg"",""1030_20250730_0001_R_0085.jpg"")","",""
1030,1031,145.716471296488,-16.8569377753365,"","=HYPERLINK(""Frames_for_Analysis/1031_20250730_0001_R_0081.jpg"",""1031_20250730_0001_R_0081.jpg"")","",""
1031,1032,145.716428628667,-16.8568621203958,"","=HYPERLINK(""Frames_for_Analysis/1032_20250730_0001_R_0076.jpg"",""1032_20250730_0001_R_0076.jpg"")","",""
1032,1033,145.716432370652,-16.8567769642185,"","=HYPERLINK(""Frames_for_Analysis/1033_20250730_0001_R_0072.jpg"",""1033_20250730_0001_R_0072.jpg"")","",""
1033,1034,145.716390411792,-16.856700946906,"","=HYPERLINK(""Frames_for_Analysis/1034_20250730_0001_R_0068.jpg"",""1034_20250730_0001_R_0068.jpg"")","",""
1034,1035,145.716360148639,-16.8566220596704,"50","=HYPERLINK(""Frames_for_Analysis/1035_20250730_0001_R_0064.jpg"",""1035_20250730_0001_R_0064.jpg"")","",""
1035,1036,145.716335377412,-16.8565454165146,"","=HYPERLINK(""Frames_for_Analysis/1036_20250730_0001_R_0059.jpg"",""1036_20250730_0001_R_0059.jpg"")","",""
1036,1037,145.71627909922,-16.8564818722457,"","=HYPERLINK(""Frames_for_Analysis/1037_20250730_0001_R_0055.jpg"",""1037_20250730_0001_R_0055.jpg"")","",""
1037,1038,145.716290641318,-16.8563966129833,"","=HYPERLINK(""Frames_for_Analysis/1038_20250730_0001_R_0052.jpg"",""1038_20250730_0001_R_0052.jpg"")","",""
1038,1039,145.716294119063,-16.8563119574477,"","=HYPERLINK(""Frames_for_Analysis/1039_20250730_0001_R_0048.jpg"",""1039_20250730_0001_R_0048.jpg"")","",""
1039,1040,145.716268863701,-16.8562294530768,"50","=HYPERLINK(""Frames_for_Analysis/1040_20250730_0001_R_0044.jpg"",""1040_20250730_0001_R_0044.jpg"")","",""
1040,1041,145.71623068167,-16.8561529203145,"","=HYPERLINK(""Frames_for_Analysis/1041_20250717_0001_R_2306.jpg"",""1041_20250717_0001_R_2306.jpg"")","",""
1041,1042,145.716182366891,-16.8560805267417,"","=HYPERLINK(""Frames_for_Analysis/1042_20250730_0001_R_0036.jpg"",""1042_20250730_0001_R_0036.jpg"")","",""
1042,1043,145.716138805777,-16.8560053510449,"","=HYPERLINK(""Frames_for_Analysis/1043_20250730_0001_R_0030.jpg"",""1043_20250730_0001_R_0030.jpg"")","",""
1043,1044,145.716095794163,-16.8559298889084,"","=HYPERLINK(""Frames_for_Analysis/1044_20250730_0001_R_0025.jpg"",""1044_20250730_0001_R_0025.jpg"")","",""
1044,1045,145.716043185778,-16.8558602020102,"50","=HYPERLINK(""Frames_for_Analysis/1045_20250730_0001_R_0020.jpg"",""1045_20250730_0001_R_0020.jpg"")","",""
1045,1046,145.715992253232,-16.8557894135779,"","=HYPERLINK(""Frames_for_Analysis/1046_20251008_0002_L_0003.jpg"",""1046_20251008_0002_L_0003.jpg"")","",""
1046,1047,145.715943177282,-16.8557174048012,"","=HYPERLINK(""Frames_for_Analysis/1047_20251008_0002_L_0018.jpg"",""1047_20251008_0002_L_0018.jpg"")","",""
1047,1048,145.715894101332,-16.8556453959972,"","=HYPERLINK(""Frames_for_Analysis/1048_20251008_0002_L_0023.jpg"",""1048_20251008_0002_L_0023.jpg"")","",""
1048,1049,145.715817753374,-16.8556015279878,"","=HYPERLINK(""Frames_for_Analysis/1049_20251008_0002_L_0027.jpg"",""1049_20251008_0002_L_0027.jpg"")","",""
1049,1050,145.715739037634,-16.8555601031819,"50","=HYPERLINK(""Frames_for_Analysis/1050_20250717_0001_R_2319.jpg"",""1050_20250717_0001_R_2319.jpg"")","",""
1050,1051,145.715664507426,-16.8555134965975,"","=HYPERLINK(""Frames_for_Analysis/1051_20250717_0001_R_2335.jpg"",""1051_20250717_0001_R_2335.jpg"")","",""
1051,1052,145.715602791389,-16.8554510258021,"","=HYPERLINK(""Frames_for_Analysis/1052_20251008_0002_L_0042.jpg"",""1052_20251008_0002_L_0042.jpg"")","",""
1052,1053,145.715541075353,-16.8553885549861,"","=HYPERLINK(""Frames_for_Analysis/1053_20251008_0002_L_0046.jpg"",""1053_20251008_0002_L_0046.jpg"")","",""
1053,1054,145.715454930743,-16.8553714046601,"","=HYPERLINK(""Frames_for_Analysis/1054_20251008_0002_L_0050.jpg"",""1054_20251008_0002_L_0050.jpg"")","",""
1054,1055,145.715365966831,-16.8553594847738,"50","=HYPERLINK(""Frames_for_Analysis/1055_20251008_0002_L_0054.jpg"",""1055_20251008_0002_L_0054.jpg"")","",""
1055,1056,145.715277002919,-16.8553475648867,"","=HYPERLINK(""Frames_for_Analysis/1056_20250717_0001_R_2329.jpg"",""1056_20250717_0001_R_2329.jpg"")","",""
1056,1057,145.715188039008,-16.855335644999,"","=HYPERLINK(""Frames_for_Analysis/1057_20251008_0002_L_0062.jpg"",""1057_20251008_0002_L_0062.jpg"")","",""
1057,1058,145.715099075096,-16.8553237251104,"","=HYPERLINK(""Frames_for_Analysis/1058_20251008_0002_L_0065.jpg"",""1058_20251008_0002_L_0065.jpg"")","",""
1058,1059,145.715010111184,-16.8553118052211,"","=HYPERLINK(""Frames_for_Analysis/1059_20251008_0002_L_0069.jpg"",""1059_20251008_0002_L_0069.jpg"")","",""
1059,1060,145.714920958637,-16.8553024769277,"50","=HYPERLINK(""Frames_for_Analysis/1060_20251008_0002_L_0072.jpg"",""1060_20251008_0002_L_0072.jpg"")","",""
1060,1061,145.714831127108,-16.8553024769277,"","=HYPERLINK(""Frames_for_Analysis/1061_20251008_0002_L_0076.jpg"",""1061_20251008_0002_L_0076.jpg"")","",""
1061,1062,145.71474129558,-16.8553024769277,"","=HYPERLINK(""Frames_for_Analysis/1062_20251008_0002_L_0079.jpg"",""1062_20251008_0002_L_0079.jpg"")","",""
1062,1063,145.714651538041,-16.8553031920455,"","=HYPERLINK(""Frames_for_Analysis/1063_20251008_0002_L_0082.jpg"",""1063_20251008_0002_L_0082.jpg"")","",""
1063,1064,145.714563450989,-16.8553200526576,"","=HYPERLINK(""Frames_for_Analysis/1064_20251008_0002_L_0085.jpg"",""1064_20251008_0002_L_0085.jpg"")","",""
1064,1065,145.714475363937,-16.8553369132682,"50","=HYPERLINK(""Frames_for_Analysis/1065_20251008_0002_L_0088.jpg"",""1065_20251008_0002_L_0088.jpg"")","",""
1065,1066,145.714387276886,-16.8553537738773,"","=HYPERLINK(""Frames_for_Analysis/1066_20251008_0002_L_0091.jpg"",""1066_20251008_0002_L_0091.jpg"")","",""
1066,1067,145.714299189834,-16.855370634485,"","=HYPERLINK(""Frames_for_Analysis/1067_20251008_0002_L_0094.jpg"",""1067_20251008_0002_L_0094.jpg"")","",""
1067,1068,145.714213025136,-16.8553932820906,"","=HYPERLINK(""Frames_for_Analysis/1068_20251008_0002_L_0097.jpg"",""1068_20251008_0002_L_0097.jpg"")","",""
1068,1069,145.714130936004,-16.8554281986639,"","=HYPERLINK(""Frames_for_Analysis/1069_20251008_0002_L_0100.jpg"",""1069_20251008_0002_L_0100.jpg"")","",""
1069,1070,145.714048846872,-16.8554631152307,"50","=HYPERLINK(""Frames_for_Analysis/1070_20251008_0002_L_0104.jpg"",""1070_20251008_0002_L_0104.jpg"")","",""
1070,1071,145.71396675774,-16.8554980317911,"","=HYPERLINK(""Frames_for_Analysis/1071_20251008_0002_L_0107.jpg"",""1071_20251008_0002_L_0107.jpg"")","",""
1071,1072,145.713888370104,-16.8555391463789,"","=HYPERLINK(""Frames_for_Analysis/1072_20251008_0002_L_0110.jpg"",""1072_20251008_0002_L_0110.jpg"")","",""
1072,1073,145.713815271183,-16.8555891167374,"","=HYPERLINK(""Frames_for_Analysis/1073_20251008_0002_L_0114.jpg"",""1073_20251008_0002_L_0114.jpg"")","",""
1073,1074,145.713742172262,-16.8556390870827,"","=HYPERLINK(""Frames_for_Analysis/1074_20251008_0002_L_0117.jpg"",""1074_20251008_0002_L_0117.jpg"")","",""
1074,1075,145.713669073342,-16.8556890574147,"50","=HYPERLINK(""Frames_for_Analysis/1075_20251008_0002_L_0120.jpg"",""1075_20251008_0002_L_0120.jpg"")","",""
1075,1076,145.713595974421,-16.8557390277336,"","=HYPERLINK(""Frames_for_Analysis/1076_20251008_0002_L_0123.jpg"",""1076_20251008_0002_L_0123.jpg"")","",""
1076,1077,145.7135228755,-16.8557889980393,"","=HYPERLINK(""Frames_for_Analysis/1077_20251008_0002_L_0126.jpg"",""1077_20251008_0002_L_0126.jpg"")","",""
1077,1078,145.713449776579,-16.8558389683318,"","=HYPERLINK(""Frames_for_Analysis/1078_20251008_0002_L_0129.jpg"",""1078_20251008_0002_L_0129.jpg"")","",""
1078,1079,145.7133810123,-16.8558940103365,"","=HYPERLINK(""Frames_for_Analysis/1079_20251008_0002_L_0134.jpg"",""1079_20251008_0002_L_0134.jpg"")","",""
1079,1080,145.713315340582,-16.8559526707592,"50","=HYPERLINK(""Frames_for_Analysis/1080_20251008_0002_L_0137.jpg"",""1080_20251008_0002_L_0137.jpg"")","",""
1080,1081,145.713249668864,-16.8560113311637,"","=HYPERLINK(""Frames_for_Analysis/1081_20251008_0002_L_0140.jpg"",""1081_20251008_0002_L_0140.jpg"")","",""
1081,1082,145.713185867032,-16.8560718438682,"","=HYPERLINK(""Frames_for_Analysis/1082_20251008_0002_L_0143.jpg"",""1082_20251008_0002_L_0143.jpg"")","",""
1082,1083,145.713122346537,-16.8561326352472,"","=HYPERLINK(""Frames_for_Analysis/1083_20251008_0002_L_0146.jpg"",""1083_20251008_0002_L_0146.jpg"")","",""
1083,1084,145.713058826042,-16.8561934266066,"","=HYPERLINK(""Frames_for_Analysis/1084_20251008_0002_L_0149.jpg"",""1084_20251008_0002_L_0149.jpg"")","",""
1084,1085,145.712994364031,-16.856253197238,"50","=HYPERLINK(""Frames_for_Analysis/1085_20251008_0002_L_0152.jpg"",""1085_20251008_0002_L_0152.jpg"")","",""
1085,1086,145.71292345534,-16.8563059789267,"","=HYPERLINK(""Frames_for_Analysis/1086_20251008_0002_L_0155.jpg"",""1086_20251008_0002_L_0155.jpg"")","",""
1086,1087,145.712852546648,-16.8563587606006,"","=HYPERLINK(""Frames_for_Analysis/1087_20251008_0002_L_0158.jpg"",""1087_20251008_0002_L_0158.jpg"")","",""
1087,1088,145.712785040726,-16.856414211994,"","=HYPERLINK(""Frames_for_Analysis/1088_20251008_0002_L_0161.jpg"",""1088_20251008_0002_L_0161.jpg"")","",""
1088,1089,145.712744867188,-16.8564911077183,"","=HYPERLINK(""Frames_for_Analysis/1089_20251008_0002_L_0164.jpg"",""1089_20251008_0002_L_0164.jpg"")","",""
1089,1090,145.71271906431,-16.8565733531745,"50","=HYPERLINK(""Frames_for_Analysis/1090_20251008_0002_L_0166.jpg"",""1090_20251008_0002_L_0166.jpg"")","",""
1090,1091,145.712694374446,-16.8566560134313,"","=HYPERLINK(""Frames_for_Analysis/1091_20251008_0002_L_0169.jpg"",""1091_20251008_0002_L_0169.jpg"")","",""
1091,1092,145.712659540567,-16.8567352217911,"","=HYPERLINK(""Frames_for_Analysis/1092_20251008_0002_L_0171.jpg"",""1092_20251008_0002_L_0171.jpg"")","",""
1092,1093,145.712621085001,-16.856812917711,"","=HYPERLINK(""Frames_for_Analysis/1093_20251008_0002_L_0174.jpg"",""1093_20251008_0002_L_0174.jpg"")","",""
1093,1094,145.712582629435,-16.856890613599,"","=HYPERLINK(""Frames_for_Analysis/1094_20251008_0002_L_0177.jpg"",""1094_20251008_0002_L_0177.jpg"")","",""
1094,1095,145.712531451581,-16.8569597290749,"50","=HYPERLINK(""Frames_for_Analysis/1095_20251008_0002_L_0180.jpg"",""1095_20251008_0002_L_0180.jpg"")","",""
1095,1096,145.712467931182,-16.8570205202605,"","=HYPERLINK(""Frames_for_Analysis/1096_20251008_0002_L_0183.jpg"",""1096_20251008_0002_L_0183.jpg"")","",""
1096,1097,145.712405384758,-16.8570820837371,"","=HYPERLINK(""Frames_for_Analysis/1097_20251008_0002_L_0186.jpg"",""1097_20251008_0002_L_0186.jpg"")","",""
1097,1098,145.712354779371,-16.8571531157938,"","=HYPERLINK(""Frames_for_Analysis/1098_20251008_0002_L_0188.jpg"",""1098_20251008_0002_L_0188.jpg"")","",""
1098,1099,145.712304173984,-16.8572241478238,"","=HYPERLINK(""Frames_for_Analysis/1099_20251008_0002_L_0192.jpg"",""1099_20251008_0002_L_0192.jpg"")","",""
1099,1100,145.712253568596,-16.8572951798272,"50","=HYPERLINK(""Frames_for_Analysis/1100_20251008_0002_L_0195.jpg"",""1100_20251008_0002_L_0195.jpg"")","",""
1100,1101,145.712207967855,-16.8573690805762,"","=HYPERLINK(""Frames_for_Analysis/1101_20251008_0002_L_0198.jpg"",""1101_20251008_0002_L_0198.jpg"")","",""
1101,1102,145.712166414688,-16.8574453014527,"","=HYPERLINK(""Frames_for_Analysis/1102_20251008_0002_L_0201.jpg"",""1102_20251008_0002_L_0201.jpg"")","",""
1102,1103,145.71212486152,-16.8575215222985,"","=HYPERLINK(""Frames_for_Analysis/1103_20251008_0002_L_0204.jpg"",""1103_20251008_0002_L_0204.jpg"")","",""
1103,1104,145.712082988025,-16.8575975765634,"","=HYPERLINK(""Frames_for_Analysis/1104_20251008_0002_L_0207.jpg"",""1104_20251008_0002_L_0207.jpg"")","",""
1104,1105,145.712038785737,-16.8576724199754,"50","=HYPERLINK(""Frames_for_Analysis/1105_20251008_0002_L_0210.jpg"",""1105_20251008_0002_L_0210.jpg"")","",""
1105,1106,145.711994583449,-16.8577472633579,"","=HYPERLINK(""Frames_for_Analysis/1106_20251008_0002_L_0213.jpg"",""1106_20251008_0002_L_0213.jpg"")","",""
1106,1107,145.711950381161,-16.8578221067107,"","=HYPERLINK(""Frames_for_Analysis/1107_20251008_0002_L_0216.jpg"",""1107_20251008_0002_L_0216.jpg"")","",""
1107,1108,145.711898469212,-16.8578919294136,"","=HYPERLINK(""Frames_for_Analysis/1108_20251008_0002_L_0218.jpg"",""1108_20251008_0002_L_0218.jpg"")","",""
1108,1109,145.711841947419,-16.8579587501073,"","=HYPERLINK(""Frames_for_Analysis/1109_20251008_0002_L_0221.jpg"",""1109_20251008_0002_L_0221.jpg"")","",""
1109,1110,145.711785425625,-16.8580255707775,"50","=HYPERLINK(""Frames_for_Analysis/1110_20251008_0002_L_0224.jpg"",""1110_20251008_0002_L_0224.jpg"")","",""
1110,1111,145.711728903832,-16.858092391424,"","=HYPERLINK(""Frames_for_Analysis/1111_20251008_0002_L_0227.jpg"",""1111_20251008_0002_L_0227.jpg"")","",""
1111,1112,145.711672382038,-16.858159212047,"","=HYPERLINK(""Frames_for_Analysis/1112_20251008_0002_L_0230.jpg"",""1112_20251008_0002_L_0230.jpg"")","",""
1112,1113,145.711615860245,-16.8582260326463,"","=HYPERLINK(""Frames_for_Analysis/1113_20251008_0002_L_0233.jpg"",""1113_20251008_0002_L_0233.jpg"")","",""
1113,1114,145.711559338451,-16.858292853222,"","=HYPERLINK(""Frames_for_Analysis/1114_20251008_0002_L_0236.jpg"",""1114_20251008_0002_L_0236.jpg"")","",""
1114,1115,145.711501713669,-16.8583587895153,"50","=HYPERLINK(""Frames_for_Analysis/1115_20251008_0002_L_0239.jpg"",""1115_20251008_0002_L_0239.jpg"")","",""
1115,1116,145.711442880217,-16.858423756804,"","=HYPERLINK(""Frames_for_Analysis/1116_20251008_0002_L_0242.jpg"",""1116_20251008_0002_L_0242.jpg"")","",""
1116,1117,145.711384046765,-16.8584887240703,"","=HYPERLINK(""Frames_for_Analysis/1117_20251008_0002_L_0245.jpg"",""1117_20251008_0002_L_0245.jpg"")","",""
1117,1118,145.711325213314,-16.8585536913144,"","=HYPERLINK(""Frames_for_Analysis/1118_20251008_0002_L_0248.jpg"",""1118_20251008_0002_L_0248.jpg"")","",""
1118,1119,145.711266379862,-16.8586186585361,"","=HYPERLINK(""Frames_for_Analysis/1119_20251008_0002_L_0251.jpg"",""1119_20251008_0002_L_0251.jpg"")","",""
1119,1120,145.711207474082,-16.8586835654573,"50","=HYPERLINK(""Frames_for_Analysis/1120_20251008_0002_L_0254.jpg"",""1120_20251008_0002_L_0254.jpg"")","",""
1120,1121,145.711148319608,-16.8587482650945,"","=HYPERLINK(""Frames_for_Analysis/1121_20251008_0002_L_0257.jpg"",""1121_20251008_0002_L_0257.jpg"")","",""
1121,1122,145.711089165134,-16.8588129647095,"","=HYPERLINK(""Frames_for_Analysis/1122_20251008_0002_L_0260.jpg"",""1122_20251008_0002_L_0260.jpg"")","",""
1122,1123,145.71103001066,-16.8588776643025,"","=HYPERLINK(""Frames_for_Analysis/1123_20251008_0002_L_0262.jpg"",""1123_20251008_0002_L_0262.jpg"")","",""
1123,1124,145.710970841429,-16.8589423510815,"","=HYPERLINK(""Frames_for_Analysis/1124_20251008_0002_L_0265.jpg"",""1124_20251008_0002_L_0265.jpg"")","",""
1124,1125,145.710909402056,-16.8590050700019,"50","=HYPERLINK(""Frames_for_Analysis/1125_20251008_0002_L_0268.jpg"",""1125_20251008_0002_L_0268.jpg"")","",""
1125,1126,145.710847962684,-16.8590677889016,"","=HYPERLINK(""Frames_for_Analysis/1126_20251008_0002_L_0271.jpg"",""1126_20251008_0002_L_0271.jpg"")","",""
1126,1127,145.710786304638,-16.8591303051481,"","=HYPERLINK(""Frames_for_Analysis/1127_20251008_0002_L_0274.jpg"",""1127_20251008_0002_L_0274.jpg"")","",""
1127,1128,145.71072278417,-16.8591910955698,"","=HYPERLINK(""Frames_for_Analysis/1128_20251008_0002_L_0276.jpg"",""1128_20251008_0002_L_0276.jpg"")","",""
1128,1129,145.710659263702,-16.859251885972,"","=HYPERLINK(""Frames_for_Analysis/1129_20251008_0002_L_0279.jpg"",""1129_20251008_0002_L_0279.jpg"")","",""
1129,1130,145.710595743235,-16.8593126763546,"50","=HYPERLINK(""Frames_for_Analysis/1130_20251008_0002_L_0282.jpg"",""1130_20251008_0002_L_0282.jpg"")","",""
1130,1131,145.710530433614,-16.8593716619746,"","=HYPERLINK(""Frames_for_Analysis/1131_20251008_0002_L_0285.jpg"",""1131_20251008_0002_L_0285.jpg"")","",""
1131,1132,145.710463662346,-16.8594291731937,"","=HYPERLINK(""Frames_for_Analysis/1132_20251008_0002_L_0288.jpg"",""1132_20251008_0002_L_0288.jpg"")","",""
1132,1133,145.710409945947,-16.8594974883136,"","=HYPERLINK(""Frames_for_Analysis/1133_20251008_0002_L_0291.jpg"",""1133_20251008_0002_L_0291.jpg"")","",""
1133,1134,145.710360116314,-16.8595690200089,"","=HYPERLINK(""Frames_for_Analysis/1134_20251008_0002_L_0294.jpg"",""1134_20251008_0002_L_0294.jpg"")","",""
1134,1135,145.710310286681,-16.859640551677,"50","=HYPERLINK(""Frames_for_Analysis/1135_20251008_0002_L_0297.jpg"",""1135_20251008_0002_L_0297.jpg"")","",""
1135,1136,145.710260944624,-16.8597123893552,"","=HYPERLINK(""Frames_for_Analysis/1136_20251008_0002_L_0299.jpg"",""1136_20251008_0002_L_0299.jpg"")","",""
1136,1137,145.710212244488,-16.859784629922,"","=HYPERLINK(""Frames_for_Analysis/1137_20251008_0002_L_0302.jpg"",""1137_20251008_0002_L_0302.jpg"")","",""
1137,1138,145.710163544352,-16.8598568704611,"","=HYPERLINK(""Frames_for_Analysis/1138_20251008_0002_L_0306.jpg"",""1138_20251008_0002_L_0306.jpg"")","",""
1138,1139,145.710114844216,-16.8599291109726,"","=HYPERLINK(""Frames_for_Analysis/1139_20251008_0002_L_0309.jpg"",""1139_20251008_0002_L_0309.jpg"")","",""
1139,1140,145.71006614408,-16.8600013514565,"50","=HYPERLINK(""Frames_for_Analysis/1140_20251008_0002_L_0312.jpg"",""1140_20251008_0002_L_0312.jpg"")","",""
1140,1141,145.710009941765,-16.8600679066872,"","=HYPERLINK(""Frames_for_Analysis/1141_20251008_0002_L_0315.jpg"",""1141_20251008_0002_L_0315.jpg"")","",""
1141,1142,145.709947630876,-16.8601298327576,"","=HYPERLINK(""Frames_for_Analysis/1142_20251008_0002_L_0318.jpg"",""1142_20251008_0002_L_0318.jpg"")","",""
1142,1143,145.709885319987,-16.8601917588078,"","=HYPERLINK(""Frames_for_Analysis/1143_20251008_0002_L_0321.jpg"",""1143_20251008_0002_L_0321.jpg"")","",""
1143,1144,145.709823009098,-16.8602536848376,"","=HYPERLINK(""Frames_for_Analysis/1144_20251008_0002_L_0323.jpg"",""1144_20251008_0002_L_0323.jpg"")","",""
1144,1145,145.709760698208,-16.8603156108471,"50","=HYPERLINK(""Frames_for_Analysis/1145_20251008_0002_L_0326.jpg"",""1145_20251008_0002_L_0326.jpg"")","",""
1145,1146,145.709695349955,-16.8603744965717,"","=HYPERLINK(""Frames_for_Analysis/1146_20251008_0002_L_0329.jpg"",""1146_20251008_0002_L_0329.jpg"")","",""
1146,1147,145.709627912298,-16.8604312908807,"","=HYPERLINK(""Frames_for_Analysis/1147_20251008_0002_L_0332.jpg"",""1147_20251008_0002_L_0332.jpg"")","",""
1147,1148,145.709560474641,-16.8604880851726,"","=HYPERLINK(""Frames_for_Analysis/1148_20251008_0002_L_0335.jpg"",""1148_20251008_0002_L_0335.jpg"")","",""
1148,1149,145.709493036984,-16.8605448794474,"","=HYPERLINK(""Frames_for_Analysis/1149_20251008_0002_L_0338.jpg"",""1149_20251008_0002_L_0338.jpg"")","",""
1149,1150,145.709426117628,-16.8606022121211,"50","=HYPERLINK(""Frames_for_Analysis/1150_20251008_0002_L_0341.jpg"",""1150_20251008_0002_L_0341.jpg"")","",""
1150,1151,145.7093614529,-16.8606618869058,"","=HYPERLINK(""Frames_for_Analysis/1151_20251008_0002_L_0344.jpg"",""1151_20251008_0002_L_0344.jpg"")","",""
1151,1152,145.709296788171,-16.8607215616718,"","=HYPERLINK(""Frames_for_Analysis/1152_20251008_0002_L_0347.jpg"",""1152_20251008_0002_L_0347.jpg"")","",""
1152,1153,145.709232123443,-16.8607812364188,"","=HYPERLINK(""Frames_for_Analysis/1153_20251008_0002_L_0350.jpg"",""1153_20251008_0002_L_0350.jpg"")","",""
1153,1154,145.709167458714,-16.8608409111471,"","=HYPERLINK(""Frames_for_Analysis/1154_20251008_0002_L_0353.jpg"",""1154_20251008_0002_L_0353.jpg"")","",""
1154,1155,145.70910304262,-16.8609008107676,"50","=HYPERLINK(""Frames_for_Analysis/1155_20251008_0002_L_0356.jpg"",""1155_20251008_0002_L_0356.jpg"")","",""
1155,1156,145.709044425457,-16.8609659559995,"","=HYPERLINK(""Frames_for_Analysis/1156_20251008_0002_L_0359.jpg"",""1156_20251008_0002_L_0359.jpg"")","",""
1156,1157,145.708985808295,-16.861031101209,"","=HYPERLINK(""Frames_for_Analysis/1157_20251008_0002_L_0361.jpg"",""1157_20251008_0002_L_0361.jpg"")","",""
1157,1158,145.708927191132,-16.861096246396,"","=HYPERLINK(""Frames_for_Analysis/1158_20251008_0002_L_0364.jpg"",""1158_20251008_0002_L_0364.jpg"")","",""
1158,1159,145.708868573969,-16.8611613915606,"","=HYPERLINK(""Frames_for_Analysis/1159_20251008_0002_L_0367.jpg"",""1159_20251008_0002_L_0367.jpg"")","",""
1159,1160,145.708809956807,-16.8612265367027,"50","=HYPERLINK(""Frames_for_Analysis/1160_20251008_0002_L_0369.jpg"",""1160_20251008_0002_L_0369.jpg"")","",""
1160,1161,145.708751339644,-16.8612916818223,"","=HYPERLINK(""Frames_for_Analysis/1161_20251008_0002_L_0372.jpg"",""1161_20251008_0002_L_0372.jpg"")","",""
1161,1162,145.708694032524,-16.8613578793201,"","=HYPERLINK(""Frames_for_Analysis/1162_20251008_0002_L_0375.jpg"",""1162_20251008_0002_L_0375.jpg"")","",""
1162,1163,145.70863714776,-16.8614244160869,"","=HYPERLINK(""Frames_for_Analysis/1163_20251008_0002_L_0378.jpg"",""1163_20251008_0002_L_0378.jpg"")","",""
1163,1164,145.708580262996,-16.8614909528304,"","=HYPERLINK(""Frames_for_Analysis/1164_20251008_0002_L_0381.jpg"",""1164_20251008_0002_L_0381.jpg"")","",""
1164,1165,145.708523378231,-16.8615574895505,"50","=HYPERLINK(""Frames_for_Analysis/1165_20251008_0002_L_0384.jpg"",""1165_20251008_0002_L_0384.jpg"")","",""
1165,1166,145.708455104083,-16.8616133518051,"","=HYPERLINK(""Frames_for_Analysis/1166_20251008_0002_L_0387.jpg"",""1166_20251008_0002_L_0387.jpg"")","",""
1166,1167,145.708386781437,-16.8616691685896,"","=HYPERLINK(""Frames_for_Analysis/1167_20251008_0002_L_0390.jpg"",""1167_20251008_0002_L_0390.jpg"")","",""
1167,1168,145.70831845879,-16.8617249853576,"","=HYPERLINK(""Frames_for_Analysis/1168_20251008_0002_L_0393.jpg"",""1168_20251008_0002_L_0393.jpg"")","",""
1168,1169,145.708250136144,-16.8617808021091,"","=HYPERLINK(""Frames_for_Analysis/1169_20251008_0002_L_0395.jpg"",""1169_20251008_0002_L_0395.jpg"")","",""
1169,1170,145.708181813498,-16.8618366188442,"50","=HYPERLINK(""Frames_for_Analysis/1170_20251008_0002_L_0398.jpg"",""1170_20251008_0002_L_0398.jpg"")","",""
1170,1171,145.708113490852,-16.8618924355628,"","=HYPERLINK(""Frames_for_Analysis/1171_20251008_0002_L_0401.jpg"",""1171_20251008_0002_L_0401.jpg"")","",""
1171,1172,145.708045168205,-16.8619482522649,"","=HYPERLINK(""Frames_for_Analysis/1172_20251008_0002_L_0405.jpg"",""1172_20251008_0002_L_0405.jpg"")","",""
1172,1173,145.707975805766,-16.8620028783205,"","=HYPERLINK(""Frames_for_Analysis/1173_20251008_0002_L_0408.jpg"",""1173_20251008_0002_L_0408.jpg"")","",""
1173,1174,145.707906280021,-16.8620573173644,"","=HYPERLINK(""Frames_for_Analysis/1174_20251008_0002_L_0411.jpg"",""1174_20251008_0002_L_0411.jpg"")","",""
1174,1175,145.707836754276,-16.8621117563927,"50","=HYPERLINK(""Frames_for_Analysis/1175_20251008_0002_L_0414.jpg"",""1175_20251008_0002_L_0414.jpg"")","",""
1175,1176,145.707767228531,-16.8621661954053,"","=HYPERLINK(""Frames_for_Analysis/1176_20251008_0002_L_0417.jpg"",""1176_20251008_0002_L_0417.jpg"")","",""
1176,1177,145.707697702786,-16.8622206344022,"","=HYPERLINK(""Frames_for_Analysis/1177_20251008_0002_L_0419.jpg"",""1177_20251008_0002_L_0419.jpg"")","",""
1177,1178,145.707627720396,-16.8622745187789,"","=HYPERLINK(""Frames_for_Analysis/1178_20251008_0002_L_0422.jpg"",""1178_20251008_0002_L_0422.jpg"")","",""
1178,1179,145.707556152329,-16.8623264773048,"","=HYPERLINK(""Frames_for_Analysis/1179_20251008_0002_L_0424.jpg"",""1179_20251008_0002_L_0424.jpg"")","",""
1179,1180,145.707484584263,-16.8623784358164,"50","=HYPERLINK(""Frames_for_Analysis/1180_20251008_0002_L_0426.jpg"",""1180_20251008_0002_L_0426.jpg"")","",""
1180,1181,145.707413016196,-16.8624303943137,"","=HYPERLINK(""Frames_for_Analysis/1181_20251008_0002_L_0429.jpg"",""1181_20251008_0002_L_0429.jpg"")","",""
1181,1182,145.707341448129,-16.8624823527967,"","=HYPERLINK(""Frames_for_Analysis/1182_20251008_0002_L_0432.jpg"",""1182_20251008_0002_L_0432.jpg"")","",""
1182,1183,145.7072635214,-16.8625216163673,"","=HYPERLINK(""Frames_for_Analysis/1183_20251008_0002_L_0434.jpg"",""1183_20251008_0002_L_0434.jpg"")","",""
1183,1184,145.707186047117,-16.8625570171562,"","=HYPERLINK(""Frames_for_Analysis/1184_20251008_0002_L_0437.jpg"",""1184_20251008_0002_L_0437.jpg"")","",""
1184,1185,145.707129399969,-16.8626237389081,"50","=HYPERLINK(""Frames_for_Analysis/1185_20251008_0002_L_0440.jpg"",""1185_20251008_0002_L_0440.jpg"")","",""
1185,1186,145.70707275282,-16.8626904606364,"","=HYPERLINK(""Frames_for_Analysis/1186_20251008_0002_L_0443.jpg"",""1186_20251008_0002_L_0443.jpg"")","",""
1186,1187,145.707004584557,-16.8627447006082,"","=HYPERLINK(""Frames_for_Analysis/1187_20251008_0002_L_0447.jpg"",""1187_20251008_0002_L_0447.jpg"")","",""
1187,1188,145.706928407599,-16.8627902641151,"","=HYPERLINK(""Frames_for_Analysis/1188_20251008_0002_L_0450.jpg"",""1188_20251008_0002_L_0450.jpg"")","",""
1188,1189,145.706852230641,-16.862835827611,"","=HYPERLINK(""Frames_for_Analysis/1189_20251008_0002_L_0453.jpg"",""1189_20251008_0002_L_0453.jpg"")","",""
1189,1190,145.706776053683,-16.8628813910959,"50","=HYPERLINK(""Frames_for_Analysis/1190_20251008_0002_L_0456.jpg"",""1190_20251008_0002_L_0456.jpg"")","",""
1190,1191,145.706703523625,-16.8629320445356,"","=HYPERLINK(""Frames_for_Analysis/1191_20251008_0002_L_0460.jpg"",""1191_20251008_0002_L_0460.jpg"")","",""
1191,1192,145.706631658407,-16.8629836258768,"","=HYPERLINK(""Frames_for_Analysis/1192_20251008_0002_L_0464.jpg"",""1192_20251008_0002_L_0464.jpg"")","",""
1192,1193,145.706559793189,-16.8630352072038,"","=HYPERLINK(""Frames_for_Analysis/1193_20251008_0002_L_0466.jpg"",""1193_20251008_0002_L_0466.jpg"")","",""
1193,1194,145.706487927971,-16.8630867885169,"","=HYPERLINK(""Frames_for_Analysis/1194_20251008_0002_L_0469.jpg"",""1194_20251008_0002_L_0469.jpg"")","",""
1194,1195,145.706414043833,-16.8631351636129,"50","=HYPERLINK(""Frames_for_Analysis/1195_20251008_0002_L_0471.jpg"",""1195_20251008_0002_L_0471.jpg"")","",""
1195,1196,145.706332813803,-16.8631718728494,"","=HYPERLINK(""Frames_for_Analysis/1196_20251008_0002_L_0473.jpg"",""1196_20251008_0002_L_0473.jpg"")","",""
1196,1197,145.706251583772,-16.8632085820787,"","=HYPERLINK(""Frames_for_Analysis/1197_20251008_0002_L_0477.jpg"",""1197_20251008_0002_L_0477.jpg"")","",""
1197,1198,145.706170353742,-16.8632452913009,"","=HYPERLINK(""Frames_for_Analysis/1198_20251008_0002_L_0479.jpg"",""1198_20251008_0002_L_0479.jpg"")","",""
1198,1199,145.706089123712,-16.863282000516,"","=HYPERLINK(""Frames_for_Analysis/1199_20251008_0002_L_0482.jpg"",""1199_20251008_0002_L_0482.jpg"")","",""
1199,1200,145.706007893681,-16.863318709724,"50","=HYPERLINK(""Frames_for_Analysis/1200_20251008_0002_L_0485.jpg"",""1200_20251008_0002_L_0485.jpg"")","",""
1200,1201,145.705923983286,-16.8633493666055,"","=HYPERLINK(""Frames_for_Analysis/1201_20251008_0002_L_0488.jpg"",""1201_20251008_0002_L_0488.jpg"")","",""
1201,1202,145.705839928158,-16.863379696673,"","=HYPERLINK(""Frames_for_Analysis/1202_20251008_0002_L_0491.jpg"",""1202_20251008_0002_L_0491.jpg"")","",""
1202,1203,145.70575587303,-16.8634100267357,"","=HYPERLINK(""Frames_for_Analysis/1203_20251008_0002_L_0494.jpg"",""1203_20251008_0002_L_0494.jpg"")","",""
1203,1204,145.705671817902,-16.8634403567934,"","=HYPERLINK(""Frames_for_Analysis/1204_20251008_0002_L_0496.jpg"",""1204_20251008_0002_L_0496.jpg"")","",""
1204,1205,145.705587762774,-16.8634706868463,"50","=HYPERLINK(""Frames_for_Analysis/1205_20251008_0002_L_0500.jpg"",""1205_20251008_0002_L_0500.jpg"")","",""
1205,1206,145.705503707646,-16.8635010168944,"","=HYPERLINK(""Frames_for_Analysis/1206_20251008_0002_L_0503.jpg"",""1206_20251008_0002_L_0503.jpg"")","",""
1206,1207,145.705419652518,-16.8635313469376,"","=HYPERLINK(""Frames_for_Analysis/1207_20251008_0002_L_0505.jpg"",""1207_20251008_0002_L_0505.jpg"")","",""
1207,1208,145.70533559739,-16.8635616769759,"","=HYPERLINK(""Frames_for_Analysis/1208_20251008_0002_L_0508.jpg"",""1208_20251008_0002_L_0508.jpg"")","",""
1208,1209,145.705251548819,-16.8635920236359,"","=HYPERLINK(""Frames_for_Analysis/1209_20251008_0002_L_0512.jpg"",""1209_20251008_0002_L_0512.jpg"")","",""
1209,1210,145.705167513904,-16.8636224049186,"50","=HYPERLINK(""Frames_for_Analysis/1210_20251008_0002_L_0515.jpg"",""1210_20251008_0002_L_0515.jpg"")","",""
1210,1211,145.705083478989,-16.8636527861964,"","=HYPERLINK(""Frames_for_Analysis/1211_20251008_0002_L_0518.jpg"",""1211_20251008_0002_L_0518.jpg"")","",""
1211,1212,145.704999444074,-16.8636831674694,"","=HYPERLINK(""Frames_for_Analysis/1212_20251008_0002_L_0521.jpg"",""1212_20251008_0002_L_0521.jpg"")","",""
1212,1213,145.704915409159,-16.8637135487374,"","=HYPERLINK(""Frames_for_Analysis/1213_20251008_0002_L_0525.jpg"",""1213_20251008_0002_L_0525.jpg"")","",""
1213,1214,145.704831374244,-16.8637439300006,"","=HYPERLINK(""Frames_for_Analysis/1214_20251008_0002_L_0529.jpg"",""1214_20251008_0002_L_0529.jpg"")","",""
1214,1215,145.70474733933,-16.8637743112588,"50","=HYPERLINK(""Frames_for_Analysis/1215_20251008_0002_L_0533.jpg"",""1215_20251008_0002_L_0533.jpg"")","",""
1215,1216,145.704665173648,-16.8638090479029,"","=HYPERLINK(""Frames_for_Analysis/1216_20251008_0002_L_0536.jpg"",""1216_20251008_0002_L_0536.jpg"")","",""
1216,1217,145.704583084611,-16.8638439631274,"","=HYPERLINK(""Frames_for_Analysis/1217_20251008_0002_L_0539.jpg"",""1217_20251008_0002_L_0539.jpg"")","",""
1217,1218,145.7044998842,-16.8638761360894,"","=HYPERLINK(""Frames_for_Analysis/1218_20251008_0002_L_0542.jpg"",""1218_20251008_0002_L_0542.jpg"")","",""
1218,1219,145.704414662509,-16.8639033216478,"","=HYPERLINK(""Frames_for_Analysis/1219_20251008_0002_L_0545.jpg"",""1219_20251008_0002_L_0545.jpg"")","",""
1219,1220,145.704329440819,-16.8639305072022,"50","=HYPERLINK(""Frames_for_Analysis/1220_20251008_0002_L_0548.jpg"",""1220_20251008_0002_L_0548.jpg"")","",""
1220,1221,145.704244219128,-16.8639576927528,"","=HYPERLINK(""Frames_for_Analysis/1221_20251008_0002_L_0552.jpg"",""1221_20251008_0002_L_0552.jpg"")","",""
1221,1222,145.704165175626,-16.8639969672418,"","=HYPERLINK(""Frames_for_Analysis/1222_20251008_0002_L_0556.jpg"",""1222_20251008_0002_L_0556.jpg"")","",""
1222,1223,145.704090431293,-16.8640446539591,"","=HYPERLINK(""Frames_for_Analysis/1223_20251008_0002_L_0559.jpg"",""1223_20251008_0002_L_0559.jpg"")","",""
1223,1224,145.704015686961,-16.8640923406644,"","=HYPERLINK(""Frames_for_Analysis/1224_20251008_0002_L_0563.jpg"",""1224_20251008_0002_L_0563.jpg"")","",""
1224,1225,145.703940942628,-16.8641400273576,"50","=HYPERLINK(""Frames_for_Analysis/1225_20251008_0002_L_0565.jpg"",""1225_20251008_0002_L_0565.jpg"")","",""
1225,1226,145.703866198295,-16.8641877140388,"","=HYPERLINK(""Frames_for_Analysis/1226_20251008_0002_L_0568.jpg"",""1226_20251008_0002_L_0568.jpg"")","",""
1226,1227,145.703791453963,-16.864235400708,"","=HYPERLINK(""Frames_for_Analysis/1227_20251008_0002_L_0572.jpg"",""1227_20251008_0002_L_0572.jpg"")","",""
1227,1228,145.703717910986,-16.8642847056471,"","=HYPERLINK(""Frames_for_Analysis/1228_20251008_0002_L_0575.jpg"",""1228_20251008_0002_L_0575.jpg"")","",""
1228,1229,145.703646256092,-16.8643365539052,"","=HYPERLINK(""Frames_for_Analysis/1229_20251008_0002_L_0578.jpg"",""1229_20251008_0002_L_0578.jpg"")","",""
1229,1230,145.703574601198,-16.864388402149,"50","=HYPERLINK(""Frames_for_Analysis/1230_20251008_0002_L_0581.jpg"",""1230_20251008_0002_L_0581.jpg"")","",""
1230,1231,145.703502946303,-16.8644402503787,"","=HYPERLINK(""Frames_for_Analysis/1231_20251008_0002_L_0585.jpg"",""1231_20251008_0002_L_0585.jpg"")","",""
1231,1232,145.703431291409,-16.8644920985941,"","=HYPERLINK(""Frames_for_Analysis/1232_20251008_0002_L_0589.jpg"",""1232_20251008_0002_L_0589.jpg"")","",""
1232,1233,145.703359636515,-16.8645439467953,"","=HYPERLINK(""Frames_for_Analysis/1233_20251008_0002_L_0592.jpg"",""1233_20251008_0002_L_0592.jpg"")","",""
1233,1234,145.703287981621,-16.8645957949823,"","=HYPERLINK(""Frames_for_Analysis/1234_20251008_0002_L_0596.jpg"",""1234_20251008_0002_L_0596.jpg"")","",""
1234,1235,145.70321547616,-16.8646465356663,"50","=HYPERLINK(""Frames_for_Analysis/1235_20251008_0002_L_0599.jpg"",""1235_20251008_0002_L_0599.jpg"")","",""
1235,1236,145.703142377194,-16.8646965035568,"","=HYPERLINK(""Frames_for_Analysis/1236_20251008_0002_L_0602.jpg"",""1236_20251008_0002_L_0602.jpg"")","",""
1236,1237,145.703069278228,-16.8647464714341,"","=HYPERLINK(""Frames_for_Analysis/1237_20251008_0002_L_0605.jpg"",""1237_20251008_0002_L_0605.jpg"")","",""
1237,1238,145.702996179262,-16.8647964392982,"","=HYPERLINK(""Frames_for_Analysis/1238_20251008_0002_L_0608.jpg"",""1238_20251008_0002_L_0608.jpg"")","",""
1238,1239,145.702924935674,-16.8648476321769,"","=HYPERLINK(""Frames_for_Analysis/1239_20251008_0002_L_0610.jpg"",""1239_20251008_0002_L_0610.jpg"")","",""
1239,1240,145.702902074131,-16.8649307696483,"50","=HYPERLINK(""Frames_for_Analysis/1240_20251008_0002_L_0613.jpg"",""1240_20251008_0002_L_0613.jpg"")","",""
1240,1241,145.702879212589,-16.8650139070833,"","=HYPERLINK(""Frames_for_Analysis/1241_20251008_0002_L_0615.jpg"",""1241_20251008_0002_L_0615.jpg"")","",""
1241,1242,145.70284535865,-16.8650924683246,"","=HYPERLINK(""Frames_for_Analysis/1242_20251008_0002_L_0618.jpg"",""1242_20251008_0002_L_0618.jpg"")","",""
1242,1243,145.702797389262,-16.8651651532453,"","=HYPERLINK(""Frames_for_Analysis/1243_20251008_0002_L_0621.jpg"",""1243_20251008_0002_L_0621.jpg"")","",""
1243,1244,145.702749419875,-16.865237838138,"","=HYPERLINK(""Frames_for_Analysis/1244_20251008_0002_L_0624.jpg"",""1244_20251008_0002_L_0624.jpg"")","",""
1244,1245,145.702701450488,-16.8653105230028,"50","=HYPERLINK(""Frames_for_Analysis/1245_20251008_0002_L_0626.jpg"",""1245_20251008_0002_L_0626.jpg"")","",""
1245,1246,145.7026534811,-16.8653832078397,"","=HYPERLINK(""Frames_for_Analysis/1246_20251008_0002_L_0630.jpg"",""1246_20251008_0002_L_0630.jpg"")","",""
1246,1247,145.702605511713,-16.8654558926486,"","=HYPERLINK(""Frames_for_Analysis/1247_20251008_0002_L_0633.jpg"",""1247_20251008_0002_L_0633.jpg"")","",""
1247,1248,145.702558047508,-16.8655288782355,"","=HYPERLINK(""Frames_for_Analysis/1248_20251008_0002_L_0636.jpg"",""1248_20251008_0002_L_0636.jpg"")","",""
1248,1249,145.702511104859,-16.8656021743504,"","=HYPERLINK(""Frames_for_Analysis/1249_20251008_0002_L_0639.jpg"",""1249_20251008_0002_L_0639.jpg"")","",""
1249,1250,145.702464162211,-16.8656754704368,"50","=HYPERLINK(""Frames_for_Analysis/1250_20251008_0002_L_0642.jpg"",""1250_20251008_0002_L_0642.jpg"")","",""
1250,1251,145.702417219563,-16.8657487664948,"","=HYPERLINK(""Frames_for_Analysis/1251_20251008_0002_L_0646.jpg"",""1251_20251008_0002_L_0646.jpg"")","",""
1251,1252,145.702370276914,-16.8658220625244,"","=HYPERLINK(""Frames_for_Analysis/1252_20251008_0002_L_0649.jpg"",""1252_20251008_0002_L_0649.jpg"")","",""
1252,1253,145.702324038074,-16.8658957651467,"","=HYPERLINK(""Frames_for_Analysis/1253_20251008_0002_L_0652.jpg"",""1253_20251008_0002_L_0652.jpg"")","",""
1253,1254,145.702278127435,-16.8659696573569,"","=HYPERLINK(""Frames_for_Analysis/1254_20251008_0002_L_0656.jpg"",""1254_20251008_0002_L_0656.jpg"")","",""
1254,1255,145.702232216796,-16.8660435495382,"50","=HYPERLINK(""Frames_for_Analysis/1255_20251008_0002_L_0659.jpg"",""1255_20251008_0002_L_0659.jpg"")","",""
1255,1256,145.702186306157,-16.8661174416906,"","=HYPERLINK(""Frames_for_Analysis/1256_20251008_0002_L_0663.jpg"",""1256_20251008_0002_L_0663.jpg"")","",""
1256,1257,145.702140395519,-16.8661913338141,"","=HYPERLINK(""Frames_for_Analysis/1257_20251008_0002_L_0665.jpg"",""1257_20251008_0002_L_0665.jpg"")","",""
1257,1258,145.70209448488,-16.8662652259088,"","=HYPERLINK(""Frames_for_Analysis/1258_20251008_0002_L_0668.jpg"",""1258_20251008_0002_L_0668.jpg"")","",""
1258,1259,145.702045487357,-16.8663372784828,"","=HYPERLINK(""Frames_for_Analysis/1259_20251008_0002_L_0671.jpg"",""1259_20251008_0002_L_0671.jpg"")","",""
1259,1260,145.701996450058,-16.8664093073262,"50","=HYPERLINK(""Frames_for_Analysis/1260_20251008_0002_L_0674.jpg"",""1260_20251008_0002_L_0674.jpg"")","",""
1260,1261,145.701947412759,-16.866481336142,"","=HYPERLINK(""Frames_for_Analysis/1261_20251008_0002_L_0676.jpg"",""1261_20251008_0002_L_0676.jpg"")","",""
1261,1262,145.701898375459,-16.8665533649305,"","=HYPERLINK(""Frames_for_Analysis/1262_20251008_0002_L_0678.jpg"",""1262_20251008_0002_L_0678.jpg"")","",""
1262,1263,145.70184933816,-16.8666253936915,"","=HYPERLINK(""Frames_for_Analysis/1263_20251008_0002_L_0681.jpg"",""1263_20251008_0002_L_0681.jpg"")","",""
1263,1264,145.701800300861,-16.866697422425,"","=HYPERLINK(""Frames_for_Analysis/1264_20251008_0002_L_0683.jpg"",""1264_20251008_0002_L_0683.jpg"")","",""
1264,1265,145.701751263561,-16.8667694511311,"50","=HYPERLINK(""Frames_for_Analysis/1265_20251008_0002_L_0686.jpg"",""1265_20251008_0002_L_0686.jpg"")","",""
1265,1266,145.701702226262,-16.8668414798097,"","=HYPERLINK(""Frames_for_Analysis/1266_20251008_0002_L_0689.jpg"",""1266_20251008_0002_L_0689.jpg"")","",""
1266,1267,145.701653188962,-16.8669135084609,"","=HYPERLINK(""Frames_for_Analysis/1267_20251008_0002_L_0692.jpg"",""1267_20251008_0002_L_0692.jpg"")","",""
1267,1268,145.701604151663,-16.8669855370846,"","=HYPERLINK(""Frames_for_Analysis/1268_20251008_0002_L_0695.jpg"",""1268_20251008_0002_L_0695.jpg"")","",""
1268,1269,145.701555159773,-16.8670575939598,"","=HYPERLINK(""Frames_for_Analysis/1269_20251008_0002_L_0698.jpg"",""1269_20251008_0002_L_0698.jpg"")","",""
1269,1270,145.701506202645,-16.8671296724564,"50","=HYPERLINK(""Frames_for_Analysis/1270_20251008_0002_L_0700.jpg"",""1270_20251008_0002_L_0700.jpg"")","",""
1270,1271,145.701457245517,-16.8672017509256,"","=HYPERLINK(""Frames_for_Analysis/1271_20251008_0002_L_0704.jpg"",""1271_20251008_0002_L_0704.jpg"")","",""
1271,1272,145.701408288389,-16.8672738293672,"","=HYPERLINK(""Frames_for_Analysis/1272_20251008_0002_L_0707.jpg"",""1272_20251008_0002_L_0707.jpg"")","",""
1272,1273,145.701359331262,-16.8673459077814,"","=HYPERLINK(""Frames_for_Analysis/1273_20251008_0002_L_0711.jpg"",""1273_20251008_0002_L_0711.jpg"")","",""
1273,1274,145.701310374134,-16.867417986168,"","=HYPERLINK(""Frames_for_Analysis/1274_20251008_0002_L_0714.jpg"",""1274_20251008_0002_L_0714.jpg"")","",""
1274,1275,145.70126184398,-16.8674903237523,"50","=HYPERLINK(""Frames_for_Analysis/1275_20251008_0002_L_0717.jpg"",""1275_20251008_0002_L_0717.jpg"")","",""
1275,1276,145.701214560696,-16.8675634183112,"","=HYPERLINK(""Frames_for_Analysis/1276_20251008_0002_L_0720.jpg"",""1276_20251008_0002_L_0720.jpg"")","",""
1276,1277,145.701167277412,-16.8676365128419,"","=HYPERLINK(""Frames_for_Analysis/1277_20251008_0002_L_0722.jpg"",""1277_20251008_0002_L_0722.jpg"")","",""
1277,1278,145.701119994128,-16.8677096073442,"","=HYPERLINK(""Frames_for_Analysis/1278_20251008_0002_L_0725.jpg"",""1278_20251008_0002_L_0725.jpg"")","",""
1278,1279,145.701070195783,-16.8677811551727,"","=HYPERLINK(""Frames_for_Analysis/1279_20251008_0002_L_0728.jpg"",""1279_20251008_0002_L_0728.jpg"")","",""
1279,1280,145.701017775677,-16.867844228152,"50","=HYPERLINK(""Frames_for_Analysis/1280_20251008_0002_L_0730.jpg"",""1280_20251008_0002_L_0730.jpg"")","",""
1280,1281,145.700935475871,-16.8678097710723,"","=HYPERLINK(""Frames_for_Analysis/1281_20251008_0002_L_0731.jpg"",""1281_20251008_0002_L_0731.jpg"")","",""
1281,1282,145.700853176065,-16.8677753139863,"","=HYPERLINK(""Frames_for_Analysis/1282_20251008_0002_L_0733.jpg"",""1282_20251008_0002_L_0733.jpg"")","",""
1282,1283,145.700782539661,-16.8678113114096,"","=HYPERLINK(""Frames_for_Analysis/1283_20251008_0002_L_0735.jpg"",""1283_20251008_0002_L_0735.jpg"")","",""
1283,1284,145.700717208009,-16.8678700865835,"","=HYPERLINK(""Frames_for_Analysis/1284_20251008_0002_L_0738.jpg"",""1284_20251008_0002_L_0738.jpg"")","",""
1284,1285,145.700660323046,-16.8679366209026,"50","=HYPERLINK(""Frames_for_Analysis/1285_20251008_0002_L_0741.jpg"",""1285_20251008_0002_L_0741.jpg"")","",""
1285,1286,145.700602610034,-16.8680024793241,"","=HYPERLINK(""Frames_for_Analysis/1286_20251008_0002_L_0744.jpg"",""1286_20251008_0002_L_0744.jpg"")","",""
1286,1287,145.700542929278,-16.8680667316028,"","=HYPERLINK(""Frames_for_Analysis/1287_20251008_0002_L_0746.jpg"",""1287_20251008_0002_L_0746.jpg"")","",""
1287,1288,145.700483248522,-16.8681309838596,"","=HYPERLINK(""Frames_for_Analysis/1288_20251008_0002_L_0749.jpg"",""1288_20251008_0002_L_0749.jpg"")","",""
1288,1289,145.700423567767,-16.8681952360946,"","=HYPERLINK(""Frames_for_Analysis/1289_20251008_0002_L_0751.jpg"",""1289_20251008_0002_L_0751.jpg"")","",""
1289,1290,145.700363887011,-16.8682594883077,"50","=HYPERLINK(""Frames_for_Analysis/1290_20251008_0002_L_0754.jpg"",""1290_20251008_0002_L_0754.jpg"")","",""
1290,1291,145.700298309848,-16.8683176958646,"","=HYPERLINK(""Frames_for_Analysis/1291_20251008_0002_L_0757.jpg"",""1291_20251008_0002_L_0757.jpg"")","",""
1291,1292,145.700227227524,-16.8683702598515,"","=HYPERLINK(""Frames_for_Analysis/1292_20251008_0002_L_0760.jpg"",""1292_20251008_0002_L_0760.jpg"")","",""
1292,1293,145.7001561452,-16.8684228238237,"","=HYPERLINK(""Frames_for_Analysis/1293_20251008_0002_L_0763.jpg"",""1293_20251008_0002_L_0763.jpg"")","",""
1293,1294,145.700085062876,-16.8684753877813,"","=HYPERLINK(""Frames_for_Analysis/1294_20251008_0002_L_0767.jpg"",""1294_20251008_0002_L_0767.jpg"")","",""
1294,1295,145.700013980551,-16.8685279517243,"50","=HYPERLINK(""Frames_for_Analysis/1295_20251008_0002_L_0771.jpg"",""1295_20251008_0002_L_0771.jpg"")","",""
1295,1296,145.699942898227,-16.8685805156526,"","=HYPERLINK(""Frames_for_Analysis/1296_20251008_0002_L_0774.jpg"",""1296_20251008_0002_L_0774.jpg"")","",""
1296,1297,145.699871815903,-16.8686330795664,"","=HYPERLINK(""Frames_for_Analysis/1297_20251008_0002_L_0776.jpg"",""1297_20251008_0002_L_0776.jpg"")","",""
1297,1298,145.699800884186,-16.8686858267693,"","=HYPERLINK(""Frames_for_Analysis/1298_20251008_0002_L_0779.jpg"",""1298_20251008_0002_L_0779.jpg"")","",""
1298,1299,145.699730737534,-16.8687395294587,"","=HYPERLINK(""Frames_for_Analysis/1299_20251008_0002_L_0782.jpg"",""1299_20251008_0002_L_0782.jpg"")","",""
1299,1300,145.699660590882,-16.8687932321329,"50","=HYPERLINK(""Frames_for_Analysis/1300_20251008_0002_L_0785.jpg"",""1300_20251008_0002_L_0785.jpg"")","",""
1300,1301,145.69959044423,-16.8688469347918,"","=HYPERLINK(""Frames_for_Analysis/1301_20251008_0002_L_0787.jpg"",""1301_20251008_0002_L_0787.jpg"")","",""
1301,1302,145.699520297577,-16.8689006374354,"","=HYPERLINK(""Frames_for_Analysis/1302_20251008_0002_L_0790.jpg"",""1302_20251008_0002_L_0790.jpg"")","",""
1302,1303,145.699450150925,-16.8689543400638,"","=HYPERLINK(""Frames_for_Analysis/1303_20251008_0002_L_0793.jpg"",""1303_20251008_0002_L_0793.jpg"")","",""
1303,1304,145.699380004273,-16.8690080426769,"","=HYPERLINK(""Frames_for_Analysis/1304_20251008_0002_L_0795.jpg"",""1304_20251008_0002_L_0795.jpg"")","",""
1304,1305,145.699309857621,-16.8690617452747,"50","=HYPERLINK(""Frames_for_Analysis/1305_20251008_0002_L_0798.jpg"",""1305_20251008_0002_L_0798.jpg"")","",""
1305,1306,145.699239710969,-16.8691154478573,"","=HYPERLINK(""Frames_for_Analysis/1306_20251008_0002_L_0801.jpg"",""1306_20251008_0002_L_0801.jpg"")","",""
1306,1307,145.699171018713,-16.8691708261756,"","=HYPERLINK(""Frames_for_Analysis/1307_20251008_0002_L_0804.jpg"",""1307_20251008_0002_L_0804.jpg"")","",""
1307,1308,145.699102979428,-16.8692269568281,"","=HYPERLINK(""Frames_for_Analysis/1308_20251008_0002_L_0807.jpg"",""1308_20251008_0002_L_0807.jpg"")","",""
1308,1309,145.699034940143,-16.869283087464,"","=HYPERLINK(""Frames_for_Analysis/1309_20251008_0002_L_0810.jpg"",""1309_20251008_0002_L_0810.jpg"")","",""
1309,1310,145.698966900858,-16.8693392180832,"50","=HYPERLINK(""Frames_for_Analysis/1310_20251008_0002_L_0813.jpg"",""1310_20251008_0002_L_0813.jpg"")","",""
1310,1311,145.698898861573,-16.8693953486857,"","=HYPERLINK(""Frames_for_Analysis/1311_20251008_0002_L_0817.jpg"",""1311_20251008_0002_L_0817.jpg"")","",""
1311,1312,145.698830356643,-16.8694509556274,"","=HYPERLINK(""Frames_for_Analysis/1312_20251008_0002_L_0819.jpg"",""1312_20251008_0002_L_0819.jpg"")","",""
1312,1313,145.698761572213,-16.86950624824,"","=HYPERLINK(""Frames_for_Analysis/1313_20251008_0002_L_0822.jpg"",""1313_20251008_0002_L_0822.jpg"")","",""
1313,1314,145.698692787783,-16.8695615408365,"","=HYPERLINK(""Frames_for_Analysis/1314_20251008_0002_L_0824.jpg"",""1314_20251008_0002_L_0824.jpg"")","",""
1314,1315,145.698624003353,-16.8696168334167,"50","=HYPERLINK(""Frames_for_Analysis/1315_20251008_0002_L_0827.jpg"",""1315_20251008_0002_L_0827.jpg"")","",""
1315,1316,145.698564360338,-16.8696789129558,"","=HYPERLINK(""Frames_for_Analysis/1316_20251008_0002_L_0829.jpg"",""1316_20251008_0002_L_0829.jpg"")","",""
1316,1317,145.698525487552,-16.8697564131713,"","=HYPERLINK(""Frames_for_Analysis/1317_20251008_0002_L_0833.jpg"",""1317_20251008_0002_L_0833.jpg"")","",""
1317,1318,145.698486614767,-16.8698339133549,"","=HYPERLINK(""Frames_for_Analysis/1318_20251008_0002_L_0838.jpg"",""1318_20251008_0002_L_0838.jpg"")","",""
1318,1319,145.698447741982,-16.8699114135068,"","=HYPERLINK(""Frames_for_Analysis/1319_20251008_0002_L_0842.jpg"",""1319_20251008_0002_L_0842.jpg"")","",""
1319,1320,145.698408753551,-16.8699888603534,"50","=HYPERLINK(""Frames_for_Analysis/1320_20251008_0002_L_0845.jpg"",""1320_20251008_0002_L_0845.jpg"")","",""
1320,1321,145.698369699233,-16.8700662768165,"","=HYPERLINK(""Frames_for_Analysis/1321_20251008_0002_L_0847.jpg"",""1321_20251008_0002_L_0847.jpg"")","",""
1321,1322,145.698330644916,-16.8701436932479,"","=HYPERLINK(""Frames_for_Analysis/1322_20251008_0002_L_0851.jpg"",""1322_20251008_0002_L_0851.jpg"")","",""
1322,1323,145.698291590598,-16.8702211096475,"","=HYPERLINK(""Frames_for_Analysis/1323_20251008_0002_L_0874.jpg"",""1323_20251008_0002_L_0874.jpg"")","",""
1323,1324,145.698250457738,-16.8702974791886,"","=HYPERLINK(""Frames_for_Analysis/1324_20251008_0002_L_0869.jpg"",""1324_20251008_0002_L_0869.jpg"")","",""
1324,1325,145.69820588891,-16.8703721182257,"50","=HYPERLINK(""Frames_for_Analysis/1325_20251008_0002_L_0885.jpg"",""1325_20251008_0002_L_0885.jpg"")","",""
1325,1326,145.69817453698,-16.8704493971322,"","=HYPERLINK(""Frames_for_Analysis/1326_20251008_0002_L_0864.jpg"",""1326_20251008_0002_L_0864.jpg"")","",""
1326,1327,145.698184185512,-16.8705348652983,"","=HYPERLINK(""Frames_for_Analysis/1327_20251008_0002_L_0894.jpg"",""1327_20251008_0002_L_0894.jpg"")","",""
1327,1328,145.698193834043,-16.8706203334258,"","=HYPERLINK(""Frames_for_Analysis/1328_20251008_0002_L_0898.jpg"",""1328_20251008_0002_L_0898.jpg"")","",""
1328,1329,145.698158052623,-16.870696243775,"","=HYPERLINK(""Frames_for_Analysis/1329_20251008_0002_L_0900.jpg"",""1329_20251008_0002_L_0900.jpg"")","",""
1329,1330,145.698111834568,-16.8707699583925,"50","=HYPERLINK(""Frames_for_Analysis/1330_20251008_0002_L_0903.jpg"",""1330_20251008_0002_L_0903.jpg"")","",""
1330,1331,145.698065616513,-16.8708436729812,"","=HYPERLINK(""Frames_for_Analysis/1331_20251008_0002_L_0905.jpg"",""1331_20251008_0002_L_0905.jpg"")","",""
1331,1332,145.698023796535,-16.8709196979366,"","=HYPERLINK(""Frames_for_Analysis/1332_20251008_0002_L_0907.jpg"",""1332_20251008_0002_L_0907.jpg"")","",""
1332,1333,145.697983622827,-16.8709965876785,"","=HYPERLINK(""Frames_for_Analysis/1333_20251008_0002_L_0909.jpg"",""1333_20251008_0002_L_0909.jpg"")","",""
1333,1334,145.697942283177,-16.8710727416601,"","=HYPERLINK(""Frames_for_Analysis/1334_20251008_0002_L_0913.jpg"",""1334_20251008_0002_L_0913.jpg"")","",""
1334,1335,145.697884256965,-16.8711383661142,"50","=HYPERLINK(""Frames_for_Analysis/1335_20251008_0002_L_0915.jpg"",""1335_20251008_0002_L_0915.jpg"")","",""
1335,1336,145.697826230752,-16.8712039905455,"","","","X"
1336,1337,145.697767457765,-16.8712690019472,"","","","X"
1337,1338,145.697708512396,-16.8713338718228,"","","","X"
1338,1339,145.697649567026,-16.8713987416761,"","","","X"
1339,1340,145.697590621657,-16.8714636115072,"50","","","X"
1340,1341,145.697514976708,-16.8715078626358,"","","","X"
1341,1342,145.697434628835,-16.8715463071375,"","","","X"
1342,1343,145.697354280963,-16.8715847516313,"","","","X"
1343,1344,145.697276450742,-16.8716274286058,"","","","X"
1344,1345,145.697200886463,-16.8716739149001,"50","","","X"
1345,1346,145.697125322183,-16.871720401183,"","","","X"
1346,1347,145.697049757904,-16.8717668874545,"","","","X"
1347,1348,145.696977110422,-16.8718162885922,"","","","X"
1348,1349,145.696925306015,-16.8718865190581,"","","","X"
1349,1350,145.696873501607,-16.871956749498,"50","","","X"
1350,1351,145.696821945594,-16.8720271460837,"","","","X"
1351,1352,145.69677081263,-16.8720978256552,"","","","X"
1352,1353,145.696461731498,-16.8723731287643,"","=HYPERLINK(""Frames_for_Analysis/1353_20251008_0002_L_0995.jpg"",""1353_20251008_0002_L_0995.jpg"")","",""
1353,1354,145.696391584852,-16.8724268304134,"","=HYPERLINK(""Frames_for_Analysis/1354_20251008_0002_L_0999.jpg"",""1354_20251008_0002_L_0999.jpg"")","",""
1354,1355,145.696321438207,-16.8724805320473,"50","=HYPERLINK(""Frames_for_Analysis/1355_20251008_0002_L_1003.jpg"",""1355_20251008_0002_L_1003.jpg"")","",""
1355,1356,145.696242070595,-16.872518013783,"","=HYPERLINK(""Frames_for_Analysis/1356_20251008_0002_L_1006.jpg"",""1356_20251008_0002_L_1006.jpg"")","",""
1356,1357,145.696156848868,-16.8725451979949,"","=HYPERLINK(""Frames_for_Analysis/1357_20251008_0002_L_1010.jpg"",""1357_20251008_0002_L_1010.jpg"")","",""
1357,1358,145.696071627141,-16.8725723822029,"","","","X"
1358,1359,145.695986405414,-16.8725995664069,"","","","X"
1359,1360,145.695906649488,-16.8726387300042,"50","","","X"
1360,1361,145.695827884083,-16.8726800645172,"","","","X"
1361,1362,145.695749118678,-16.8727213990212,"","","","X"
1362,1363,145.695670353272,-16.8727627335161,"","","","X"
1363,1364,145.695590665747,-16.8728021368946,"","","","X"
1364,1365,145.695506455427,-16.8728320686072,"50","","","X"
1365,1366,145.695422245107,-16.8728620003151,"","","","X"
1366,1367,145.695338034787,-16.8728919320182,"","","","X"
1367,1368,145.695253824467,-16.8729218637166,"","","","X"
1368,1369,145.695169489424,-16.8729514651184,"","","","X"
1369,1370,145.695084736983,-16.8729799611613,"50","","","X"
1370,1371,145.694999984542,-16.8730084571999,"","","","X"
1371,1372,145.694915232101,-16.8730369532342,"","","","X"
1372,1373,145.694830479659,-16.8730654492641,"","","","X"
1373,1374,145.694745689092,-16.8730938358806,"","","","X"
1374,1375,145.694660027297,-16.8731197224007,"50","","","X"
1375,1376,145.694574365502,-16.8731456089173,"","","","X"
1376,1377,145.694488703707,-16.8731714954304,"","","","X"
1377,1378,145.694403041913,-16.8731973819399,"","","","X"
1378,1379,145.694317380118,-16.8732232684458,"","","","X"
1379,1380,145.694228930226,-16.873236529942,"50","","","X"
1380,1381,145.694139648124,-16.8732460230362,"","","","X"
1381,1382,145.694050366021,-16.8732555161299,"","","","X"
1382,1383,145.693961083919,-16.8732650092231,"","","","X"
1383,1384,145.693871801816,-16.8732745023159,"","","","X"
1384,1385,145.693782519714,-16.8732839954082,"50","","","X"
1385,1386,145.693696292226,-16.873306963893,"","","","X"
1386,1387,145.693610924499,-16.8733337251965,"","","","X"
1387,1388,145.693525556771,-16.8733604864962,"","","","X"
1388,1389,145.693440189044,-16.8733872477922,"","","","X"
1389,1390,145.693354821316,-16.8734140090843,"50","","","X"
1390,1391,145.693269453589,-16.8734407703727,"","","","X"
1391,1392,145.693184085862,-16.8734675316572,"","","","X"
1392,1393,145.693098718134,-16.873494292938,"","","","X"
1393,1394,145.693011205026,-16.8735129289294,"","","","X"
1394,1395,145.69292279941,-16.8735281846836,"50","","","X"
1395,1396,145.692834393793,-16.8735434404365,"","","","X"
1396,1397,145.692745988176,-16.8735586961882,"","","","X"
1397,1398,145.692657582559,-16.8735739519387,"","","","X"
1398,1399,145.692569176943,-16.873589207688,"","","","X"
1399,1400,145.692480771326,-16.873604463436,"50","","","X"
1400,1401,145.692392365709,-16.8736197191828,"","","","X"
1401,1402,145.692303532341,-16.8736321931711,"","","","X"
1402,1403,145.692214281774,-16.8736419540235,"","","","X"
1403,1404,145.692125031208,-16.8736517148754,"","","","X"
1404,1405,145.692035780641,-16.8736614757268,"50","","","X"
1405,1406,145.691946530074,-16.8736712365777,"","","","X"
1406,1407,145.691857279507,-16.8736809974281,"","","","X"
1407,1408,145.69176802894,-16.873690758278,"","","","X"
1408,1409,145.691678778373,-16.8737005191274,"","","","X"
1409,1410,145.691589527806,-16.8737102799763,"50","","","X"
1410,1411,145.691500187735,-16.8737189767023,"","","","X"
1411,1412,145.691410454739,-16.8737230019126,"","","","X"
1412,1413,145.691320721744,-16.8737270271229,"","","","X"
1413,1414,145.691230988748,-16.8737310523331,"","","","X"
1414,1415,145.691141255753,-16.8737350775432,"50","","","X"
1415,1416,145.691051522757,-16.8737391027532,"","","","X"
1416,1417,145.690961789761,-16.8737431279632,"","","","X"
1417,1418,145.690872056766,-16.873747153173,"","","","X"
1418,1419,145.69078232377,-16.8737511783828,"","","","X"
1419,1420,145.690693079998,-16.8737604089672,"50","","","X"
1420,1421,145.690604036484,-16.8737717703085,"","","","X"
1421,1422,145.69051499297,-16.8737831316491,"","","","X"
1422,1423,145.690425949456,-16.873794492989,"","","","X"
1423,1424,145.690391878595,-16.8737376434281,"","","","X"
1424,1425,145.690359373797,-16.873659157539,"50","","","X"
1425,1426,145.690314804983,-16.873584519793,"","","","X"
1426,1427,145.690248218218,-16.8735391153107,"","","","X"
1427,1428,145.690163435958,-16.8735613671392,"","","","X"
1428,1429,145.690113485088,-16.8736257848114,"","","","X"
1429,1430,145.690042197311,-16.8736644571727,"50","","","X"
1430,1431,145.689953714007,-16.8736780271036,"","","","X"
1431,1432,145.689864351254,-16.8736867977667,"","","","X"
1432,1433,145.689774988502,-16.8736955684294,"","","","X"
1433,1434,145.689685625749,-16.8737043390917,"","","","X"
1434,1435,145.689596262996,-16.8737131097536,"50","","","X"
1435,1436,145.689507118796,-16.873723537502,"","","","X"
1436,1437,145.689418281135,-16.8737362894631,"","","","X"
1437,1438,145.689329443475,-16.8737490414233,"","","","X"
1438,1439,145.689240605815,-16.8737617933827,"","","","X"
1439,1440,145.689151768154,-16.8737745453413,"50","","","X"
1440,1441,145.689062868425,-16.8737862887522,"","","","X"
1441,1442,145.688973080727,-16.873783603716,"","","","X"
1442,1443,145.688883293028,-16.8737809186798,"","","","X"
1443,1444,145.68879350533,-16.8737782336436,"","","","X"
1444,1445,145.688703717631,-16.8737755486073,"50","","","X"
1445,1446,145.688613929933,-16.873772863571,"","","","X"
1446,1447,145.688524142235,-16.8737701785347,"","","","X"
1447,1448,145.688434354536,-16.8737674934983,"","","","X"
1448,1449,145.688344566838,-16.8737648084619,"","","","X"
1449,1450,145.68825477914,-16.8737621234255,"50","","","X"
1450,1451,145.688164991441,-16.873759438389,"","","","X"
1451,1452,145.688075203743,-16.8737567533524,"","","","X"
1452,1453,145.687985416045,-16.8737540683159,"","","","X"
1453,1454,145.687895621968,-16.8737530911403,"","","","X"
1454,1455,145.687805816508,-16.8737551619686,"50","","","X"
1455,1456,145.687716011048,-16.8737572327969,"","","","X"
1456,1457,145.687626205589,-16.8737593036252,"","","","X"
1457,1458,145.687536400129,-16.8737613744534,"","","","X"
1458,1459,145.687446594669,-16.8737634452817,"","","","X"
1459,1460,145.687356789209,-16.8737655161099,"50","","","X"
1460,1461,145.687266983749,-16.873767586938,"","","","X"
1461,1462,145.687177178289,-16.8737696577662,"","","","X"
1462,1463,145.687087372829,-16.8737717285943,"","","","X"
1463,1464,145.68699756737,-16.8737737994224,"","","","X"
1464,1465,145.686907826866,-16.8737729439151,"50","","","X"
1465,1466,145.686818194301,-16.8737672256587,"","","","X"
1466,1467,145.686728561737,-16.873761507402,"","","","X"
1467,1468,145.686638929172,-16.8737557891452,"","","","X"
1468,1469,145.686549296608,-16.8737500708883,"","","","X"
1469,1470,145.686459664043,-16.8737443526312,"50","","","X"
1470,1471,145.686370031479,-16.8737386343738,"","","","X"
1471,1472,145.686280398914,-16.8737329161164,"","","","X"
1472,1473,145.686190989379,-16.8737250053698,"","","","X"
1473,1474,145.686101887125,-16.873714073872,"","","","X"
1474,1475,145.686012784872,-16.8737031423737,"50","","","X"
1475,1476,145.685923682619,-16.8736922108746,"","","","X"
1476,1477,145.685834580365,-16.873681279375,"","","","X"
1477,1478,145.685745676793,-16.8736763177919,"","","","X"
1478,1479,145.685657481975,-16.8736926526714,"","","","X"
1479,1480,145.685569287157,-16.8737089875494,"50","","","X"
1480,1481,145.685481092339,-16.873725322426,"","","","X"
1481,1482,145.685392836747,-16.8737412035088,"","","","X"
1482,1483,145.685303187665,-16.8737466795173,"","","","X"
1483,1484,145.685213538583,-16.8737521555257,"","","","X"
1484,1485,145.685123889501,-16.873757631534,"50","","","X"
1485,1486,145.685034240419,-16.873763107542,"","","","X"
1486,1487,145.684944591337,-16.8737685835499,"","","","X"
1487,1488,145.684854942255,-16.8737740595577,"","","","X"
1488,1489,145.68476732146,-16.8737581748043,"","","","X"
1489,1490,145.684680172067,-16.8737373255112,"50","","","X"
1490,1491,145.684593022674,-16.8737164762159,"","","","X"
1491,1492,145.684505873281,-16.8736956269182,"","","","X"
1492,1493,145.684418723889,-16.8736747776183,"","","","X"
1493,1494,145.684329628966,-16.8736643592803,"","","","X"
1494,1495,145.68424032346,-16.8736550699875,"50","","","X"
1495,1496,145.684151017954,-16.8736457806943,"","","","X"
1496,1497,145.684061712447,-16.8736364914006,"","","","X"
1497,1498,145.683972406941,-16.8736272021064,"","","","X"
1498,1499,145.683883101435,-16.8736179128118,"","","","X"
1499,1500,145.683793602708,-16.8736105947256,"50","","","X"
1500,1501,145.683704049819,-16.8736038292066,"","","","X"
1501,1502,145.683614496929,-16.8735970636875,"","","","X"
1502,1503,145.683524944039,-16.873590298168,"","","","X"
1503,1504,145.683435391149,-16.8735835326484,"","","","X"
1504,1505,145.683345632534,-16.8735817622884,"50","","","X"
1505,1506,145.683255801005,-16.8735817622884,"","","","X"
1506,1507,145.683165969477,-16.8735817622884,"","","","X"
1507,1508,145.683076137948,-16.8735817622884,"","","","X"
1508,1509,145.682986367737,-16.8735837004231,"","","","X"
1509,1510,145.682896700736,-16.8735889008318,"50","","","X"
1510,1511,145.682807033735,-16.8735941012403,"","","","X"
1511,1512,145.682717366734,-16.8735993016487,"","","","X"
1512,1513,145.682627699733,-16.8736045020569,"","","","X"
1513,1514,145.682537937291,-16.873601141711,"","","","X"
1514,1515,145.682448174758,-16.8735977731505,"50","","","X"
1515,1516,145.682358412225,-16.8735944045898,"","","","X"
1516,1517,145.682268649692,-16.8735910360291,"","","","X"
1517,1518,145.68217888716,-16.8735876674683,"","","","X"
1518,1519,145.682089124627,-16.8735842989075,"","","","X"
1519,1520,145.681999394196,-16.8735803499825,"50","","","X"
1520,1521,145.681909761646,-16.8735746315076,"","","","X"
1521,1522,145.68194822286,-16.8731818385752,"","","","X"
1522,1523,145.68203630988,-16.8731649794056,"","","","X"
1523,1524,145.682124313932,-16.8731514567762,"","","","X"
1524,1525,145.68221146326,-16.8731723063796,"50","","","X"
1525,1526,145.682299825254,-16.8731837295454,"","","","X"
1526,1527,145.682389656782,-16.8731837295454,"","","","X"
1527,1528,145.682479488311,-16.8731837295454,"","","","X"
1528,1529,145.682569319839,-16.8731837295454,"","","","X"
1529,1530,145.682659142573,-16.8731833758875,"50","","","X"
1530,1531,145.682748872416,-16.873179286823,"","","","X"
1531,1532,145.68283860226,-16.8731751977584,"","","","X"
1532,1533,145.682926854806,-16.8731637742953,"","","","X"
1533,1534,145.683011744392,-16.8731356545965,"","","","X"
1534,1535,145.683096633977,-16.8731075348935,"50","","","X"
1535,1536,145.683181523563,-16.8730794151864,"","","","X"
1536,1537,145.683268278084,-16.8730824139091,"","","","X"
1537,1538,145.683356923899,-16.8730927505299,"","","","X"
1538,1539,145.683446755427,-16.8730927505299,"","","","X"
1539,1540,145.683536586956,-16.8730927505299,"50","","","X"
1540,1541,145.683626399665,-16.8730938674325,"","","","X"
1541,1542,145.683716184495,-16.8730966389211,"","","","X"
1542,1543,145.683805969325,-16.8730994104096,"","","","X"
1543,1544,145.683895754155,-16.873102181898,"","","","X"
1544,1545,145.683985448749,-16.8731063877946,"50","","","X"
1545,1546,145.684074932607,-16.8731139436202,"","","","X"
1546,1547,145.684164416465,-16.8731214994455,"","","","X"
1547,1548,145.684253900323,-16.8731290552704,"","","","X"
1548,1549,145.684343384181,-16.8731366110951,"","","","X"
1549,1550,145.684432098704,-16.8731266862666,"50","","","X"
1550,1551,145.684520601784,-16.8731119570594,"","","","X"
1551,1552,145.684609104864,-16.8730972278509,"","","","X"
1552,1553,145.684697477787,-16.8730818065734,"","","","X"
1553,1554,145.684785793866,-16.8730660830467,"","","","X"
1554,1555,145.684874109946,-16.8730503595188,"50","","","X"
1555,1556,145.684962426025,-16.8730346359895,"","","","X"
1556,1557,145.685050742104,-16.8730189124589,"","","","X"
1557,1558,145.685139058184,-16.873003188927,"","","","X"
1558,1559,145.685228572069,-16.872996568665,"","","","X"
1559,1560,145.68531820463,-16.8729908503308,"50","","","X"
1560,1561,145.68540783719,-16.8729851319964,"","","","X"
1561,1562,145.685497469751,-16.8729794136618,"","","","X"
1562,1563,145.685587102312,-16.8729736953271,"","","","X"
1563,1564,145.685676734873,-16.8729679769922,"","","","X"
1564,1565,145.685766513802,-16.8729701874144,"50","","","X"
1565,1566,145.685856301496,-16.8729728725944,"","","","X"
1566,1567,145.68594608919,-16.8729755577743,"","","","X"
1567,1568,145.686035876884,-16.8729782429541,"","","","X"
1568,1569,145.686120710905,-16.873002648208,"","","","X"
1569,1570,145.686203502863,-16.8730360071616,"50","","","X"
1570,1571,145.686286294822,-16.8730693661093,"","","","X"
1571,1572,145.686375926267,-16.8730732463026,"","","","X"
1572,1573,145.686465691426,-16.8730765501819,"","","","X"
1573,1574,145.686555456584,-16.873079854061,"","","","X"
1574,1575,145.686645221743,-16.8730831579401,"50","","","X"
1575,1576,145.686734986901,-16.8730864618192,"","","","X"
1576,1577,145.68682475206,-16.8730897656982,"","","","X"
1577,1578,145.686914516696,-16.8730930823181,"","","","X"
1578,1579,145.687004276445,-16.8730965181366,"","","","X"
1579,1580,145.687094036195,-16.8730999539549,"50","","","X"
1580,1581,145.687183795944,-16.8731033897732,"","","","X"
1581,1582,145.687273555694,-16.8731068255914,"","","","X"
1582,1583,145.687363315443,-16.8731102614096,"","","","X"
1583,1584,145.687453075193,-16.8731136972277,"","","","X"
1584,1585,145.68754277432,-16.8731182209885,"50","","","X"
1585,1586,145.687632406891,-16.8731239391732,"","","","X"
1586,1587,145.687722039462,-16.8731296573578,"","","","X"
1587,1588,145.687811672032,-16.8731353755422,"","","","X"
1588,1589,145.687901304603,-16.8731410937265,"","","","X"
1589,1590,145.687990937174,-16.8731468119105,"50","","","X"
1590,1591,145.688080558025,-16.873146530208,"","","","X"
1591,1592,145.68817016763,-16.8731404913901,"","","","X"
1592,1593,145.688259777234,-16.873134452572,"","","","X"
1593,1594,145.688349386839,-16.8731284137536,"","","","X"
1594,1595,145.688438996444,-16.8731223749351,"50","","","X"
1595,1596,145.688528606049,-16.8731163361164,"","","","X"
1596,1597,145.688618215653,-16.8731102972975,"","","","X"
1597,1598,145.688707825258,-16.8731042584784,"","","","X"
1598,1599,145.688797434863,-16.8730982196591,"","","","X"
1599,1600,145.688887023345,-16.8730919435754,"50","","","X"
1600,1601,145.688976409046,-16.8730833897121,"","","","X"
1601,1602,145.689065794748,-16.8730748358484,"","","","X"
1602,1603,145.689155180449,-16.8730662819843,"","","","X"
1603,1604,145.689244574286,-16.873057809678,"","","","X"
1604,1605,145.689334036894,-16.873050026829,"50","","","X"
1605,1606,145.689423499502,-16.8730422439797,"","","","X"
1606,1607,145.689512948009,-16.8730374566348,"","","","X"
1607,1608,145.68960233371,-16.8730460104992,"","","","X"
1608,1609,145.689691719412,-16.8730545643632,"","","","X"
1609,1610,145.689781105113,-16.8730631182268,"50","","","X"
1610,1611,145.689870352017,-16.8730673252157,"","","","X"
1611,1612,145.689959025211,-16.8730535648147,"","","","X"
1612,1613,145.690047698406,-16.8730398044126,"","","","X"
1613,1614,145.6901363716,-16.8730260440096,"","","","X"
1614,1615,145.690225044794,-16.8730122836055,"50","","","X"
1615,1616,145.690313640535,-16.8729980951753,"","","","X"
1616,1617,145.690401985621,-16.8729825215821,"","","","X"
1617,1618,145.690490330707,-16.8729669479876,"","","","X"
1618,1619,145.690578675794,-16.8729513743919,"","","","X"
1619,1620,145.69066702088,-16.8729358007948,"50","","","X"
1620,1621,145.69075544527,-16.8729206978201,"","","","X"
1621,1622,145.690844427889,-16.8729089076142,"","","","X"
1622,1623,145.690933410507,-16.8728971174076,"","","","X"
1623,1624,145.691022393126,-16.8728853272002,"","","","X"
1624,1625,145.691111375744,-16.8728735369921,"50","","","X"
1625,1626,145.691200358363,-16.8728617467833,"","","","X"
1626,1627,145.691289340981,-16.8728499565738,"","","","X"
1627,1628,145.6913783236,-16.8728381663635,"","","","X"
1628,1629,145.691467306218,-16.8728263761524,"","","","X"
1629,1630,145.691556253409,-16.8728143466724,"50","","","X"
1630,1631,145.691645156124,-16.8728020168135,"","","","X"
1631,1632,145.691734058838,-16.8727896869539,"","","","X"
1632,1633,145.691822961553,-16.8727773570934,"","","","X"
1633,1634,145.691911864268,-16.8727650272321,"","","","X"
1634,1635,145.692000766982,-16.87275269737,"50","","","X"
1635,1636,145.692089669697,-16.8727403675072,"","","","X"
1636,1637,145.692178572412,-16.8727280376435,"","","","X"
1637,1638,145.692267475126,-16.872715707779,"","","","X"
1638,1639,145.692356357271,-16.8727032453995,"","","","X"
1639,1640,145.692445166426,-16.8726903128252,"50","","","X"
1640,1641,145.692533975582,-16.8726773802499,"","","","X"
1641,1642,145.692622784738,-16.8726644476738,"","","","X"
1642,1643,145.692711593893,-16.8726515150968,"","","","X"
1643,1644,145.692800403049,-16.872638582519,"","","","X"
1644,1645,145.692889275672,-16.8726263245429,"50","","","X"
1645,1646,145.692979070554,-16.8726238693295,"","","","X"
1646,1647,145.693068865437,-16.872621414116,"","","","X"
1647,1648,145.693158660319,-16.8726189589024,"","","","X"
1648,1649,145.693248455201,-16.8726165036889,"","","","X"
1649,1650,145.693336930716,-16.8726054491137,"50","","","X"
1650,1651,145.693423673441,-16.8725831005701,"","","","X"
1651,1652,145.693510416166,-16.872560752024,"","","","X"
1652,1653,145.693597158891,-16.8725384034752,"","","","X"
1653,1654,145.69368287043,-16.8725127034987,"","","","X"
1654,1655,145.693768428161,-16.8724865036318,"50","","","X"
1655,1656,145.693853985891,-16.8724603037612,"","","","X"
1656,1657,145.693939092351,-16.8724328399721,"","","","X"
1657,1658,145.694023515392,-16.8724034620682,"","","","X"
1658,1659,145.694107938432,-16.8723740841599,"","","","X"
1659,1660,145.694191991236,-16.8723437868528,"50","=HYPERLINK(""Frames_for_Analysis/1660_20251008_0001_L_0001.jpg"",""1660_20251008_0001_L_0001.jpg"")","",""
1660,1661,145.694275183528,-16.8723113526656,"","=HYPERLINK(""Frames_for_Analysis/1661_20251008_0001_L_0003.jpg"",""1661_20251008_0001_L_0003.jpg"")","",""
1661,1662,145.69435837582,-16.8722789184729,"","=HYPERLINK(""Frames_for_Analysis/1662_20251008_0001_L_0005.jpg"",""1662_20251008_0001_L_0005.jpg"")","",""
1662,1663,145.694441568112,-16.8722464842745,"","=HYPERLINK(""Frames_for_Analysis/1663_20251008_0001_L_0009.jpg"",""1663_20251008_0001_L_0009.jpg"")","",""
1663,1664,145.694523016307,-16.8722104902288,"","=HYPERLINK(""Frames_for_Analysis/1664_20251008_0001_L_0012.jpg"",""1664_20251008_0001_L_0012.jpg"")","",""
1664,1665,145.694602279451,-16.8721700363098,"50","=HYPERLINK(""Frames_for_Analysis/1665_20251008_0001_L_0016.jpg"",""1665_20251008_0001_L_0016.jpg"")","",""
1665,1666,145.694681542594,-16.8721295823821,"","=HYPERLINK(""Frames_for_Analysis/1666_20251008_0001_L_0019.jpg"",""1666_20251008_0001_L_0019.jpg"")","",""
1666,1667,145.694760805737,-16.8720891284458,"","=HYPERLINK(""Frames_for_Analysis/1667_20251008_0001_L_0023.jpg"",""1667_20251008_0001_L_0023.jpg"")","",""
1667,1668,145.69484006888,-16.8720486745009,"","=HYPERLINK(""Frames_for_Analysis/1668_20251008_0001_L_0026.jpg"",""1668_20251008_0001_L_0026.jpg"")","",""
1668,1669,145.694915696458,-16.8720023116202,"","=HYPERLINK(""Frames_for_Analysis/1669_20251008_0001_L_0029.jpg"",""1669_20251008_0001_L_0029.jpg"")","",""
1669,1670,145.694991116335,-16.8719556111493,"50","=HYPERLINK(""Frames_for_Analysis/1670_20251008_0001_L_0032.jpg"",""1670_20251008_0001_L_0032.jpg"")","",""
1670,1671,145.695065223259,-16.8719071555452,"","=HYPERLINK(""Frames_for_Analysis/1671_20251008_0001_L_0035.jpg"",""1671_20251008_0001_L_0035.jpg"")","",""
1671,1672,145.695135730422,-16.8718538878601,"","=HYPERLINK(""Frames_for_Analysis/1672_20251008_0001_L_0039.jpg"",""1672_20251008_0001_L_0039.jpg"")","",""
1672,1673,145.695206237585,-16.87180062016,"","=HYPERLINK(""Frames_for_Analysis/1673_20251008_0001_L_0042.jpg"",""1673_20251008_0001_L_0042.jpg"")","",""
1673,1674,145.695277615729,-16.871748821305,"","=HYPERLINK(""Frames_for_Analysis/1674_20251008_0001_L_0045.jpg"",""1674_20251008_0001_L_0045.jpg"")","",""
1674,1675,145.695361562165,-16.8717182181385,"50","=HYPERLINK(""Frames_for_Analysis/1675_20251008_0001_L_0047.jpg"",""1675_20251008_0001_L_0047.jpg"")","",""
1675,1676,145.695445508601,-16.8716876149669,"","=HYPERLINK(""Frames_for_Analysis/1676_20251008_0001_L_0050.jpg"",""1676_20251008_0001_L_0050.jpg"")","",""
1676,1677,145.695529894935,-16.8716585923791,"","=HYPERLINK(""Frames_for_Analysis/1677_20251008_0001_L_0053.jpg"",""1677_20251008_0001_L_0053.jpg"")","",""
1677,1678,145.695618627186,-16.871645185036,"","=HYPERLINK(""Frames_for_Analysis/1678_20251008_0001_L_0057.jpg"",""1678_20251008_0001_L_0057.jpg"")","",""
1678,1679,145.695707359438,-16.8716317776919,"","=HYPERLINK(""Frames_for_Analysis/1679_20251008_0001_L_0060.jpg"",""1679_20251008_0001_L_0060.jpg"")","",""
1679,1680,145.695780420257,-16.8715907411061,"50","=HYPERLINK(""Frames_for_Analysis/1680_20251008_0001_L_0064.jpg"",""1680_20251008_0001_L_0064.jpg"")","",""
1680,1681,145.695840514421,-16.8715268438749,"","=HYPERLINK(""Frames_for_Analysis/1681_20251008_0001_L_0067.jpg"",""1681_20251008_0001_L_0067.jpg"")","",""
1681,1682,145.695900608585,-16.871462946622,"","=HYPERLINK(""Frames_for_Analysis/1682_20251008_0001_L_0069.jpg"",""1682_20251008_0001_L_0069.jpg"")","",""
1682,1683,145.69596070275,-16.8713990493476,"","=HYPERLINK(""Frames_for_Analysis/1683_20251008_0001_L_0072.jpg"",""1683_20251008_0001_L_0072.jpg"")","",""
1683,1684,145.69602418081,-16.8713382243515,"","=HYPERLINK(""Frames_for_Analysis/1684_20251008_0001_L_0076.jpg"",""1684_20251008_0001_L_0076.jpg"")","",""
1684,1685,145.696087701314,-16.8712774378712,"50","=HYPERLINK(""Frames_for_Analysis/1685_20251008_0001_L_0079.jpg"",""1685_20251008_0001_L_0079.jpg"")","",""
1685,1686,145.696157456146,-16.871223928718,"","=HYPERLINK(""Frames_for_Analysis/1686_20251008_0001_L_0082.jpg"",""1686_20251008_0001_L_0082.jpg"")","",""
1686,1687,145.69623220046,-16.871176243786,"","=HYPERLINK(""Frames_for_Analysis/1687_20251008_0001_L_0085.jpg"",""1687_20251008_0001_L_0085.jpg"")","",""
1687,1688,145.696306944774,-16.8711285588421,"","=HYPERLINK(""Frames_for_Analysis/1688_20251008_0001_L_0087.jpg"",""1688_20251008_0001_L_0087.jpg"")","",""
1688,1689,145.696381689089,-16.8710808738861,"","=HYPERLINK(""Frames_for_Analysis/1689_20251008_0001_L_0089.jpg"",""1689_20251008_0001_L_0089.jpg"")","",""
1689,1690,145.696456433403,-16.871033188918,"50","=HYPERLINK(""Frames_for_Analysis/1690_20251008_0001_L_0091.jpg"",""1690_20251008_0001_L_0091.jpg"")","",""
1690,1691,145.696529909872,-16.8709838293149,"","=HYPERLINK(""Frames_for_Analysis/1691_20251008_0001_L_0093.jpg"",""1691_20251008_0001_L_0093.jpg"")","",""
1691,1692,145.696600546104,-16.8709307181948,"","=HYPERLINK(""Frames_for_Analysis/1692_20251008_0001_L_0095.jpg"",""1692_20251008_0001_L_0095.jpg"")","",""
1692,1693,145.696671182336,-16.8708776070598,"","=HYPERLINK(""Frames_for_Analysis/1693_20251008_0001_L_0097.jpg"",""1693_20251008_0001_L_0097.jpg"")","",""
1693,1694,145.696741818569,-16.8708244959098,"","=HYPERLINK(""Frames_for_Analysis/1694_20251008_0001_L_0140.jpg"",""1694_20251008_0001_L_0140.jpg"")","",""
1694,1695,145.696812454801,-16.8707713847449,"50","=HYPERLINK(""Frames_for_Analysis/1695_20251008_0001_L_0103.jpg"",""1695_20251008_0001_L_0103.jpg"")","",""
1695,1696,145.69688127883,-16.8707161825924,"","=HYPERLINK(""Frames_for_Analysis/1696_20251008_0001_L_0105.jpg"",""1696_20251008_0001_L_0105.jpg"")","",""
1696,1697,145.696948883815,-16.8706595738546,"","=HYPERLINK(""Frames_for_Analysis/1697_20251008_0001_L_0134.jpg"",""1697_20251008_0001_L_0134.jpg"")","",""
1697,1698,145.6970164888,-16.8706029650999,"","=HYPERLINK(""Frames_for_Analysis/1698_20251008_0001_L_0130.jpg"",""1698_20251008_0001_L_0130.jpg"")","",""
1698,1699,145.697054731466,-16.870527236176,"","=HYPERLINK(""Frames_for_Analysis/1699_20251008_0001_L_0115.jpg"",""1699_20251008_0001_L_0115.jpg"")","",""
1699,1700,145.697084945185,-16.8704462789292,"50","=HYPERLINK(""Frames_for_Analysis/1700_20251008_0001_L_0154.jpg"",""1700_20251008_0001_L_0154.jpg"")","",""
1700,1701,145.69712866101,-16.8703714822435,"","=HYPERLINK(""Frames_for_Analysis/1701_20251008_0001_L_0155.jpg"",""1701_20251008_0001_L_0155.jpg"")","",""
1701,1702,145.697175368559,-16.8702980505602,"","=HYPERLINK(""Frames_for_Analysis/1702_20251008_0001_L_0156.jpg"",""1702_20251008_0001_L_0156.jpg"")","",""
1702,1703,145.697222076108,-16.8702246188484,"","=HYPERLINK(""Frames_for_Analysis/1703_20251008_0001_L_0158.jpg"",""1703_20251008_0001_L_0158.jpg"")","",""
1703,1704,145.697266666706,-16.8701500945918,"","=HYPERLINK(""Frames_for_Analysis/1704_20251008_0001_L_0160.jpg"",""1704_20251008_0001_L_0160.jpg"")","",""
1704,1705,145.697305122559,-16.8700724042837,"50","=HYPERLINK(""Frames_for_Analysis/1705_20251008_0001_L_0161.jpg"",""1705_20251008_0001_L_0161.jpg"")","",""
1705,1706,145.697343578411,-16.8699947139436,"","=HYPERLINK(""Frames_for_Analysis/1706_20251008_0001_L_0163.jpg"",""1706_20251008_0001_L_0163.jpg"")","",""
1706,1707,145.69739644852,-16.8699276686096,"","=HYPERLINK(""Frames_for_Analysis/1707_20251008_0001_L_0165.jpg"",""1707_20251008_0001_L_0165.jpg"")","",""
1707,1708,145.697465232905,-16.869872376069,"","=HYPERLINK(""Frames_for_Analysis/1708_20251008_0001_L_0167.jpg"",""1708_20251008_0001_L_0167.jpg"")","",""
1708,1709,145.697534017289,-16.8698170835123,"","=HYPERLINK(""Frames_for_Analysis/1709_20251008_0001_L_0169.jpg"",""1709_20251008_0001_L_0169.jpg"")","",""
1709,1710,145.697602801674,-16.8697617909394,"50","=HYPERLINK(""Frames_for_Analysis/1710_20251008_0001_L_0172.jpg"",""1710_20251008_0001_L_0172.jpg"")","",""
1710,1711,145.697669610303,-16.86970465231,"","=HYPERLINK(""Frames_for_Analysis/1711_20251008_0001_L_0174.jpg"",""1711_20251008_0001_L_0174.jpg"")","",""
1711,1712,145.697725727615,-16.8696375242691,"","=HYPERLINK(""Frames_for_Analysis/1712_20251008_0001_L_0177.jpg"",""1712_20251008_0001_L_0177.jpg"")","",""
1712,1713,145.697781844926,-16.8695703962043,"","=HYPERLINK(""Frames_for_Analysis/1713_20251008_0001_L_0180.jpg"",""1713_20251008_0001_L_0180.jpg"")","",""
1713,1714,145.697837962238,-16.8695032681158,"","=HYPERLINK(""Frames_for_Analysis/1714_20251008_0001_L_0182.jpg"",""1714_20251008_0001_L_0182.jpg"")","",""
1714,1715,145.69789407955,-16.8694361400033,"50","=HYPERLINK(""Frames_for_Analysis/1715_20251008_0001_L_0185.jpg"",""1715_20251008_0001_L_0185.jpg"")","",""
1715,1716,145.697950277313,-16.8693690744567,"","=HYPERLINK(""Frames_for_Analysis/1716_20251008_0001_L_0188.jpg"",""1716_20251008_0001_L_0188.jpg"")","",""
1716,1717,145.69800748937,-16.869302797984,"","=HYPERLINK(""Frames_for_Analysis/1717_20251008_0001_L_0190.jpg"",""1717_20251008_0001_L_0190.jpg"")","",""
1717,1718,145.698064701426,-16.8692365214881,"","=HYPERLINK(""Frames_for_Analysis/1718_20251008_0001_L_0193.jpg"",""1718_20251008_0001_L_0193.jpg"")","",""
1718,1719,145.698121913482,-16.8691702449689,"","=HYPERLINK(""Frames_for_Analysis/1719_20251008_0001_L_0196.jpg"",""1719_20251008_0001_L_0196.jpg"")","",""
1719,1720,145.698180712067,-16.8691054990786,"50","=HYPERLINK(""Frames_for_Analysis/1720_20251008_0001_L_0200.jpg"",""1720_20251008_0001_L_0200.jpg"")","",""
1720,1721,145.698250431496,-16.8690512893941,"","=HYPERLINK(""Frames_for_Analysis/1721_20251008_0001_L_0203.jpg"",""1721_20251008_0001_L_0203.jpg"")","",""
1721,1722,145.698320150926,-16.8689970796941,"","=HYPERLINK(""Frames_for_Analysis/1722_20251008_0001_L_0205.jpg"",""1722_20251008_0001_L_0205.jpg"")","",""
1722,1723,145.698389870355,-16.8689428699786,"","=HYPERLINK(""Frames_for_Analysis/1723_20251008_0001_L_0208.jpg"",""1723_20251008_0001_L_0208.jpg"")","",""
1723,1724,145.698459589785,-16.8688886602474,"","=HYPERLINK(""Frames_for_Analysis/1724_20251008_0001_L_0211.jpg"",""1724_20251008_0001_L_0211.jpg"")","",""
1724,1725,145.698529309214,-16.8688344505008,"50","=HYPERLINK(""Frames_for_Analysis/1725_20251008_0001_L_0214.jpg"",""1725_20251008_0001_L_0214.jpg"")","",""
1725,1726,145.698605175774,-16.8687890108221,"","=HYPERLINK(""Frames_for_Analysis/1726_20251008_0001_L_0217.jpg"",""1726_20251008_0001_L_0217.jpg"")","",""
1726,1727,145.698684038518,-16.868747845775,"","=HYPERLINK(""Frames_for_Analysis/1727_20251008_0001_L_0220.jpg"",""1727_20251008_0001_L_0220.jpg"")","",""
1727,1728,145.698762901261,-16.8687066807188,"","=HYPERLINK(""Frames_for_Analysis/1728_20251008_0001_L_0223.jpg"",""1728_20251008_0001_L_0223.jpg"")","",""
1728,1729,145.698841764004,-16.8686655156537,"","=HYPERLINK(""Frames_for_Analysis/1729_20251008_0001_L_0227.jpg"",""1729_20251008_0001_L_0227.jpg"")","",""
1729,1730,145.698920626748,-16.8686243505797,"50","=HYPERLINK(""Frames_for_Analysis/1730_20251008_0001_L_0229.jpg"",""1730_20251008_0001_L_0229.jpg"")","",""
1730,1731,145.698996242913,-16.8685781053037,"","=HYPERLINK(""Frames_for_Analysis/1731_20251008_0001_L_0232.jpg"",""1731_20251008_0001_L_0232.jpg"")","",""
1731,1732,145.699070464161,-16.8685296772713,"","=HYPERLINK(""Frames_for_Analysis/1732_20251008_0001_L_0235.jpg"",""1732_20251008_0001_L_0235.jpg"")","",""
1732,1733,145.699144685409,-16.8684812492266,"","=HYPERLINK(""Frames_for_Analysis/1733_20251008_0001_L_0237.jpg"",""1733_20251008_0001_L_0237.jpg"")","",""
1733,1734,145.699217271661,-16.8684308874227,"","=HYPERLINK(""Frames_for_Analysis/1734_20251008_0001_L_0241.jpg"",""1734_20251008_0001_L_0241.jpg"")","",""
1734,1735,145.699282251889,-16.8683715297923,"50","=HYPERLINK(""Frames_for_Analysis/1735_20251008_0001_L_0244.jpg"",""1735_20251008_0001_L_0244.jpg"")","",""
1735,1736,145.699347232118,-16.8683121721433,"","=HYPERLINK(""Frames_for_Analysis/1736_20251008_0001_L_0247.jpg"",""1736_20251008_0001_L_0247.jpg"")","",""
1736,1737,145.699412212346,-16.8682528144757,"","=HYPERLINK(""Frames_for_Analysis/1737_20251008_0001_L_0250.jpg"",""1737_20251008_0001_L_0250.jpg"")","",""
1737,1738,145.699475832775,-16.8681922645395,"","=HYPERLINK(""Frames_for_Analysis/1738_20251008_0001_L_0254.jpg"",""1738_20251008_0001_L_0254.jpg"")","",""
1738,1739,145.69953195,-16.8681251358948,"","=HYPERLINK(""Frames_for_Analysis/1739_20251008_0001_L_0257.jpg"",""1739_20251008_0001_L_0257.jpg"")","",""
1739,1740,145.699588067225,-16.8680580072263,"50","=HYPERLINK(""Frames_for_Analysis/1740_20251008_0001_L_0259.jpg"",""1740_20251008_0001_L_0259.jpg"")","",""
1740,1741,145.69964418445,-16.8679908785339,"","=HYPERLINK(""Frames_for_Analysis/1741_20251008_0001_L_0263.jpg"",""1741_20251008_0001_L_0263.jpg"")","",""
1741,1742,145.699700301675,-16.8679237498176,"","=HYPERLINK(""Frames_for_Analysis/1742_20251008_0001_L_0266.jpg"",""1742_20251008_0001_L_0266.jpg"")","",""
1742,1743,145.699756065375,-16.8678563691123,"","=HYPERLINK(""Frames_for_Analysis/1743_20251008_0001_L_0269.jpg"",""1743_20251008_0001_L_0269.jpg"")","",""
1743,1744,145.699807198441,-16.8677856880219,"","=HYPERLINK(""Frames_for_Analysis/1744_20251008_0001_L_0272.jpg"",""1744_20251008_0001_L_0272.jpg"")","",""
1744,1745,145.699858331507,-16.8677150069049,"50","=HYPERLINK(""Frames_for_Analysis/1745_20251008_0001_L_0275.jpg"",""1745_20251008_0001_L_0275.jpg"")","",""
1745,1746,145.699909464573,-16.8676443257615,"","=HYPERLINK(""Frames_for_Analysis/1746_20251008_0001_L_0278.jpg"",""1746_20251008_0001_L_0278.jpg"")","",""
1746,1747,145.699960597639,-16.8675736445917,"","=HYPERLINK(""Frames_for_Analysis/1747_20251008_0001_L_0281.jpg"",""1747_20251008_0001_L_0281.jpg"")","",""
1747,1748,145.70000557968,-16.8674992729318,"","=HYPERLINK(""Frames_for_Analysis/1748_20251008_0001_L_0284.jpg"",""1748_20251008_0001_L_0284.jpg"")","",""
1748,1749,145.700049781974,-16.8674244334137,"","=HYPERLINK(""Frames_for_Analysis/1749_20251008_0001_L_0287.jpg"",""1749_20251008_0001_L_0287.jpg"")","",""
1749,1750,145.700093984267,-16.8673495938659,"50","=HYPERLINK(""Frames_for_Analysis/1750_20251008_0001_L_0290.jpg"",""1750_20251008_0001_L_0290.jpg"")","",""
1750,1751,145.700144512335,-16.867279125156,"","=HYPERLINK(""Frames_for_Analysis/1751_20251008_0001_L_0293.jpg"",""1751_20251008_0001_L_0293.jpg"")","",""
1751,1752,145.700204835934,-16.8672154247602,"","=HYPERLINK(""Frames_for_Analysis/1752_20251008_0001_L_0296.jpg"",""1752_20251008_0001_L_0296.jpg"")","",""
1752,1753,145.700265159534,-16.867151724343,"","=HYPERLINK(""Frames_for_Analysis/1753_20251008_0001_L_0298.jpg"",""1753_20251008_0001_L_0298.jpg"")","",""
1753,1754,145.700325483133,-16.8670880239043,"","=HYPERLINK(""Frames_for_Analysis/1754_20251008_0001_L_0301.jpg"",""1754_20251008_0001_L_0301.jpg"")","",""
1754,1755,145.700385806733,-16.8670243234441,"50","=HYPERLINK(""Frames_for_Analysis/1755_20251008_0001_L_0304.jpg"",""1755_20251008_0001_L_0304.jpg"")","",""
1755,1756,145.700446130333,-16.8669606229625,"","=HYPERLINK(""Frames_for_Analysis/1756_20251008_0001_L_0307.jpg"",""1756_20251008_0001_L_0307.jpg"")","",""
1756,1757,145.700499934791,-16.8668919985498,"","=HYPERLINK(""Frames_for_Analysis/1757_20251008_0001_L_0309.jpg"",""1757_20251008_0001_L_0309.jpg"")","",""
1757,1758,145.700550661167,-16.8668210492345,"","=HYPERLINK(""Frames_for_Analysis/1758_20251008_0001_L_0312.jpg"",""1758_20251008_0001_L_0312.jpg"")","",""
1758,1759,145.700601387543,-16.8667500998926,"","=HYPERLINK(""Frames_for_Analysis/1759_20251008_0001_L_0315.jpg"",""1759_20251008_0001_L_0315.jpg"")","",""
1759,1760,145.700652113919,-16.866679150524,"50","=HYPERLINK(""Frames_for_Analysis/1760_20251008_0001_L_0318.jpg"",""1760_20251008_0001_L_0318.jpg"")","",""
1760,1761,145.700702840295,-16.8666082011288,"","=HYPERLINK(""Frames_for_Analysis/1761_20251008_0001_L_0321.jpg"",""1761_20251008_0001_L_0321.jpg"")","",""
1761,1762,145.700753566671,-16.866537251707,"","=HYPERLINK(""Frames_for_Analysis/1762_20251008_0001_L_0324.jpg"",""1762_20251008_0001_L_0324.jpg"")","",""
1762,1763,145.700798864949,-16.866463187665,"","=HYPERLINK(""Frames_for_Analysis/1763_20251008_0001_L_0328.jpg"",""1763_20251008_0001_L_0328.jpg"")","",""
1763,1764,145.700840361277,-16.8663869420694,"","=HYPERLINK(""Frames_for_Analysis/1764_20251008_0001_L_0331.jpg"",""1764_20251008_0001_L_0331.jpg"")","",""
1764,1765,145.700881857605,-16.8663106964432,"50","=HYPERLINK(""Frames_for_Analysis/1765_20251008_0001_L_0334.jpg"",""1765_20251008_0001_L_0334.jpg"")","",""
1765,1766,145.700923353933,-16.8662344507861,"","=HYPERLINK(""Frames_for_Analysis/1766_20251008_0001_L_0338.jpg"",""1766_20251008_0001_L_0338.jpg"")","",""
1766,1767,145.700964850262,-16.8661582050983,"","=HYPERLINK(""Frames_for_Analysis/1767_20251008_0001_L_0341.jpg"",""1767_20251008_0001_L_0341.jpg"")","",""
1767,1768,145.70100634659,-16.8660819593798,"","=HYPERLINK(""Frames_for_Analysis/1768_20251008_0001_L_0344.jpg"",""1768_20251008_0001_L_0344.jpg"")","",""
1768,1769,145.701047842918,-16.8660057136305,"","=HYPERLINK(""Frames_for_Analysis/1769_20251008_0001_L_0347.jpg"",""1769_20251008_0001_L_0347.jpg"")","",""
1769,1770,145.701091879217,-16.8659308536865,"50","=HYPERLINK(""Frames_for_Analysis/1770_20251008_0001_L_0349.jpg"",""1770_20251008_0001_L_0349.jpg"")","",""
1770,1771,145.701139304242,-16.8658578426407,"","=HYPERLINK(""Frames_for_Analysis/1771_20251008_0001_L_0352.jpg"",""1771_20251008_0001_L_0352.jpg"")","",""
1771,1772,145.701186729266,-16.8657848315666,"","=HYPERLINK(""Frames_for_Analysis/1772_20251008_0001_L_0355.jpg"",""1772_20251008_0001_L_0355.jpg"")","",""
1772,1773,145.701234154291,-16.8657118204643,"","=HYPERLINK(""Frames_for_Analysis/1773_20251008_0001_L_0358.jpg"",""1773_20251008_0001_L_0358.jpg"")","",""
1773,1774,145.701281579316,-16.8656388093338,"","=HYPERLINK(""Frames_for_Analysis/1774_20251008_0001_L_0360.jpg"",""1774_20251008_0001_L_0360.jpg"")","",""
1774,1775,145.70132900434,-16.8655657981752,"50","=HYPERLINK(""Frames_for_Analysis/1775_20251008_0001_L_0363.jpg"",""1775_20251008_0001_L_0363.jpg"")","",""
1775,1776,145.701375952417,-16.8654925062171,"","=HYPERLINK(""Frames_for_Analysis/1776_20251008_0001_L_0366.jpg"",""1776_20251008_0001_L_0366.jpg"")","",""
1776,1777,145.701422660212,-16.8654190727811,"","=HYPERLINK(""Frames_for_Analysis/1777_20251008_0001_L_0369.jpg"",""1777_20251008_0001_L_0369.jpg"")","",""
1777,1778,145.701469368006,-16.8653456393166,"","=HYPERLINK(""Frames_for_Analysis/1778_20251008_0001_L_0371.jpg"",""1778_20251008_0001_L_0371.jpg"")","",""
1778,1779,145.701517137075,-16.8652729266528,"","=HYPERLINK(""Frames_for_Analysis/1779_20251008_0001_L_0374.jpg"",""1779_20251008_0001_L_0374.jpg"")","",""
1779,1780,145.701574156713,-16.8652064970554,"50","=HYPERLINK(""Frames_for_Analysis/1780_20251008_0001_L_0377.jpg"",""1780_20251008_0001_L_0377.jpg"")","",""
1780,1781,145.701631176352,-16.8651400674345,"","=HYPERLINK(""Frames_for_Analysis/1781_20251008_0001_L_0380.jpg"",""1781_20251008_0001_L_0380.jpg"")","",""
1781,1782,145.70168819599,-16.8650736377904,"","=HYPERLINK(""Frames_for_Analysis/1782_20251008_0001_L_0383.jpg"",""1782_20251008_0001_L_0383.jpg"")","",""
1782,1783,145.701745215628,-16.8650072081229,"","=HYPERLINK(""Frames_for_Analysis/1783_20251008_0001_L_0386.jpg"",""1783_20251008_0001_L_0386.jpg"")","",""
1783,1784,145.70179916132,-16.8649386797939,"","=HYPERLINK(""Frames_for_Analysis/1784_20251008_0001_L_0389.jpg"",""1784_20251008_0001_L_0389.jpg"")","",""
1784,1785,145.70184624172,-16.864865464383,"50","=HYPERLINK(""Frames_for_Analysis/1785_20251008_0001_L_0392.jpg"",""1785_20251008_0001_L_0392.jpg"")","",""
1785,1786,145.701893322121,-16.8647922489437,"","=HYPERLINK(""Frames_for_Analysis/1786_20251008_0001_L_0395.jpg"",""1786_20251008_0001_L_0395.jpg"")","",""
1786,1787,145.701940402522,-16.864719033476,"","=HYPERLINK(""Frames_for_Analysis/1787_20251008_0001_L_0398.jpg"",""1787_20251008_0001_L_0398.jpg"")","",""
1787,1788,145.701988226775,-16.8646462740884,"","=HYPERLINK(""Frames_for_Analysis/1788_20251008_0001_L_0400.jpg"",""1788_20251008_0001_L_0400.jpg"")","",""
1788,1789,145.702038056351,-16.8645747442781,"","=HYPERLINK(""Frames_for_Analysis/1789_20251008_0001_L_0403.jpg"",""1789_20251008_0001_L_0403.jpg"")","",""
1789,1790,145.702087885926,-16.8645032144407,"50","=HYPERLINK(""Frames_for_Analysis/1790_20251008_0001_L_0405.jpg"",""1790_20251008_0001_L_0405.jpg"")","",""
1790,1791,145.702137715502,-16.8644316845763,"","=HYPERLINK(""Frames_for_Analysis/1791_20251008_0001_L_0408.jpg"",""1791_20251008_0001_L_0408.jpg"")","",""
1791,1792,145.702174088715,-16.8643531788634,"","=HYPERLINK(""Frames_for_Analysis/1792_20251008_0001_L_0411.jpg"",""1792_20251008_0001_L_0411.jpg"")","",""
1792,1793,145.702209475219,-16.8642741616042,"","=HYPERLINK(""Frames_for_Analysis/1793_20251008_0001_L_0413.jpg"",""1793_20251008_0001_L_0413.jpg"")","",""
1793,1794,145.702244861722,-16.864195144312,"","=HYPERLINK(""Frames_for_Analysis/1794_20251008_0001_L_0415.jpg"",""1794_20251008_0001_L_0415.jpg"")","",""
1794,1795,145.702315657318,-16.864144080073,"50","=HYPERLINK(""Frames_for_Analysis/1795_20251008_0001_L_0418.jpg"",""1795_20251008_0001_L_0418.jpg"")","",""
1795,1796,145.702389990689,-16.8640958086549,"","=HYPERLINK(""Frames_for_Analysis/1796_20251008_0001_L_0421.jpg"",""1796_20251008_0001_L_0421.jpg"")","",""
1796,1797,145.70246432406,-16.8640475372245,"","=HYPERLINK(""Frames_for_Analysis/1797_20251008_0001_L_0424.jpg"",""1797_20251008_0001_L_0424.jpg"")","",""
1797,1798,145.702538657431,-16.8639992657818,"","=HYPERLINK(""Frames_for_Analysis/1798_20251008_0001_L_0427.jpg"",""1798_20251008_0001_L_0427.jpg"")","",""
1798,1799,145.702613523413,-16.8639517659452,"","=HYPERLINK(""Frames_for_Analysis/1799_20251008_0001_L_0430.jpg"",""1799_20251008_0001_L_0430.jpg"")","",""
1799,1800,145.702689087698,-16.863905277759,"50","=HYPERLINK(""Frames_for_Analysis/1800_20251008_0001_L_0433.jpg"",""1800_20251008_0001_L_0433.jpg"")","",""
1800,1801,145.702764651983,-16.8638587895613,"","=HYPERLINK(""Frames_for_Analysis/1801_20251008_0001_L_0436.jpg"",""1801_20251008_0001_L_0436.jpg"")","",""
1801,1802,145.702840216268,-16.8638123013522,"","=HYPERLINK(""Frames_for_Analysis/1802_20251008_0001_L_0439.jpg"",""1802_20251008_0001_L_0439.jpg"")","",""
1802,1803,145.702915680885,-16.8637656751478,"","=HYPERLINK(""Frames_for_Analysis/1803_20251008_0001_L_0442.jpg"",""1803_20251008_0001_L_0442.jpg"")","",""
1803,1804,145.702987824429,-16.8637144510866,"","=HYPERLINK(""Frames_for_Analysis/1804_20251008_0001_L_0444.jpg"",""1804_20251008_0001_L_0444.jpg"")","",""
1804,1805,145.703059967973,-16.8636632270114,"50","=HYPERLINK(""Frames_for_Analysis/1805_20251008_0001_L_0446.jpg"",""1805_20251008_0001_L_0446.jpg"")","",""
1805,1806,145.703132111517,-16.8636120029224,"","=HYPERLINK(""Frames_for_Analysis/1806_20251008_0001_L_0449.jpg"",""1806_20251008_0001_L_0449.jpg"")","",""
1806,1807,145.703204255061,-16.8635607788195,"","=HYPERLINK(""Frames_for_Analysis/1807_20251008_0001_L_0452.jpg"",""1807_20251008_0001_L_0452.jpg"")","",""
1807,1808,145.703276398605,-16.8635095547027,"","=HYPERLINK(""Frames_for_Analysis/1808_20251008_0001_L_0455.jpg"",""1808_20251008_0001_L_0455.jpg"")","",""
1808,1809,145.703347967246,-16.8634575979049,"","=HYPERLINK(""Frames_for_Analysis/1809_20251008_0001_L_0458.jpg"",""1809_20251008_0001_L_0458.jpg"")","",""
1809,1810,145.703419487656,-16.8634055796263,"50","=HYPERLINK(""Frames_for_Analysis/1810_20251008_0001_L_0461.jpg"",""1810_20251008_0001_L_0461.jpg"")","",""
1810,1811,145.703491008066,-16.8633535613333,"","=HYPERLINK(""Frames_for_Analysis/1811_20251008_0001_L_0465.jpg"",""1811_20251008_0001_L_0465.jpg"")","",""
1811,1812,145.703562528477,-16.863301543026,"","=HYPERLINK(""Frames_for_Analysis/1812_20251008_0001_L_0468.jpg"",""1812_20251008_0001_L_0468.jpg"")","",""
1812,1813,145.703624857827,-16.8632400431852,"","=HYPERLINK(""Frames_for_Analysis/1813_20251008_0001_L_0472.jpg"",""1813_20251008_0001_L_0472.jpg"")","",""
1813,1814,145.703684419311,-16.8631756879868,"","=HYPERLINK(""Frames_for_Analysis/1814_20251008_0001_L_0475.jpg"",""1814_20251008_0001_L_0475.jpg"")","",""
1814,1815,145.703743980796,-16.8631113327664,"50","=HYPERLINK(""Frames_for_Analysis/1815_20251008_0001_L_0478.jpg"",""1815_20251008_0001_L_0478.jpg"")","",""
1815,1816,145.70380354228,-16.8630469775242,"","=HYPERLINK(""Frames_for_Analysis/1816_20251008_0001_L_0481.jpg"",""1816_20251008_0001_L_0481.jpg"")","",""
1816,1817,145.703863103764,-16.86298262226,"","=HYPERLINK(""Frames_for_Analysis/1817_20251008_0001_L_0484.jpg"",""1817_20251008_0001_L_0484.jpg"")","",""
1817,1818,145.703922665249,-16.8629182669739,"","=HYPERLINK(""Frames_for_Analysis/1818_20251008_0001_L_0487.jpg"",""1818_20251008_0001_L_0487.jpg"")","",""
1818,1819,145.703992810828,-16.8628662908792,"","=HYPERLINK(""Frames_for_Analysis/1819_20251008_0001_L_0489.jpg"",""1819_20251008_0001_L_0489.jpg"")","",""
1819,1820,145.704070517966,-16.8628231588109,"50","=HYPERLINK(""Frames_for_Analysis/1820_20251008_0001_L_0492.jpg"",""1820_20251008_0001_L_0492.jpg"")","",""
1820,1821,145.704148225104,-16.8627800267326,"","=HYPERLINK(""Frames_for_Analysis/1821_20251008_0001_L_0494.jpg"",""1821_20251008_0001_L_0494.jpg"")","",""
1821,1822,145.704225932242,-16.8627368946446,"","=HYPERLINK(""Frames_for_Analysis/1822_20251008_0001_L_0497.jpg"",""1822_20251008_0001_L_0497.jpg"")","",""
1822,1823,145.70430363938,-16.8626937625467,"","=HYPERLINK(""Frames_for_Analysis/1823_20251008_0001_L_0500.jpg"",""1823_20251008_0001_L_0500.jpg"")","",""
1823,1824,145.704381346517,-16.862650630439,"","=HYPERLINK(""Frames_for_Analysis/1824_20251008_0001_L_0503.jpg"",""1824_20251008_0001_L_0503.jpg"")","",""
1824,1825,145.704459053655,-16.8626074983214,"50","=HYPERLINK(""Frames_for_Analysis/1825_20251008_0001_L_0506.jpg"",""1825_20251008_0001_L_0506.jpg"")","",""
1825,1826,145.704536760793,-16.862564366194,"","=HYPERLINK(""Frames_for_Analysis/1826_20251008_0001_L_0508.jpg"",""1826_20251008_0001_L_0508.jpg"")","",""
1826,1827,145.704608189756,-16.8625123079032,"","=HYPERLINK(""Frames_for_Analysis/1827_20251008_0001_L_0511.jpg"",""1827_20251008_0001_L_0511.jpg"")","",""
1827,1828,145.70467919392,-16.8624596456304,"","=HYPERLINK(""Frames_for_Analysis/1828_20251008_0001_L_0514.jpg"",""1828_20251008_0001_L_0514.jpg"")","",""
1828,1829,145.704750198085,-16.8624069833429,"","=HYPERLINK(""Frames_for_Analysis/1829_20251008_0001_L_0517.jpg"",""1829_20251008_0001_L_0517.jpg"")","",""
1829,1830,145.70482120225,-16.8623543210408,"50","=HYPERLINK(""Frames_for_Analysis/1830_20251008_0001_L_0519.jpg"",""1830_20251008_0001_L_0519.jpg"")","",""
1830,1831,145.704892206414,-16.862301658724,"","=HYPERLINK(""Frames_for_Analysis/1831_20251008_0001_L_0522.jpg"",""1831_20251008_0001_L_0522.jpg"")","",""
1831,1832,145.704963210579,-16.8622489963925,"","=HYPERLINK(""Frames_for_Analysis/1832_20251008_0001_L_0525.jpg"",""1832_20251008_0001_L_0525.jpg"")","",""
1832,1833,145.705037050721,-16.8622009685574,"","=HYPERLINK(""Frames_for_Analysis/1833_20251008_0001_L_0528.jpg"",""1833_20251008_0001_L_0528.jpg"")","",""
1833,1834,145.705119782582,-16.8621674714239,"","=HYPERLINK(""Frames_for_Analysis/1834_20251008_0001_L_0531.jpg"",""1834_20251008_0001_L_0531.jpg"")","",""
1834,1835,145.705202514443,-16.8621339742843,"50","=HYPERLINK(""Frames_for_Analysis/1835_20251008_0001_L_0534.jpg"",""1835_20251008_0001_L_0534.jpg"")","",""
1835,1836,145.705285246304,-16.8621004771389,"","=HYPERLINK(""Frames_for_Analysis/1836_20251008_0001_L_0537.jpg"",""1836_20251008_0001_L_0537.jpg"")","",""
1836,1837,145.705369240665,-16.8620701802309,"","=HYPERLINK(""Frames_for_Analysis/1837_20251008_0001_L_0540.jpg"",""1837_20251008_0001_L_0540.jpg"")","",""
1837,1838,145.705454462375,-16.8620429944642,"","=HYPERLINK(""Frames_for_Analysis/1838_20251008_0001_L_0543.jpg"",""1838_20251008_0001_L_0543.jpg"")","",""
1838,1839,145.705537659746,-16.8620111316178,"","=HYPERLINK(""Frames_for_Analysis/1839_20251008_0001_L_0546.jpg"",""1839_20251008_0001_L_0546.jpg"")","",""
1839,1840,145.705618007496,-16.8619726849428,"50","=HYPERLINK(""Frames_for_Analysis/1840_20251008_0001_L_0549.jpg"",""1840_20251008_0001_L_0549.jpg"")","",""
1840,1841,145.705698355246,-16.86193423826,"","=HYPERLINK(""Frames_for_Analysis/1841_20251008_0001_L_0552.jpg"",""1841_20251008_0001_L_0552.jpg"")","",""
1841,1842,145.705778702997,-16.8618957915693,"","=HYPERLINK(""Frames_for_Analysis/1842_20251008_0001_L_0555.jpg"",""1842_20251008_0001_L_0555.jpg"")","",""
1842,1843,145.705862076888,-16.8618639106658,"","=HYPERLINK(""Frames_for_Analysis/1843_20251008_0001_L_0557.jpg"",""1843_20251008_0001_L_0557.jpg"")","",""
1843,1844,145.705945920746,-16.8618330494384,"","=HYPERLINK(""Frames_for_Analysis/1844_20251008_0001_L_0560.jpg"",""1844_20251008_0001_L_0560.jpg"")","",""
1844,1845,145.706029764603,-16.8618021882059,"50","=HYPERLINK(""Frames_for_Analysis/1845_20251008_0001_L_0563.jpg"",""1845_20251008_0001_L_0563.jpg"")","",""
1845,1846,145.70611360846,-16.8617713269684,"","=HYPERLINK(""Frames_for_Analysis/1846_20251008_0001_L_0566.jpg"",""1846_20251008_0001_L_0566.jpg"")","",""
1846,1847,145.706197452317,-16.8617404657259,"","=HYPERLINK(""Frames_for_Analysis/1847_20251008_0001_L_0569.jpg"",""1847_20251008_0001_L_0569.jpg"")","",""
1847,1848,145.706278994863,-16.8617050890759,"","=HYPERLINK(""Frames_for_Analysis/1848_20251008_0001_L_0572.jpg"",""1848_20251008_0001_L_0572.jpg"")","",""
1848,1849,145.706356024734,-16.8616608581011,"","=HYPERLINK(""Frames_for_Analysis/1849_20251008_0001_L_0575.jpg"",""1849_20251008_0001_L_0575.jpg"")","",""
1849,1850,145.706433054605,-16.8616166271159,"50","=HYPERLINK(""Frames_for_Analysis/1850_20251008_0001_L_0578.jpg"",""1850_20251008_0001_L_0578.jpg"")","",""
1850,1851,145.706510084475,-16.8615723961205,"","=HYPERLINK(""Frames_for_Analysis/1851_20251008_0001_L_0580.jpg"",""1851_20251008_0001_L_0580.jpg"")","",""
1851,1852,145.706584811554,-16.8615248627311,"","=HYPERLINK(""Frames_for_Analysis/1852_20251008_0001_L_0583.jpg"",""1852_20251008_0001_L_0583.jpg"")","",""
1852,1853,145.706657051919,-16.8614737631871,"","=HYPERLINK(""Frames_for_Analysis/1853_20251008_0001_L_0586.jpg"",""1853_20251008_0001_L_0586.jpg"")","",""
1853,1854,145.706729292284,-16.8614226636293,"","=HYPERLINK(""Frames_for_Analysis/1854_20251008_0001_L_0589.jpg"",""1854_20251008_0001_L_0589.jpg"")","",""
1854,1855,145.706801532649,-16.8613715640576,"50","=HYPERLINK(""Frames_for_Analysis/1855_20251008_0001_L_0592.jpg"",""1855_20251008_0001_L_0592.jpg"")","",""
1855,1856,145.706874462197,-16.8613213745409,"","=HYPERLINK(""Frames_for_Analysis/1856_20251008_0001_L_0595.jpg"",""1856_20251008_0001_L_0595.jpg"")","",""
1856,1857,145.706947691127,-16.8612715803457,"","=HYPERLINK(""Frames_for_Analysis/1857_20251008_0001_L_0598.jpg"",""1857_20251008_0001_L_0598.jpg"")","",""
1857,1858,145.707020920057,-16.8612217861374,"","=HYPERLINK(""Frames_for_Analysis/1858_20251008_0001_L_0601.jpg"",""1858_20251008_0001_L_0601.jpg"")","",""
1858,1859,145.707094148987,-16.861171991916,"","=HYPERLINK(""Frames_for_Analysis/1859_20251008_0001_L_0604.jpg"",""1859_20251008_0001_L_0604.jpg"")","",""
1859,1860,145.707167377917,-16.8611221976815,"50","=HYPERLINK(""Frames_for_Analysis/1860_20251008_0001_L_0607.jpg"",""1860_20251008_0001_L_0607.jpg"")","",""
1860,1861,145.707240606847,-16.8610724034339,"","=HYPERLINK(""Frames_for_Analysis/1861_20251008_0001_L_0610.jpg"",""1861_20251008_0001_L_0610.jpg"")","",""
1861,1862,145.707310006743,-16.861018092383,"","=HYPERLINK(""Frames_for_Analysis/1862_20251008_0001_L_0613.jpg"",""1862_20251008_0001_L_0613.jpg"")","",""
1862,1863,145.707376015228,-16.8609597807548,"","=HYPERLINK(""Frames_for_Analysis/1863_20251008_0001_L_0616.jpg"",""1863_20251008_0001_L_0616.jpg"")","",""
1863,1864,145.707442023714,-16.8609014691086,"","=HYPERLINK(""Frames_for_Analysis/1864_20251008_0001_L_0619.jpg"",""1864_20251008_0001_L_0619.jpg"")","",""
1864,1865,145.707508032199,-16.8608431574444,"50","=HYPERLINK(""Frames_for_Analysis/1865_20251008_0001_L_0622.jpg"",""1865_20251008_0001_L_0622.jpg"")","",""
1865,1866,145.707574040685,-16.8607848457622,"","=HYPERLINK(""Frames_for_Analysis/1866_20251008_0001_L_0624.jpg"",""1866_20251008_0001_L_0624.jpg"")","",""
1866,1867,145.707636168506,-16.8607227913961,"","=HYPERLINK(""Frames_for_Analysis/1867_20251008_0001_L_0627.jpg"",""1867_20251008_0001_L_0627.jpg"")","",""
1867,1868,145.707697607933,-16.8606600730947,"","=HYPERLINK(""Frames_for_Analysis/1868_20251008_0001_L_0630.jpg"",""1868_20251008_0001_L_0630.jpg"")","",""
1868,1869,145.707759047361,-16.8605973547725,"","=HYPERLINK(""Frames_for_Analysis/1869_20251008_0001_L_0632.jpg"",""1869_20251008_0001_L_0632.jpg"")","",""
1869,1870,145.707820486788,-16.8605346364294,"50","=HYPERLINK(""Frames_for_Analysis/1870_20251008_0001_L_0635.jpg"",""1870_20251008_0001_L_0635.jpg"")","",""
1870,1871,145.707881926215,-16.8604719180656,"","=HYPERLINK(""Frames_for_Analysis/1871_20251008_0001_L_0638.jpg"",""1871_20251008_0001_L_0638.jpg"")","",""
1871,1872,145.707943206714,-16.8604090641938,"","=HYPERLINK(""Frames_for_Analysis/1872_20251008_0001_L_0640.jpg"",""1872_20251008_0001_L_0640.jpg"")","",""
1872,1873,145.708001232802,-16.8603434359135,"","=HYPERLINK(""Frames_for_Analysis/1873_20251008_0001_L_0643.jpg"",""1873_20251008_0001_L_0643.jpg"")","",""
1873,1874,145.708059258891,-16.8602778076104,"","=HYPERLINK(""Frames_for_Analysis/1874_20251008_0001_L_0645.jpg"",""1874_20251008_0001_L_0645.jpg"")","",""
1874,1875,145.708117284979,-16.8602121792846,"50","=HYPERLINK(""Frames_for_Analysis/1875_20251008_0001_L_0649.jpg"",""1875_20251008_0001_L_0649.jpg"")","",""
1875,1876,145.708175311068,-16.8601465509359,"","=HYPERLINK(""Frames_for_Analysis/1876_20251008_0001_L_0651.jpg"",""1876_20251008_0001_L_0651.jpg"")","",""
1876,1877,145.708231715768,-16.8600796657545,"","=HYPERLINK(""Frames_for_Analysis/1877_20251008_0001_L_0654.jpg"",""1877_20251008_0001_L_0654.jpg"")","",""
1877,1878,145.708286744062,-16.8600117136344,"","=HYPERLINK(""Frames_for_Analysis/1878_20251008_0001_L_0657.jpg"",""1878_20251008_0001_L_0657.jpg"")","",""
1878,1879,145.708341772355,-16.85994376149,"","=HYPERLINK(""Frames_for_Analysis/1879_20251008_0001_L_0660.jpg"",""1879_20251008_0001_L_0660.jpg"")","",""
1879,1880,145.708396800648,-16.8598758093211,"50","=HYPERLINK(""Frames_for_Analysis/1880_20251008_0001_L_0665.jpg"",""1880_20251008_0001_L_0665.jpg"")","",""
1880,1881,145.708451828941,-16.8598078571278,"","=HYPERLINK(""Frames_for_Analysis/1881_20251008_0001_L_0670.jpg"",""1881_20251008_0001_L_0670.jpg"")","",""
1881,1882,145.708506857234,-16.85973990491,"","=HYPERLINK(""Frames_for_Analysis/1882_20251008_0001_L_0673.jpg"",""1882_20251008_0001_L_0673.jpg"")","",""
1882,1883,145.708561885528,-16.8596719526679,"","=HYPERLINK(""Frames_for_Analysis/1883_20251008_0001_L_0677.jpg"",""1883_20251008_0001_L_0677.jpg"")","",""
1883,1884,145.708611326156,-16.8596002285138,"","=HYPERLINK(""Frames_for_Analysis/1884_20251008_0001_L_0680.jpg"",""1884_20251008_0001_L_0680.jpg"")","",""
1884,1885,145.708659750077,-16.8595278180158,"50","=HYPERLINK(""Frames_for_Analysis/1885_20251008_0001_L_0683.jpg"",""1885_20251008_0001_L_0683.jpg"")","",""
1885,1886,145.708708173997,-16.85945540749,"","=HYPERLINK(""Frames_for_Analysis/1886_20251008_0001_L_0685.jpg"",""1886_20251008_0001_L_0685.jpg"")","",""
1886,1887,145.708756597918,-16.8593829969365,"","=HYPERLINK(""Frames_for_Analysis/1887_20251008_0001_L_0688.jpg"",""1887_20251008_0001_L_0688.jpg"")","",""
1887,1888,145.708812095103,-16.8593154397171,"","=HYPERLINK(""Frames_for_Analysis/1888_20251008_0001_L_0691.jpg"",""1888_20251008_0001_L_0691.jpg"")","",""
1888,1889,145.708868212304,-16.8592483079017,"","=HYPERLINK(""Frames_for_Analysis/1889_20251008_0001_L_0694.jpg"",""1889_20251008_0001_L_0694.jpg"")","",""
1889,1890,145.708924329506,-16.8591811760625,"50","=HYPERLINK(""Frames_for_Analysis/1890_20251008_0001_L_0697.jpg"",""1890_20251008_0001_L_0697.jpg"")","",""
1890,1891,145.708980446707,-16.8591140441994,"","=HYPERLINK(""Frames_for_Analysis/1891_20251008_0001_L_0700.jpg"",""1891_20251008_0001_L_0700.jpg"")","",""
1891,1892,145.709034702035,-16.8590455418582,"","=HYPERLINK(""Frames_for_Analysis/1892_20251008_0001_L_0703.jpg"",""1892_20251008_0001_L_0703.jpg"")","",""
1892,1893,145.709088097207,-16.8589764063645,"","=HYPERLINK(""Frames_for_Analysis/1893_20251008_0001_L_0706.jpg"",""1893_20251008_0001_L_0706.jpg"")","",""
1893,1894,145.70914149238,-16.8589072708455,"","=HYPERLINK(""Frames_for_Analysis/1894_20251008_0001_L_0709.jpg"",""1894_20251008_0001_L_0709.jpg"")","",""
1894,1895,145.709194887552,-16.8588381353012,"50","=HYPERLINK(""Frames_for_Analysis/1895_20251008_0001_L_0713.jpg"",""1895_20251008_0001_L_0713.jpg"")","",""
1895,1896,145.709254314174,-16.8587737121924,"","=HYPERLINK(""Frames_for_Analysis/1896_20251008_0001_L_0716.jpg"",""1896_20251008_0001_L_0716.jpg"")","",""
1896,1897,145.709314408274,-16.8587098105723,"","=HYPERLINK(""Frames_for_Analysis/1897_20251008_0001_L_0719.jpg"",""1897_20251008_0001_L_0719.jpg"")","",""
1897,1898,145.709374502374,-16.8586459089307,"","=HYPERLINK(""Frames_for_Analysis/1898_20251008_0001_L_0722.jpg"",""1898_20251008_0001_L_0722.jpg"")","",""
1898,1899,145.709434596474,-16.8585820072675,"","=HYPERLINK(""Frames_for_Analysis/1899_20251008_0001_L_0725.jpg"",""1899_20251008_0001_L_0725.jpg"")","",""
1899,1900,145.709494690574,-16.8585181055827,"50","=HYPERLINK(""Frames_for_Analysis/1900_20251008_0001_L_0727.jpg"",""1900_20251008_0001_L_0727.jpg"")","",""
1900,1901,145.709557836951,-16.8584570661686,"","=HYPERLINK(""Frames_for_Analysis/1901_20251008_0001_L_0730.jpg"",""1901_20251008_0001_L_0730.jpg"")","",""
1901,1902,145.709623372356,-16.8583982670608,"","=HYPERLINK(""Frames_for_Analysis/1902_20251008_0001_L_0732.jpg"",""1902_20251008_0001_L_0732.jpg"")","",""
1902,1903,145.709688907761,-16.8583394679347,"","=HYPERLINK(""Frames_for_Analysis/1903_20251008_0001_L_0735.jpg"",""1903_20251008_0001_L_0735.jpg"")","",""
1903,1904,145.709754443166,-16.8582806687903,"","=HYPERLINK(""Frames_for_Analysis/1904_20251008_0001_L_0738.jpg"",""1904_20251008_0001_L_0738.jpg"")","",""
1904,1905,145.709819978571,-16.8582218696277,"50","=HYPERLINK(""Frames_for_Analysis/1905_20251008_0001_L_0740.jpg"",""1905_20251008_0001_L_0740.jpg"")","",""
1905,1906,145.709885513976,-16.8581630704467,"","=HYPERLINK(""Frames_for_Analysis/1906_20251008_0001_L_0744.jpg"",""1906_20251008_0001_L_0744.jpg"")","",""
1906,1907,145.70994180825,-16.8580964083435,"","=HYPERLINK(""Frames_for_Analysis/1907_20251008_0001_L_0748.jpg"",""1907_20251008_0001_L_0748.jpg"")","",""
1907,1908,145.709995154909,-16.8580272382098,"","=HYPERLINK(""Frames_for_Analysis/1908_20251008_0001_L_0751.jpg"",""1908_20251008_0001_L_0751.jpg"")","",""
1908,1909,145.710048501568,-16.8579580680509,"","=HYPERLINK(""Frames_for_Analysis/1909_20251008_0001_L_0754.jpg"",""1909_20251008_0001_L_0754.jpg"")","",""
1909,1910,145.710101848227,-16.8578888978667,"50","=HYPERLINK(""Frames_for_Analysis/1910_20251008_0001_L_0756.jpg"",""1910_20251008_0001_L_0756.jpg"")","",""
1910,1911,145.710155194886,-16.8578197276571,"","=HYPERLINK(""Frames_for_Analysis/1911_20251008_0001_L_0760.jpg"",""1911_20251008_0001_L_0760.jpg"")","",""
1911,1912,145.710208541545,-16.8577505574223,"","=HYPERLINK(""Frames_for_Analysis/1912_20251008_0001_L_0764.jpg"",""1912_20251008_0001_L_0764.jpg"")","",""
1912,1913,145.710261888204,-16.8576813871622,"","=HYPERLINK(""Frames_for_Analysis/1913_20251008_0001_L_0769.jpg"",""1913_20251008_0001_L_0769.jpg"")","",""
1913,1914,145.710319321885,-16.857615315014,"","=HYPERLINK(""Frames_for_Analysis/1914_20251008_0001_L_0773.jpg"",""1914_20251008_0001_L_0773.jpg"")","",""
1914,1915,145.710377463685,-16.8575497796276,"50","=HYPERLINK(""Frames_for_Analysis/1915_20251008_0001_L_0777.jpg"",""1915_20251008_0001_L_0777.jpg"")","",""
1915,1916,145.710435605486,-16.8574842442186,"","=HYPERLINK(""Frames_for_Analysis/1916_20251008_0001_L_0780.jpg"",""1916_20251008_0001_L_0780.jpg"")","",""
1916,1917,145.710493747287,-16.8574187087868,"","=HYPERLINK(""Frames_for_Analysis/1917_20251008_0001_L_0783.jpg"",""1917_20251008_0001_L_0783.jpg"")","",""
1917,1918,145.710551889087,-16.8573531733323,"","=HYPERLINK(""Frames_for_Analysis/1918_20251008_0001_L_0786.jpg"",""1918_20251008_0001_L_0786.jpg"")","",""
1918,1919,145.710610030888,-16.8572876378551,"","=HYPERLINK(""Frames_for_Analysis/1919_20251008_0001_L_0789.jpg"",""1919_20251008_0001_L_0789.jpg"")","",""
1919,1920,145.710668172688,-16.8572221023552,"50","=HYPERLINK(""Frames_for_Analysis/1920_20251008_0001_L_0791.jpg"",""1920_20251008_0001_L_0791.jpg"")","",""
1920,1921,145.710726314489,-16.8571565668326,"","=HYPERLINK(""Frames_for_Analysis/1921_20251008_0001_L_0794.jpg"",""1921_20251008_0001_L_0794.jpg"")","",""
1921,1922,145.71078445629,-16.8570910312873,"","=HYPERLINK(""Frames_for_Analysis/1922_20251008_0001_L_0798.jpg"",""1922_20251008_0001_L_0798.jpg"")","",""
1922,1923,145.710834636085,-16.857020048729,"","=HYPERLINK(""Frames_for_Analysis/1923_20251008_0001_L_0801.jpg"",""1923_20251008_0001_L_0801.jpg"")","",""
1923,1924,145.710880612254,-16.8569461903466,"","=HYPERLINK(""Frames_for_Analysis/1924_20251008_0001_L_0804.jpg"",""1924_20251008_0001_L_0804.jpg"")","",""
1924,1925,145.710926588424,-16.8568723319353,"50","=HYPERLINK(""Frames_for_Analysis/1925_20251008_0001_L_0807.jpg"",""1925_20251008_0001_L_0807.jpg"")","",""
1925,1926,145.710972564594,-16.8567984734952,"","=HYPERLINK(""Frames_for_Analysis/1926_20251008_0001_L_0809.jpg"",""1926_20251008_0001_L_0809.jpg"")","",""
1926,1927,145.711018540763,-16.8567246150262,"","=HYPERLINK(""Frames_for_Analysis/1927_20251008_0001_L_0812.jpg"",""1927_20251008_0001_L_0812.jpg"")","",""
1927,1928,145.711064516933,-16.8566507565284,"","=HYPERLINK(""Frames_for_Analysis/1928_20251008_0001_L_0814.jpg"",""1928_20251008_0001_L_0814.jpg"")","",""
1928,1929,145.711110493103,-16.8565768980017,"","=HYPERLINK(""Frames_for_Analysis/1929_20251008_0001_L_0817.jpg"",""1929_20251008_0001_L_0817.jpg"")","",""
1929,1930,145.711164910841,-16.8565096135891,"50","=HYPERLINK(""Frames_for_Analysis/1930_20251008_0001_L_0819.jpg"",""1930_20251008_0001_L_0819.jpg"")","",""
1930,1931,145.711231130516,-16.856451520293,"","=HYPERLINK(""Frames_for_Analysis/1931_20251008_0001_L_0822.jpg"",""1931_20251008_0001_L_0822.jpg"")","",""
1931,1932,145.711297350191,-16.856393426979,"","=HYPERLINK(""Frames_for_Analysis/1932_20251008_0001_L_0824.jpg"",""1932_20251008_0001_L_0824.jpg"")","",""
1932,1933,145.711363569866,-16.8563353336472,"","=HYPERLINK(""Frames_for_Analysis/1933_20251008_0001_L_0827.jpg"",""1933_20251008_0001_L_0827.jpg"")","",""
1933,1934,145.711429789541,-16.8562772402975,"","=HYPERLINK(""Frames_for_Analysis/1934_20251008_0001_L_0829.jpg"",""1934_20251008_0001_L_0829.jpg"")","",""
1934,1935,145.711496009216,-16.85621914693,"50","=HYPERLINK(""Frames_for_Analysis/1935_20251008_0001_L_0832.jpg"",""1935_20251008_0001_L_0832.jpg"")","",""
1935,1936,145.711562228891,-16.8561610535447,"","=HYPERLINK(""Frames_for_Analysis/1936_20251008_0001_L_0835.jpg"",""1936_20251008_0001_L_0835.jpg"")","",""
1936,1937,145.711628448566,-16.8561029601414,"","=HYPERLINK(""Frames_for_Analysis/1937_20251008_0001_L_0838.jpg"",""1937_20251008_0001_L_0838.jpg"")","",""
1937,1938,145.711694668241,-16.8560448667204,"","=HYPERLINK(""Frames_for_Analysis/1938_20251008_0001_L_0841.jpg"",""1938_20251008_0001_L_0841.jpg"")","",""
1938,1939,145.711760887916,-16.8559867732815,"","=HYPERLINK(""Frames_for_Analysis/1939_20251008_0001_L_0843.jpg"",""1939_20251008_0001_L_0843.jpg"")","",""
1939,1940,145.711827107591,-16.8559286798247,"50","=HYPERLINK(""Frames_for_Analysis/1940_20251008_0001_L_0846.jpg"",""1940_20251008_0001_L_0846.jpg"")","",""
1940,1941,145.711892568151,-16.8558698088154,"","=HYPERLINK(""Frames_for_Analysis/1941_20251008_0001_L_0849.jpg"",""1941_20251008_0001_L_0849.jpg"")","",""
1941,1942,145.711957618549,-16.8558105176724,"","=HYPERLINK(""Frames_for_Analysis/1942_20251008_0001_L_0852.jpg"",""1942_20251008_0001_L_0852.jpg"")","",""
1942,1943,145.712022668946,-16.8557512265108,"","=HYPERLINK(""Frames_for_Analysis/1943_20251008_0001_L_0855.jpg"",""1943_20251008_0001_L_0855.jpg"")","",""
1943,1944,145.712087719343,-16.8556919353306,"","=HYPERLINK(""Frames_for_Analysis/1944_20251008_0001_L_0858.jpg"",""1944_20251008_0001_L_0858.jpg"")","",""
1944,1945,145.71215276974,-16.8556326441318,"50","=HYPERLINK(""Frames_for_Analysis/1945_20251008_0001_L_0860.jpg"",""1945_20251008_0001_L_0860.jpg"")","",""
1945,1946,145.712217820137,-16.8555733529145,"","=HYPERLINK(""Frames_for_Analysis/1946_20251008_0001_L_0862.jpg"",""1946_20251008_0001_L_0862.jpg"")","",""
1946,1947,145.712282870534,-16.8555140616785,"","=HYPERLINK(""Frames_for_Analysis/1947_20251008_0001_L_0864.jpg"",""1947_20251008_0001_L_0864.jpg"")","",""
1947,1948,145.712347920932,-16.855454770424,"","=HYPERLINK(""Frames_for_Analysis/1948_20251008_0001_L_0866.jpg"",""1948_20251008_0001_L_0866.jpg"")","",""
1948,1949,145.712426972876,-16.8554140929592,"","=HYPERLINK(""Frames_for_Analysis/1949_20251008_0001_L_0869.jpg"",""1949_20251008_0001_L_0869.jpg"")","",""
1949,1950,145.712506364945,-16.8553738676516,"50","=HYPERLINK(""Frames_for_Analysis/1950_20251008_0001_L_0871.jpg"",""1950_20251008_0001_L_0871.jpg"")","",""
1950,1951,145.712585757014,-16.8553336423354,"","=HYPERLINK(""Frames_for_Analysis/1951_20251008_0001_L_0874.jpg"",""1951_20251008_0001_L_0874.jpg"")","",""
1951,1952,145.712665149084,-16.8552934170106,"","=HYPERLINK(""Frames_for_Analysis/1952_20251008_0001_L_0877.jpg"",""1952_20251008_0001_L_0877.jpg"")","",""
1952,1953,145.712744541153,-16.8552531916773,"","=HYPERLINK(""Frames_for_Analysis/1953_20251008_0001_L_0879.jpg"",""1953_20251008_0001_L_0879.jpg"")","",""
1953,1954,145.712823933222,-16.8552129663354,"","=HYPERLINK(""Frames_for_Analysis/1954_20251008_0001_L_0881.jpg"",""1954_20251008_0001_L_0881.jpg"")","",""
1954,1955,145.712903325292,-16.855172740985,"50","=HYPERLINK(""Frames_for_Analysis/1955_20251008_0001_L_0884.jpg"",""1955_20251008_0001_L_0884.jpg"")","",""
1955,1956,145.712983246536,-16.8551335180549,"","=HYPERLINK(""Frames_for_Analysis/1956_20251008_0001_L_0887.jpg"",""1956_20251008_0001_L_0887.jpg"")","",""
1956,1957,145.71306418488,-16.8550962218342,"","=HYPERLINK(""Frames_for_Analysis/1957_20251008_0001_L_0891.jpg"",""1957_20251008_0001_L_0891.jpg"")","",""
1957,1958,145.713145123224,-16.8550589256061,"","=HYPERLINK(""Frames_for_Analysis/1958_20251008_0001_L_0895.jpg"",""1958_20251008_0001_L_0895.jpg"")","",""
1958,1959,145.713226061569,-16.8550216293707,"","=HYPERLINK(""Frames_for_Analysis/1959_20251008_0001_L_0898.jpg"",""1959_20251008_0001_L_0898.jpg"")","",""
1959,1960,145.713306999913,-16.854984333128,"50","=HYPERLINK(""Frames_for_Analysis/1960_20251008_0001_L_0901.jpg"",""1960_20251008_0001_L_0901.jpg"")","",""
1960,1961,145.713387938257,-16.8549470368779,"","=HYPERLINK(""Frames_for_Analysis/1961_20251008_0001_L_0904.jpg"",""1961_20251008_0001_L_0904.jpg"")","",""
1961,1962,145.713468876601,-16.8549097406204,"","=HYPERLINK(""Frames_for_Analysis/1962_20251008_0001_L_0907.jpg"",""1962_20251008_0001_L_0907.jpg"")","",""
1962,1963,145.713549814945,-16.8548724443556,"","=HYPERLINK(""Frames_for_Analysis/1963_20251008_0001_L_0910.jpg"",""1963_20251008_0001_L_0910.jpg"")","",""
1963,1964,145.71363136825,-16.8548364353949,"","=HYPERLINK(""Frames_for_Analysis/1964_20251008_0001_L_0913.jpg"",""1964_20251008_0001_L_0913.jpg"")","",""
1964,1965,145.713713793696,-16.8548022521013,"50","=HYPERLINK(""Frames_for_Analysis/1965_20251008_0001_L_0916.jpg"",""1965_20251008_0001_L_0916.jpg"")","",""
1965,1966,145.713796219143,-16.8547680688015,"","=HYPERLINK(""Frames_for_Analysis/1966_20251008_0001_L_0919.jpg"",""1966_20251008_0001_L_0919.jpg"")","",""
1966,1967,145.713878644589,-16.8547338854955,"","=HYPERLINK(""Frames_for_Analysis/1967_20251008_0001_L_0921.jpg"",""1967_20251008_0001_L_0921.jpg"")","",""
1967,1968,145.713961605941,-16.8547014174554,"","=HYPERLINK(""Frames_for_Analysis/1968_20251008_0001_L_0924.jpg"",""1968_20251008_0001_L_0924.jpg"")","",""
1968,1969,145.714050109018,-16.8546866867953,"","=HYPERLINK(""Frames_for_Analysis/1969_20251008_0001_L_0926.jpg"",""1969_20251008_0001_L_0926.jpg"")","",""
1969,1970,145.714138612094,-16.854671956134,"50","=HYPERLINK(""Frames_for_Analysis/1970_20251008_0001_L_0929.jpg"",""1970_20251008_0001_L_0929.jpg"")","",""
1970,1971,145.714227115171,-16.8546572254715,"","=HYPERLINK(""Frames_for_Analysis/1971_20251008_0001_L_0932.jpg"",""1971_20251008_0001_L_0932.jpg"")","",""
1971,1972,145.714315618248,-16.8546424948079,"","=HYPERLINK(""Frames_for_Analysis/1972_20251008_0001_L_0934.jpg"",""1972_20251008_0001_L_0934.jpg"")","",""
1972,1973,145.714404121325,-16.8546277641431,"","=HYPERLINK(""Frames_for_Analysis/1973_20251008_0001_L_0937.jpg"",""1973_20251008_0001_L_0937.jpg"")","",""
1973,1974,145.714492624401,-16.8546130334772,"","=HYPERLINK(""Frames_for_Analysis/1974_20251008_0001_L_0939.jpg"",""1974_20251008_0001_L_0939.jpg"")","",""
1974,1975,145.714582055411,-16.8546052211444,"50","=HYPERLINK(""Frames_for_Analysis/1975_20251008_0001_L_0941.jpg"",""1975_20251008_0001_L_0941.jpg"")","",""
1975,1976,145.714671576627,-16.8545980813592,"","=HYPERLINK(""Frames_for_Analysis/1976_20251008_0001_L_0944.jpg"",""1976_20251008_0001_L_0944.jpg"")","",""
1976,1977,145.714761097843,-16.8545909415738,"","=HYPERLINK(""Frames_for_Analysis/1977_20251008_0001_L_0947.jpg"",""1977_20251008_0001_L_0947.jpg"")","",""
1977,1978,145.71485061906,-16.854583801788,"","=HYPERLINK(""Frames_for_Analysis/1978_20251008_0001_L_0949.jpg"",""1978_20251008_0001_L_0949.jpg"")","",""
1978,1979,145.714940111723,-16.8545763773497,"","=HYPERLINK(""Frames_for_Analysis/1979_20251008_0001_L_0952.jpg"",""1979_20251008_0001_L_0952.jpg"")","",""
1979,1980,145.71502941725,-16.8545670873052,"50","=HYPERLINK(""Frames_for_Analysis/1980_20251008_0001_L_0955.jpg"",""1980_20251008_0001_L_0955.jpg"")","",""
1980,1981,145.715118722778,-16.8545577972602,"","=HYPERLINK(""Frames_for_Analysis/1981_20251008_0001_L_0958.jpg"",""1981_20251008_0001_L_0958.jpg"")","",""
1981,1982,145.715208028305,-16.8545485072148,"","=HYPERLINK(""Frames_for_Analysis/1982_20251008_0001_L_0962.jpg"",""1982_20251008_0001_L_0962.jpg"")","",""
1982,1983,145.715297333833,-16.854539217169,"","=HYPERLINK(""Frames_for_Analysis/1983_20251008_0001_L_0964.jpg"",""1983_20251008_0001_L_0964.jpg"")","",""
1983,1984,145.71538663936,-16.8545299271226,"","=HYPERLINK(""Frames_for_Analysis/1984_20251008_0001_L_0967.jpg"",""1984_20251008_0001_L_0967.jpg"")","",""
1984,1985,145.715475941578,-16.8545206112188,"50","=HYPERLINK(""Frames_for_Analysis/1985_20251008_0001_L_0969.jpg"",""1985_20251008_0001_L_0969.jpg"")","",""
1985,1986,145.715564949337,-16.8545089949624,"","=HYPERLINK(""Frames_for_Analysis/1986_20250717_0001_R_2303.jpg"",""1986_20250717_0001_R_2303.jpg"")","",""
1986,1987,145.715653957096,-16.8544973787054,"","=HYPERLINK(""Frames_for_Analysis/1987_20251008_0001_L_0974.jpg"",""1987_20251008_0001_L_0974.jpg"")","",""
1987,1988,145.715742792163,-16.8544882874858,"","=HYPERLINK(""Frames_for_Analysis/1988_20251008_0001_L_0976.jpg"",""1988_20251008_0001_L_0976.jpg"")","",""
1988,1989,145.71582945837,-16.8545109084139,"","=HYPERLINK(""Frames_for_Analysis/1989_20251008_0001_L_0978.jpg"",""1989_20251008_0001_L_0978.jpg"")","",""
1989,1990,145.715916124577,-16.8545335293394,"50","=HYPERLINK(""Frames_for_Analysis/1990_20251008_0001_L_0980.jpg"",""1990_20251008_0001_L_0980.jpg"")","",""
1990,1991,145.716002790785,-16.8545561502622,"","=HYPERLINK(""Frames_for_Analysis/1991_20251008_0001_L_0982.jpg"",""1991_20251008_0001_L_0982.jpg"")","",""
1991,1992,145.716089456992,-16.8545787711822,"","=HYPERLINK(""Frames_for_Analysis/1992_20251008_0001_L_0984.jpg"",""1992_20251008_0001_L_0984.jpg"")","",""
1992,1993,145.716176123199,-16.8546013920996,"","=HYPERLINK(""Frames_for_Analysis/1993_20250717_0001_R_2280.jpg"",""1993_20250717_0001_R_2280.jpg"")","",""
1993,1994,145.716261920457,-16.8546254888027,"","=HYPERLINK(""Frames_for_Analysis/1994_20251008_0001_L_0987.jpg"",""1994_20251008_0001_L_0987.jpg"")","",""
1994,1995,145.716327029746,-16.8546847210806,"50","=HYPERLINK(""Frames_for_Analysis/1995_20251008_0001_L_0989.jpg"",""1995_20251008_0001_L_0989.jpg"")","",""
1995,1996,145.716392139035,-16.85474395334,"","=HYPERLINK(""Frames_for_Analysis/1996_20250730_0003_R_3059.jpg"",""1996_20250730_0003_R_3059.jpg"")","",""
1996,1997,145.716457248324,-16.8548031855808,"","=HYPERLINK(""Frames_for_Analysis/1997_20251008_0001_L_0994.jpg"",""1997_20251008_0001_L_0994.jpg"")","",""
1997,1998,145.716513907706,-16.8547865255123,"","=HYPERLINK(""Frames_for_Analysis/1998_20250717_0001_R_2264.jpg"",""1998_20250717_0001_R_2264.jpg"")","",""
1998,1999,145.716564513177,-16.8547154926215,"","=HYPERLINK(""Frames_for_Analysis/1999_20250717_0001_R_2260.jpg"",""1999_20250717_0001_R_2260.jpg"")","",""
1999,2000,145.716615118648,-16.854644459704,"50","=HYPERLINK(""Frames_for_Analysis/2000_20250717_0001_R_2315.jpg"",""2000_20250717_0001_R_2315.jpg"")","",""
2000,2001,145.71666556582,-16.8545733273134,"","=HYPERLINK(""Frames_for_Analysis/2001_20250717_0001_R_2252.jpg"",""2001_20250717_0001_R_2252.jpg"")","",""
2001,2002,145.716713535349,-16.8545006384061,"","=HYPERLINK(""Frames_for_Analysis/2002_20250717_0001_R_2249.jpg"",""2002_20250717_0001_R_2249.jpg"")","",""
2002,2003,145.716761504878,-16.8544279494709,"","=HYPERLINK(""Frames_for_Analysis/2003_20250717_0001_R_2244.jpg"",""2003_20250717_0001_R_2244.jpg"")","",""
2003,2004,145.716804258382,-16.8543541683831,"","=HYPERLINK(""Frames_for_Analysis/2004_20250717_0001_R_2241.jpg"",""2004_20250717_0001_R_2241.jpg"")","",""
2004,2005,145.716792385844,-16.8542689497309,"50","=HYPERLINK(""Frames_for_Analysis/2005_20250717_0001_R_2236.jpg"",""2005_20250717_0001_R_2236.jpg"")","",""
2005,2006,145.716779576858,-16.8541839079955,"","=HYPERLINK(""Frames_for_Analysis/2006_20250717_0001_R_2232.jpg"",""2006_20250717_0001_R_2232.jpg"")","",""
2006,2007,145.716756715331,-16.854100765794,"","=HYPERLINK(""Frames_for_Analysis/2007_20250717_0001_R_2227.jpg"",""2007_20250717_0001_R_2227.jpg"")","",""
2007,2008,145.716733853805,-16.8540176235559,"","=HYPERLINK(""Frames_for_Analysis/2008_20250717_0001_R_2222.jpg"",""2008_20250717_0001_R_2222.jpg"")","",""
2008,2009,145.716700440536,-16.8539386115027,"","=HYPERLINK(""Frames_for_Analysis/2009_20250717_0001_R_2219.jpg"",""2009_20250717_0001_R_2219.jpg"")","",""
2009,2010,145.716655871631,-16.8538639660192,"50","=HYPERLINK(""Frames_for_Analysis/2010_20250717_0001_R_2216.jpg"",""2010_20250717_0001_R_2216.jpg"")","",""
2010,2011,145.716603172091,-16.8537956848771,"","=HYPERLINK(""Frames_for_Analysis/2011_20250717_0001_R_2212.jpg"",""2011_20250717_0001_R_2212.jpg"")","",""
2011,2012,145.716535566805,-16.8537390714022,"","=HYPERLINK(""Frames_for_Analysis/2012_20250717_0001_R_2208.jpg"",""2012_20250717_0001_R_2208.jpg"")","",""
2012,2013,145.716458125182,-16.8536956725947,"","=HYPERLINK(""Frames_for_Analysis/2013_20250717_0001_R_2205.jpg"",""2013_20250717_0001_R_2205.jpg"")","",""
2013,2014,145.716378059709,-16.8536567194082,"","=HYPERLINK(""Frames_for_Analysis/2014_20250717_0001_R_2202.jpg"",""2014_20250717_0001_R_2202.jpg"")","",""
2014,2015,145.716294241522,-16.8536258011468,"50","=HYPERLINK(""Frames_for_Analysis/2015_20250717_0001_R_2200.jpg"",""2015_20250717_0001_R_2200.jpg"")","",""
2015,2016,145.716211420032,-16.8535929325057,"","=HYPERLINK(""Frames_for_Analysis/2016_20250717_0001_R_2199.jpg"",""2016_20250717_0001_R_2199.jpg"")","",""
2016,2017,145.716134390143,-16.8535486996623,"","=HYPERLINK(""Frames_for_Analysis/2017_20250717_0001_R_2198.jpg"",""2017_20250717_0001_R_2198.jpg"")","",""
2017,2018,145.716082648766,-16.8534833407654,"","=HYPERLINK(""Frames_for_Analysis/2018_20250717_0001_R_2196.jpg"",""2018_20250717_0001_R_2196.jpg"")","",""
2018,2019,145.716061802867,-16.8534005479571,"","=HYPERLINK(""Frames_for_Analysis/2019_20250717_0001_R_2195.jpg"",""2019_20250717_0001_R_2195.jpg"")","",""
2019,2020,145.716062931668,-16.8533152867623,"50","=HYPERLINK(""Frames_for_Analysis/2020_20250717_0001_R_2193.jpg"",""2020_20250717_0001_R_2193.jpg"")","",""
2020,2021,145.716074804267,-16.8532300676498,"","=HYPERLINK(""Frames_for_Analysis/2021_20250717_0001_R_2191.jpg"",""2021_20250717_0001_R_2191.jpg"")","",""
2021,2022,145.716106841615,-16.8531521187026,"","=HYPERLINK(""Frames_for_Analysis/2022_20250717_0001_R_2190.jpg"",""2022_20250717_0001_R_2190.jpg"")","",""
2022,2023,145.716156671178,-16.8530805845358,"","=HYPERLINK(""Frames_for_Analysis/2023_20250717_0001_R_2188.jpg"",""2023_20250717_0001_R_2188.jpg"")","",""
2023,2024,145.71622158195,-16.853023279081,"","=HYPERLINK(""Frames_for_Analysis/2024_20250717_0001_R_2185.jpg"",""2024_20250717_0001_R_2185.jpg"")","",""
2024,2025,145.716295606768,-16.8529745724826,"50","=HYPERLINK(""Frames_for_Analysis/2025_20250717_0001_R_2183.jpg"",""2025_20250717_0001_R_2183.jpg"")","",""
2025,2026,145.716369760367,-16.8529260546917,"","=HYPERLINK(""Frames_for_Analysis/2026_20250717_0001_R_2181.jpg"",""2026_20250717_0001_R_2181.jpg"")","",""
2026,2027,145.716446141001,-16.8528808021876,"","=HYPERLINK(""Frames_for_Analysis/2027_20250717_0001_R_2179.jpg"",""2027_20250717_0001_R_2179.jpg"")","",""
2027,2028,145.716522521635,-16.8528355496727,"","=HYPERLINK(""Frames_for_Analysis/2028_20250717_0001_R_2176.jpg"",""2028_20250717_0001_R_2176.jpg"")","",""
2028,2029,145.716598902268,-16.852790297147,"","=HYPERLINK(""Frames_for_Analysis/2029_20250717_0001_R_2173.jpg"",""2029_20250717_0001_R_2173.jpg"")","",""
2029,2030,145.716663788845,-16.8527315345185,"50","=HYPERLINK(""Frames_for_Analysis/2030_20250717_0001_R_2170.jpg"",""2030_20250717_0001_R_2170.jpg"")","",""
2030,2031,145.716725570084,-16.8526691218632,"","=HYPERLINK(""Frames_for_Analysis/2031_20250717_0001_R_2167.jpg"",""2031_20250717_0001_R_2167.jpg"")","",""
2031,2032,145.716787351323,-16.8526067091874,"","=HYPERLINK(""Frames_for_Analysis/2032_20250717_0001_R_2163.jpg"",""2032_20250717_0001_R_2163.jpg"")","",""
2032,2033,145.716851297896,-16.8525464836175,"","=HYPERLINK(""Frames_for_Analysis/2033_20250717_0001_R_2159.jpg"",""2033_20250717_0001_R_2159.jpg"")","",""
2033,2034,145.716919743976,-16.8524908028211,"","=HYPERLINK(""Frames_for_Analysis/2034_20250717_0001_R_2155.jpg"",""2034_20250717_0001_R_2155.jpg"")","",""
2034,2035,145.716988190056,-16.8524351220083,"50","=HYPERLINK(""Frames_for_Analysis/2035_20250717_0001_R_2152.jpg"",""2035_20250717_0001_R_2152.jpg"")","",""
2035,2036,145.717056636135,-16.8523794411791,"","=HYPERLINK(""Frames_for_Analysis/2036_20250717_0001_R_2148.jpg"",""2036_20250717_0001_R_2148.jpg"")","",""
2036,2037,145.71709842557,-16.8523045080184,"","=HYPERLINK(""Frames_for_Analysis/2037_20250717_0001_R_2143.jpg"",""2037_20250717_0001_R_2143.jpg"")","",""
2037,2038,145.717135598245,-16.8522262404496,"","=HYPERLINK(""Frames_for_Analysis/2038_20250717_0001_R_2137.jpg"",""2038_20250717_0001_R_2137.jpg"")","",""
2038,2039,145.717172770921,-16.8521479728485,"","=HYPERLINK(""Frames_for_Analysis/2039_20250717_0001_R_2132.jpg"",""2039_20250717_0001_R_2132.jpg"")","",""
2039,2040,145.717190275651,-16.8520648340148,"50","=HYPERLINK(""Frames_for_Analysis/2040_20250717_0001_R_2128.jpg"",""2040_20250717_0001_R_2128.jpg"")","",""
2040,2041,145.717197439347,-16.8519791339584,"","=HYPERLINK(""Frames_for_Analysis/2041_20250717_0001_R_2123.jpg"",""2041_20250717_0001_R_2123.jpg"")","",""
2041,2042,145.717204603043,-16.8518934338631,"","=HYPERLINK(""Frames_for_Analysis/2042_20250717_0001_R_2119.jpg"",""2042_20250717_0001_R_2119.jpg"")","",""
2042,2043,145.7172220551,-16.8518103122388,"","=HYPERLINK(""Frames_for_Analysis/2043_20250717_0001_R_2114.jpg"",""2043_20250717_0001_R_2114.jpg"")","",""
2043,2044,145.717259699557,-16.8517322512793,"","=HYPERLINK(""Frames_for_Analysis/2044_20250717_0001_R_2110.jpg"",""2044_20250717_0001_R_2110.jpg"")","",""
2044,2045,145.717297344014,-16.8516541902876,"50","=HYPERLINK(""Frames_for_Analysis/2045_20250717_0001_R_2102.jpg"",""2045_20250717_0001_R_2102.jpg"")","",""
2045,2046,145.71733498847,-16.8515761292636,"","=HYPERLINK(""Frames_for_Analysis/2046_20250717_0001_R_2092.jpg"",""2046_20250717_0001_R_2092.jpg"")","",""
2046,2047,145.717360410346,-16.8514944201873,"","=HYPERLINK(""Frames_for_Analysis/2047_20250717_0001_R_2085.jpg"",""2047_20250717_0001_R_2085.jpg"")","",""
2047,2048,145.717375802315,-16.8514097174924,"","=HYPERLINK(""Frames_for_Analysis/2048_20250717_0001_R_2079.jpg"",""2048_20250717_0001_R_2079.jpg"")","",""
2048,2049,145.717391194284,-16.8513250147595,"","=HYPERLINK(""Frames_for_Analysis/2049_20250717_0001_R_2075.jpg"",""2049_20250717_0001_R_2075.jpg"")","",""
2049,2050,145.717391372838,-16.8512404954858,"50","=HYPERLINK(""Frames_for_Analysis/2050_20250717_0001_R_2072.jpg"",""2050_20250717_0001_R_2072.jpg"")","",""
2050,2051,145.717373755361,-16.8511561908216,"","=HYPERLINK(""Frames_for_Analysis/2051_20250717_0001_R_2069.jpg"",""2051_20250717_0001_R_2069.jpg"")","",""
2051,2052,145.717356137884,-16.8510718861198,"","=HYPERLINK(""Frames_for_Analysis/2052_20250717_0001_R_2066.jpg"",""2052_20250717_0001_R_2066.jpg"")","",""
2052,2053,145.717338520407,-16.8509875813805,"","=HYPERLINK(""Frames_for_Analysis/2053_20250717_0001_R_2063.jpg"",""2053_20250717_0001_R_2063.jpg"")","",""
2053,2054,145.717320902929,-16.8509032766036,"","=HYPERLINK(""Frames_for_Analysis/2054_20250717_0001_R_2060.jpg"",""2054_20250717_0001_R_2060.jpg"")","",""
2054,2055,145.717287444464,-16.8508240561914,"50","=HYPERLINK(""Frames_for_Analysis/2055_20250717_0001_R_2057.jpg"",""2055_20250717_0001_R_2057.jpg"")","",""
2055,2056,145.717248390351,-16.8507466317537,"","=HYPERLINK(""Frames_for_Analysis/2056_20250717_0001_R_2054.jpg"",""2056_20250717_0001_R_2054.jpg"")","",""
2056,2057,145.717209336238,-16.8506692072843,"","=HYPERLINK(""Frames_for_Analysis/2057_20250717_0001_R_2050.jpg"",""2057_20250717_0001_R_2050.jpg"")","",""
2057,2058,145.717170282125,-16.8505917827831,"","=HYPERLINK(""Frames_for_Analysis/2058_20250717_0001_R_2047.jpg"",""2058_20250717_0001_R_2047.jpg"")","",""
2058,2059,145.717121934885,-16.8505201751449,"","=HYPERLINK(""Frames_for_Analysis/2059_20250717_0001_R_2044.jpg"",""2059_20250717_0001_R_2044.jpg"")","",""
2059,2060,145.717063473233,-16.8504548984471,"50","=HYPERLINK(""Frames_for_Analysis/2060_20250717_0001_R_2041.jpg"",""2060_20250717_0001_R_2041.jpg"")","",""
2060,2061,145.717005011582,-16.8503896217268,"","=HYPERLINK(""Frames_for_Analysis/2061_20250717_0001_R_2038.jpg"",""2061_20250717_0001_R_2038.jpg"")","",""
2061,2062,145.716946549931,-16.8503243449839,"","=HYPERLINK(""Frames_for_Analysis/2062_20250717_0001_R_2032.jpg"",""2062_20250717_0001_R_2032.jpg"")","",""
2062,2063,145.716869459631,-16.8502824107043,"","=HYPERLINK(""Frames_for_Analysis/2063_20250717_0001_R_2030.jpg"",""2063_20250717_0001_R_2030.jpg"")","",""
2063,2064,145.7167882754,-16.8502456062857,"","=HYPERLINK(""Frames_for_Analysis/2064_20250717_0001_R_2027.jpg"",""2064_20250717_0001_R_2027.jpg"")","",""
2064,2065,145.716706760617,-16.8502100880719,"50","=HYPERLINK(""Frames_for_Analysis/2065_20250717_0001_R_2024.jpg"",""2065_20250717_0001_R_2024.jpg"")","",""
2065,2066,145.716617000868,-16.8502066518358,"","=HYPERLINK(""Frames_for_Analysis/2066_20250717_0001_R_2020.jpg"",""2066_20250717_0001_R_2020.jpg"")","",""
2066,2067,145.716527241118,-16.8502032155996,"","=HYPERLINK(""Frames_for_Analysis/2067_20250717_0001_R_2017.jpg"",""2067_20250717_0001_R_2017.jpg"")","",""
2067,2068,145.716437481369,-16.8501997793633,"","=HYPERLINK(""Frames_for_Analysis/2068_20250717_0001_R_2014.jpg"",""2068_20250717_0001_R_2014.jpg"")","",""
2068,2069,145.716348069641,-16.8502057644304,"","=HYPERLINK(""Frames_for_Analysis/2069_20250717_0001_R_2012.jpg"",""2069_20250717_0001_R_2012.jpg"")","",""
2069,2070,145.716258787544,-16.8502152587299,"50","=HYPERLINK(""Frames_for_Analysis/2070_20250717_0001_R_2009.jpg"",""2070_20250717_0001_R_2009.jpg"")","",""
2070,2071,145.716169505447,-16.8502247530289,"","=HYPERLINK(""Frames_for_Analysis/2071_20250717_0001_R_2006.jpg"",""2071_20250717_0001_R_2006.jpg"")","",""
2071,2072,145.716080878104,-16.8502290088633,"","=HYPERLINK(""Frames_for_Analysis/2072_20250717_0001_R_2003.jpg"",""2072_20250717_0001_R_2003.jpg"")","",""
2072,2073,145.715996455052,-16.8501996275386,"","=HYPERLINK(""Frames_for_Analysis/2073_20250717_0001_R_2000.jpg"",""2073_20250717_0001_R_2000.jpg"")","",""
2073,2074,145.715912031999,-16.8501702462094,"","=HYPERLINK(""Frames_for_Analysis/2074_20250717_0001_R_1998.jpg"",""2074_20250717_0001_R_1998.jpg"")","",""
2074,2075,145.715827608947,-16.8501408648756,"50","=HYPERLINK(""Frames_for_Analysis/2075_20250717_0001_R_1995.jpg"",""2075_20250717_0001_R_1995.jpg"")","",""
2075,2076,145.715743185895,-16.8501114835372,"","=HYPERLINK(""Frames_for_Analysis/2076_20250717_0001_R_1992.jpg"",""2076_20250717_0001_R_1992.jpg"")","",""
2076,2077,145.715664439469,-16.8500718456954,"","=HYPERLINK(""Frames_for_Analysis/2077_20250717_0001_R_1990.jpg"",""2077_20250717_0001_R_1990.jpg"")","",""
2077,2078,145.715591614811,-16.8500215084226,"","=HYPERLINK(""Frames_for_Analysis/2078_20250717_0001_R_1988.jpg"",""2078_20250717_0001_R_1988.jpg"")","",""
2078,2079,145.715518790152,-16.8499711711363,"","=HYPERLINK(""Frames_for_Analysis/2079_20250717_0001_R_1985.jpg"",""2079_20250717_0001_R_1985.jpg"")","",""
2079,2080,145.715451102203,-16.8499150611954,"50","=HYPERLINK(""Frames_for_Analysis/2080_20250717_0001_R_1983.jpg"",""2080_20250717_0001_R_1983.jpg"")","",""
2080,2081,145.715387581871,-16.8498542676623,"","=HYPERLINK(""Frames_for_Analysis/2081_20250717_0001_R_1980.jpg"",""2081_20250717_0001_R_1980.jpg"")","",""
2081,2082,145.715324061538,-16.8497934741097,"","=HYPERLINK(""Frames_for_Analysis/2082_20250717_0001_R_1977.jpg"",""2082_20250717_0001_R_1977.jpg"")","",""
2082,2083,145.715260541206,-16.8497326805376,"","=HYPERLINK(""Frames_for_Analysis/2083_20250717_0001_R_1975.jpg"",""2083_20250717_0001_R_1975.jpg"")","",""
2083,2084,145.715192348194,-16.8496767162344,"","=HYPERLINK(""Frames_for_Analysis/2084_20250717_0001_R_1972.jpg"",""2084_20250717_0001_R_1972.jpg"")","",""
2084,2085,145.715124142914,-16.8496207645942,"50","=HYPERLINK(""Frames_for_Analysis/2085_20250717_0001_R_1969.jpg"",""2085_20250717_0001_R_1969.jpg"")","",""
2085,2086,145.715055937634,-16.8495648129374,"","=HYPERLINK(""Frames_for_Analysis/2086_20250717_0001_R_1967.jpg"",""2086_20250717_0001_R_1967.jpg"")","",""
2086,2087,145.714987732353,-16.8495088612641,"","=HYPERLINK(""Frames_for_Analysis/2087_20250717_0001_R_1964.jpg"",""2087_20250717_0001_R_1964.jpg"")","",""
2087,2088,145.714922471979,-16.8494506155693,"","=HYPERLINK(""Frames_for_Analysis/2088_20250717_0001_R_1962.jpg"",""2088_20250717_0001_R_1962.jpg"")","",""
2088,2089,145.714879076444,-16.8493753377131,"","=HYPERLINK(""Frames_for_Analysis/2089_20250717_0001_R_1960.jpg"",""2089_20250717_0001_R_1960.jpg"")","",""
2089,2090,145.714835680908,-16.849300059827,"50","=HYPERLINK(""Frames_for_Analysis/2090_20250717_0001_R_1957.jpg"",""2090_20250717_0001_R_1957.jpg"")","",""
2090,2091,145.714792285372,-16.849224781911,"","=HYPERLINK(""Frames_for_Analysis/2091_20250717_0001_R_1955.jpg"",""2091_20250717_0001_R_1955.jpg"")","",""
2091,2092,145.714748889836,-16.849149503965,"","=HYPERLINK(""Frames_for_Analysis/2092_20250717_0001_R_1953.jpg"",""2092_20250717_0001_R_1953.jpg"")","",""
2092,2093,145.714740628594,-16.849066413237,"","=HYPERLINK(""Frames_for_Analysis/2093_20250717_0001_R_1951.jpg"",""2093_20250717_0001_R_1951.jpg"")","",""
2093,2094,145.714744901311,-16.8489805353164,"","=HYPERLINK(""Frames_for_Analysis/2094_20250717_0001_R_1950.jpg"",""2094_20250717_0001_R_1950.jpg"")","",""
2094,2095,145.714749174028,-16.8488946573568,"50","=HYPERLINK(""Frames_for_Analysis/2095_20250717_0001_R_1948.jpg"",""2095_20250717_0001_R_1948.jpg"")","",""
2095,2096,145.714787760243,-16.848817361634,"","=HYPERLINK(""Frames_for_Analysis/2096_20250717_0001_R_1945.jpg"",""2096_20250717_0001_R_1945.jpg"")","",""
2096,2097,145.714827934223,-16.8487404630017,"","=HYPERLINK(""Frames_for_Analysis/2097_20250717_0001_R_1943.jpg"",""2097_20250717_0001_R_1943.jpg"")","",""
2097,2098,145.714868108203,-16.8486635643381,"","=HYPERLINK(""Frames_for_Analysis/2098_20250717_0001_R_1941.jpg"",""2098_20250717_0001_R_1941.jpg"")","",""
2098,2099,145.714920319202,-16.8485959239454,"","=HYPERLINK(""Frames_for_Analysis/2099_20250717_0001_R_1939.jpg"",""2099_20250717_0001_R_1939.jpg"")","",""
2099,2100,145.714990140358,-16.8485418284271,"50","=HYPERLINK(""Frames_for_Analysis/2100_20250717_0001_R_1937.jpg"",""2100_20250717_0001_R_1937.jpg"")","",""
2100,2101,145.715059961513,-16.8484877328934,"","=HYPERLINK(""Frames_for_Analysis/2101_20250717_0001_R_1934.jpg"",""2101_20250717_0001_R_1934.jpg"")","",""
2101,2102,145.715129782669,-16.8484336373442,"","=HYPERLINK(""Frames_for_Analysis/2102_20250717_0001_R_1931.jpg"",""2102_20250717_0001_R_1931.jpg"")","",""
2102,2103,145.71518354567,-16.8483654032683,"","=HYPERLINK(""Frames_for_Analysis/2103_20250717_0001_R_1929.jpg"",""2103_20250717_0001_R_1929.jpg"")","",""
2103,2104,145.715234058769,-16.8482943077692,"","=HYPERLINK(""Frames_for_Analysis/2104_20250717_0001_R_1926.jpg"",""2104_20250717_0001_R_1926.jpg"")","",""
2104,2105,145.715284571869,-16.8482232122434,"50","=HYPERLINK(""Frames_for_Analysis/2105_20250717_0001_R_1923.jpg"",""2105_20250717_0001_R_1923.jpg"")","",""
2105,2106,145.715335084968,-16.8481521166908,"","=HYPERLINK(""Frames_for_Analysis/2106_20250717_0001_R_1921.jpg"",""2106_20250717_0001_R_1921.jpg"")","",""
2106,2107,145.715398877102,-16.8480920576463,"","=HYPERLINK(""Frames_for_Analysis/2107_20250717_0001_R_1918.jpg"",""2107_20250717_0001_R_1918.jpg"")","",""
2107,2108,145.715465347158,-16.8480342242701,"","=HYPERLINK(""Frames_for_Analysis/2108_20250717_0001_R_1916.jpg"",""2108_20250717_0001_R_1916.jpg"")","",""
2108,2109,145.715552036804,-16.8480264462634,"","=HYPERLINK(""Frames_for_Analysis/2109_20250717_0001_R_1913.jpg"",""2109_20250717_0001_R_1913.jpg"")","",""
2109,2110,145.715641633201,-16.8480257614896,"50","=HYPERLINK(""Frames_for_Analysis/2110_20250717_0001_R_1911.jpg"",""2110_20250717_0001_R_1911.jpg"")","",""
2110,2111,145.715713952573,-16.8479747607611,"","=HYPERLINK(""Frames_for_Analysis/2111_20250717_0001_R_1908.jpg"",""2111_20250717_0001_R_1908.jpg"")","",""
2111,2112,145.715786271946,-16.8479237600188,"","=HYPERLINK(""Frames_for_Analysis/2112_20250717_0001_R_1905.jpg"",""2112_20250717_0001_R_1905.jpg"")","",""
2112,2113,145.715858591318,-16.8478727592628,"","=HYPERLINK(""Frames_for_Analysis/2113_20250717_0001_R_1902.jpg"",""2113_20250717_0001_R_1902.jpg"")","",""
2113,2114,145.715930910691,-16.8478217584931,"","=HYPERLINK(""Frames_for_Analysis/2114_20250717_0001_R_1899.jpg"",""2114_20250717_0001_R_1899.jpg"")","",""
2114,2115,145.716003230063,-16.8477707577096,"50","=HYPERLINK(""Frames_for_Analysis/2115_20250717_0001_R_1896.jpg"",""2115_20250717_0001_R_1896.jpg"")","",""
2115,2116,145.716075549436,-16.8477197569123,"","=HYPERLINK(""Frames_for_Analysis/2116_20250717_0001_R_1893.jpg"",""2116_20250717_0001_R_1893.jpg"")","",""
2116,2117,145.716147519614,-16.8476683065363,"","=HYPERLINK(""Frames_for_Analysis/2117_20250717_0001_R_1890.jpg"",""2117_20250717_0001_R_1890.jpg"")","",""
2117,2118,145.716219384907,-16.8476167211135,"","=HYPERLINK(""Frames_for_Analysis/2118_20250717_0001_R_1887.jpg"",""2118_20250717_0001_R_1887.jpg"")","",""
2118,2119,145.7162912502,-16.8475651356767,"","=HYPERLINK(""Frames_for_Analysis/2119_20250717_0001_R_1884.jpg"",""2119_20250717_0001_R_1884.jpg"")","",""
2119,2120,145.716363115493,-16.8475135502258,"50","=HYPERLINK(""Frames_for_Analysis/2120_20250717_0001_R_1882.jpg"",""2120_20250717_0001_R_1882.jpg"")","",""
2120,2121,145.71644409185,-16.8474773968717,"","=HYPERLINK(""Frames_for_Analysis/2121_20250717_0001_R_1879.jpg"",""2121_20250717_0001_R_1879.jpg"")","",""
2121,2122,145.716527342209,-16.8474450951638,"","=HYPERLINK(""Frames_for_Analysis/2122_20250717_0001_R_1877.jpg"",""2122_20250717_0001_R_1877.jpg"")","",""
2122,2123,145.716610592567,-16.8474127934503,"","=HYPERLINK(""Frames_for_Analysis/2123_20250717_0001_R_1874.jpg"",""2123_20250717_0001_R_1874.jpg"")","",""
2123,2124,145.716693842926,-16.8473804917314,"","=HYPERLINK(""Frames_for_Analysis/2124_20250717_0001_R_1872.jpg"",""2124_20250717_0001_R_1872.jpg"")","",""
2124,2125,145.716777093284,-16.8473481900069,"50","=HYPERLINK(""Frames_for_Analysis/2125_20250717_0001_R_1869.jpg"",""2125_20250717_0001_R_1869.jpg"")","",""
2125,2126,145.716862365376,-16.8473218251153,"","=HYPERLINK(""Frames_for_Analysis/2126_20250717_0001_R_1866.jpg"",""2126_20250717_0001_R_1866.jpg"")","",""
2126,2127,145.716949514799,-16.8473009730205,"","=HYPERLINK(""Frames_for_Analysis/2127_20250717_0001_R_1863.jpg"",""2127_20250717_0001_R_1863.jpg"")","",""
2127,2128,145.717036664221,-16.8472801209234,"","=HYPERLINK(""Frames_for_Analysis/2128_20250717_0001_R_1860.jpg"",""2128_20250717_0001_R_1860.jpg"")","",""
2128,2129,145.717123813644,-16.847259268824,"","=HYPERLINK(""Frames_for_Analysis/2129_20250717_0001_R_1858.jpg"",""2129_20250717_0001_R_1858.jpg"")","",""
2129,2130,145.717212718942,-16.8472567762009,"50","=HYPERLINK(""Frames_for_Analysis/2130_20250717_0001_R_1855.jpg"",""2130_20250717_0001_R_1855.jpg"")","",""
2130,2131,145.717302375537,-16.8472621391437,"","=HYPERLINK(""Frames_for_Analysis/2131_20250717_0001_R_1852.jpg"",""2131_20250717_0001_R_1852.jpg"")","",""
2131,2132,145.717392032132,-16.8472675020863,"","=HYPERLINK(""Frames_for_Analysis/2132_20250717_0001_R_1849.jpg"",""2132_20250717_0001_R_1849.jpg"")","",""
2132,2133,145.717481688727,-16.8472728650287,"","=HYPERLINK(""Frames_for_Analysis/2133_20250717_0001_R_1846.jpg"",""2133_20250717_0001_R_1846.jpg"")","",""
2133,2134,145.717571310154,-16.8472787175666,"","=HYPERLINK(""Frames_for_Analysis/2134_20250717_0001_R_1843.jpg"",""2134_20250717_0001_R_1843.jpg"")","",""
2134,2135,145.717660890087,-16.8472851477648,"50","=HYPERLINK(""Frames_for_Analysis/2135_20250717_0001_R_1840.jpg"",""2135_20250717_0001_R_1840.jpg"")","",""
2135,2136,145.717750470021,-16.8472915779629,"","=HYPERLINK(""Frames_for_Analysis/2136_20250717_0001_R_1837.jpg"",""2136_20250717_0001_R_1837.jpg"")","",""
2136,2137,145.717840049955,-16.8472980081607,"","=HYPERLINK(""Frames_for_Analysis/2137_20250717_0001_R_1835.jpg"",""2137_20250717_0001_R_1835.jpg"")","",""
2137,2138,145.717929629889,-16.8473044383583,"","=HYPERLINK(""Frames_for_Analysis/2138_20250717_0001_R_1832.jpg"",""2138_20250717_0001_R_1832.jpg"")","",""
2138,2139,145.718019122737,-16.8473081217259,"","=HYPERLINK(""Frames_for_Analysis/2139_20250717_0001_R_1828.jpg"",""2139_20250717_0001_R_1828.jpg"")","",""
2139,2140,145.718108130515,-16.8472965051607,"50","=HYPERLINK(""Frames_for_Analysis/2140_20250717_0001_R_1825.jpg"",""2140_20250717_0001_R_1825.jpg"")","",""
2140,2141,145.718197138293,-16.8472848885949,"","=HYPERLINK(""Frames_for_Analysis/2141_20250717_0001_R_1821.jpg"",""2141_20250717_0001_R_1821.jpg"")","",""
2141,2142,145.718278008929,-16.8472605807733,"","=HYPERLINK(""Frames_for_Analysis/2142_20250717_0001_R_1818.jpg"",""2142_20250717_0001_R_1818.jpg"")","",""
2142,2143,145.718329141815,-16.8471898918642,"","=HYPERLINK(""Frames_for_Analysis/2143_20250717_0001_R_1816.jpg"",""2143_20250717_0001_R_1816.jpg"")","",""
2143,2144,145.718383986773,-16.8471233991656,"","=HYPERLINK(""Frames_for_Analysis/2144_20250717_0001_R_1813.jpg"",""2144_20250717_0001_R_1813.jpg"")","",""
2144,2145,145.718465268045,-16.847086790848,"50","=HYPERLINK(""Frames_for_Analysis/2145_20250717_0001_R_1810.jpg"",""2145_20250717_0001_R_1810.jpg"")","",""
2145,2146,145.718546549317,-16.8470501825232,"","=HYPERLINK(""Frames_for_Analysis/2146_20250717_0001_R_1807.jpg"",""2146_20250717_0001_R_1807.jpg"")","",""
2146,2147,145.718624878781,-16.8470083307354,"","=HYPERLINK(""Frames_for_Analysis/2147_20250717_0001_R_1804.jpg"",""2147_20250717_0001_R_1804.jpg"")","",""
2147,2148,145.718701530366,-16.8469634984281,"","=HYPERLINK(""Frames_for_Analysis/2148_20250717_0001_R_1800.jpg"",""2148_20250717_0001_R_1800.jpg"")","",""
2148,2149,145.71877818195,-16.8469186661101,"","=HYPERLINK(""Frames_for_Analysis/2149_20250717_0001_R_1796.jpg"",""2149_20250717_0001_R_1796.jpg"")","",""
2149,2150,145.718839059925,-16.8468562181074,"50","=HYPERLINK(""Frames_for_Analysis/2150_20250717_0001_R_1792.jpg"",""2150_20250717_0001_R_1792.jpg"")","",""
2150,2151,145.718897085933,-16.8467905850584,"","=HYPERLINK(""Frames_for_Analysis/2151_20250717_0001_R_1789.jpg"",""2151_20250717_0001_R_1789.jpg"")","",""
2151,2152,145.718952199429,-16.8467227548727,"","=HYPERLINK(""Frames_for_Analysis/2152_20250717_0001_R_1786.jpg"",""2152_20250717_0001_R_1786.jpg"")","",""
2152,2153,145.719005322491,-16.8466534231367,"","=HYPERLINK(""Frames_for_Analysis/2153_20250717_0001_R_1783.jpg"",""2153_20250717_0001_R_1783.jpg"")","",""
2153,2154,145.719057179962,-16.8465833151153,"","=HYPERLINK(""Frames_for_Analysis/2154_20250717_0001_R_1779.jpg"",""2154_20250717_0001_R_1779.jpg"")","",""
2154,2155,145.719100806066,-16.8465081582915,"50","=HYPERLINK(""Frames_for_Analysis/2155_20250717_0001_R_1776.jpg"",""2155_20250717_0001_R_1776.jpg"")","",""
2155,2156,145.71914443217,-16.8464330014379,"","=HYPERLINK(""Frames_for_Analysis/2156_20250717_0001_R_1772.jpg"",""2156_20250717_0001_R_1772.jpg"")","",""
2156,2157,145.719184863239,-16.8463563347882,"","=HYPERLINK(""Frames_for_Analysis/2157_20250717_0001_R_1769.jpg"",""2157_20250717_0001_R_1769.jpg"")","",""
2157,2158,145.71922068144,-16.846277488365,"","=HYPERLINK(""Frames_for_Analysis/2158_20250717_0001_R_1766.jpg"",""2158_20250717_0001_R_1766.jpg"")","",""
2158,2159,145.719256499642,-16.8461986419089,"","=HYPERLINK(""Frames_for_Analysis/2159_20250717_0001_R_1763.jpg"",""2159_20250717_0001_R_1763.jpg"")","",""
2159,2160,145.719293483219,-16.8461203913919,"50","=HYPERLINK(""Frames_for_Analysis/2160_20250717_0001_R_1760.jpg"",""2160_20250717_0001_R_1760.jpg"")","",""
2160,2161,145.719342060244,-16.8460480697242,"","=HYPERLINK(""Frames_for_Analysis/2161_20250717_0001_R_1758.jpg"",""2161_20250717_0001_R_1758.jpg"")","",""
2161,2162,145.71939063727,-16.8459757480288,"","=HYPERLINK(""Frames_for_Analysis/2162_20250717_0001_R_1756.jpg"",""2162_20250717_0001_R_1756.jpg"")","",""
2162,2163,145.719459930744,-16.8459218721821,"","=HYPERLINK(""Frames_for_Analysis/2163_20250717_0001_R_1753.jpg"",""2163_20250717_0001_R_1753.jpg"")","",""
2163,2164,145.719531795981,-16.8458702862113,"","=HYPERLINK(""Frames_for_Analysis/2164_20250717_0001_R_1751.jpg"",""2164_20250717_0001_R_1751.jpg"")","",""
2164,2165,145.719603661218,-16.8458187002263,"50","=HYPERLINK(""Frames_for_Analysis/2165_20250717_0001_R_1749.jpg"",""2165_20250717_0001_R_1749.jpg"")","",""
2165,2166,145.719683975087,-16.8457833980789,"","=HYPERLINK(""Frames_for_Analysis/2166_20250717_0001_R_1747.jpg"",""2166_20250717_0001_R_1747.jpg"")","",""
2166,2167,145.719770350236,-16.8457597784048,"","=HYPERLINK(""Frames_for_Analysis/2167_20250717_0001_R_1744.jpg"",""2167_20250717_0001_R_1744.jpg"")","",""
2167,2168,145.719856725385,-16.8457361587278,"","=HYPERLINK(""Frames_for_Analysis/2168_20250717_0001_R_1742.jpg"",""2168_20250717_0001_R_1742.jpg"")","",""
2168,2169,145.719943100534,-16.8457125390478,"","=HYPERLINK(""Frames_for_Analysis/2169_20250717_0001_R_1739.jpg"",""2169_20250717_0001_R_1739.jpg"")","",""
2169,2170,145.720031998368,-16.8457061585124,"50","=HYPERLINK(""Frames_for_Analysis/2170_20250717_0001_R_1736.jpg"",""2170_20250717_0001_R_1736.jpg"")","",""
2170,2171,145.720121829897,-16.8457061585124,"","=HYPERLINK(""Frames_for_Analysis/2171_20250717_0001_R_1734.jpg"",""2171_20250717_0001_R_1734.jpg"")","",""
2171,2172,145.720211661425,-16.8457061585124,"","=HYPERLINK(""Frames_for_Analysis/2172_20250717_0001_R_1731.jpg"",""2172_20250717_0001_R_1731.jpg"")","",""
2172,2173,145.720301492953,-16.8457061585124,"","=HYPERLINK(""Frames_for_Analysis/2173_20250717_0001_R_1728.jpg"",""2173_20250717_0001_R_1728.jpg"")","",""
2173,2174,145.720391324482,-16.8457061585124,"","=HYPERLINK(""Frames_for_Analysis/2174_20250717_0001_R_1725.jpg"",""2174_20250717_0001_R_1725.jpg"")","",""
2174,2175,145.72048115601,-16.8457061585124,"50","=HYPERLINK(""Frames_for_Analysis/2175_20250717_0001_R_1722.jpg"",""2175_20250717_0001_R_1722.jpg"")","",""
2175,2176,145.720570987539,-16.8457061585124,"","=HYPERLINK(""Frames_for_Analysis/2176_20250717_0001_R_1720.jpg"",""2176_20250717_0001_R_1720.jpg"")","",""
2176,2177,145.720660282121,-16.8457141095402,"","=HYPERLINK(""Frames_for_Analysis/2177_20250717_0001_R_1717.jpg"",""2177_20250717_0001_R_1717.jpg"")","",""
2177,2178,145.720745141242,-16.845738629211,"","=HYPERLINK(""Frames_for_Analysis/2178_20250717_0001_R_1714.jpg"",""2178_20250717_0001_R_1714.jpg"")","",""
2178,2179,145.720825836098,-16.8457764074639,"","=HYPERLINK(""Frames_for_Analysis/2179_20250717_0001_R_1712.jpg"",""2179_20250717_0001_R_1712.jpg"")","",""
2179,2180,145.720911902219,-16.8457993234518,"50","=HYPERLINK(""Frames_for_Analysis/2180_20250717_0001_R_1709.jpg"",""2180_20250717_0001_R_1709.jpg"")","",""
2180,2181,145.720999739695,-16.8458173381081,"","=HYPERLINK(""Frames_for_Analysis/2181_20250717_0001_R_1706.jpg"",""2181_20250717_0001_R_1706.jpg"")","",""
2181,2182,145.721085333108,-16.8458432226099,"","=HYPERLINK(""Frames_for_Analysis/2182_20250717_0001_R_1703.jpg"",""2182_20250717_0001_R_1703.jpg"")","",""
2182,2183,145.72117055474,-16.8458704109302,"","=HYPERLINK(""Frames_for_Analysis/2183_20250717_0001_R_1699.jpg"",""2183_20250717_0001_R_1699.jpg"")","",""
2183,2184,145.721259155821,-16.8458723873361,"","=HYPERLINK(""Frames_for_Analysis/2184_20250717_0001_R_1696.jpg"",""2184_20250717_0001_R_1696.jpg"")","",""
2184,2185,145.721348788397,-16.8458666684073,"50","=HYPERLINK(""Frames_for_Analysis/2185_20250717_0001_R_1692.jpg"",""2185_20250717_0001_R_1692.jpg"")","",""
2185,2186,145.721425952218,-16.8458270676268,"","=HYPERLINK(""Frames_for_Analysis/2186_20250717_0001_R_1689.jpg"",""2186_20250717_0001_R_1689.jpg"")","",""
2186,2187,145.721509875084,-16.8458166369515,"","=HYPERLINK(""Frames_for_Analysis/2187_20250717_0001_R_1686.jpg"",""2187_20250717_0001_R_1686.jpg"")","",""
2187,2188,145.721592693795,-16.84578333407,"","=HYPERLINK(""Frames_for_Analysis/2188_20250717_0001_R_1683.jpg"",""2188_20250717_0001_R_1683.jpg"")","",""
2188,2189,145.721675512505,-16.8457500311827,"","=HYPERLINK(""Frames_for_Analysis/2189_20250717_0001_R_1679.jpg"",""2189_20250717_0001_R_1679.jpg"")","",""
2189,2190,145.721752273932,-16.8457057475305,"50","=HYPERLINK(""Frames_for_Analysis/2190_20250717_0001_R_1676.jpg"",""2190_20250717_0001_R_1676.jpg"")","",""
2190,2191,145.721827897069,-16.8456593456595,"","=HYPERLINK(""Frames_for_Analysis/2191_20250717_0001_R_1673.jpg"",""2191_20250717_0001_R_1673.jpg"")","",""
2191,2192,145.721904025331,-16.84561370354,"","=HYPERLINK(""Frames_for_Analysis/2192_20250717_0001_R_1669.jpg"",""2192_20250717_0001_R_1669.jpg"")","",""
2192,2193,145.721980153593,-16.8455680614096,"","=HYPERLINK(""Frames_for_Analysis/2193_20250717_0001_R_1666.jpg"",""2193_20250717_0001_R_1666.jpg"")","",""
2193,2194,145.722056281855,-16.8455224192681,"","=HYPERLINK(""Frames_for_Analysis/2194_20250717_0001_R_1663.jpg"",""2194_20250717_0001_R_1663.jpg"")","",""
2194,2195,145.722133363987,-16.8454782963316,"50","=HYPERLINK(""Frames_for_Analysis/2195_20250717_0001_R_1661.jpg"",""2195_20250717_0001_R_1661.jpg"")","",""
2195,2196,145.722211206057,-16.8454353837294,"","=HYPERLINK(""Frames_for_Analysis/2196_20250717_0001_R_1657.jpg"",""2196_20250717_0001_R_1657.jpg"")","",""
2196,2197,145.722289048127,-16.8453924711175,"","=HYPERLINK(""Frames_for_Analysis/2197_20250717_0001_R_1654.jpg"",""2197_20250717_0001_R_1654.jpg"")","",""
2197,2198,145.722366704957,-16.8453492891998,"","=HYPERLINK(""Frames_for_Analysis/2198_20250717_0001_R_1651.jpg"",""2198_20250717_0001_R_1651.jpg"")","",""
2198,2199,145.722438657976,-16.845297815285,"","=HYPERLINK(""Frames_for_Analysis/2199_20250717_0001_R_1648.jpg"",""2199_20250717_0001_R_1648.jpg"")","",""
2199,2200,145.722510610996,-16.8452463413561,"50","=HYPERLINK(""Frames_for_Analysis/2200_20250717_0001_R_1645.jpg"",""2200_20250717_0001_R_1645.jpg"")","",""
2200,2201,145.722582564015,-16.8451948674133,"","=HYPERLINK(""Frames_for_Analysis/2201_20250717_0001_R_1642.jpg"",""2201_20250717_0001_R_1642.jpg"")","",""
2201,2202,145.722654517035,-16.8451433934565,"","=HYPERLINK(""Frames_for_Analysis/2202_20250717_0001_R_1639.jpg"",""2202_20250717_0001_R_1639.jpg"")","",""
2202,2203,145.722724773977,-16.8450898516193,"","=HYPERLINK(""Frames_for_Analysis/2203_20250717_0001_R_1635.jpg"",""2203_20250717_0001_R_1635.jpg"")","",""
2203,2204,145.722794101886,-16.845035177084,"","=HYPERLINK(""Frames_for_Analysis/2204_20250717_0001_R_1632.jpg"",""2204_20250717_0001_R_1632.jpg"")","",""
2204,2205,145.722863429794,-16.8449805025329,"50","=HYPERLINK(""Frames_for_Analysis/2205_20250717_0001_R_1629.jpg"",""2205_20250717_0001_R_1629.jpg"")","",""
2205,2206,145.722932757703,-16.844925827966,"","=HYPERLINK(""Frames_for_Analysis/2206_20250717_0001_R_1626.jpg"",""2206_20250717_0001_R_1626.jpg"")","",""
2206,2207,145.723000763307,-16.8448696578667,"","=HYPERLINK(""Frames_for_Analysis/2207_20250717_0001_R_1623.jpg"",""2207_20250717_0001_R_1623.jpg"")","",""
2207,2208,145.72305994632,-16.8448057558544,"","=HYPERLINK(""Frames_for_Analysis/2208_20250717_0001_R_1620.jpg"",""2208_20250717_0001_R_1620.jpg"")","",""
2208,2209,145.723112194736,-16.8447358172342,"","=HYPERLINK(""Frames_for_Analysis/2209_20250717_0001_R_1617.jpg"",""2209_20250717_0001_R_1617.jpg"")","",""
2209,2210,145.723149453201,-16.8446576112659,"50","=HYPERLINK(""Frames_for_Analysis/2210_20250717_0001_R_1614.jpg"",""2210_20250717_0001_R_1614.jpg"")","",""
2210,2211,145.723180823657,-16.8445776042833,"","=HYPERLINK(""Frames_for_Analysis/2211_20250717_0001_R_1610.jpg"",""2211_20250717_0001_R_1610.jpg"")","",""
2211,2212,145.723196419935,-16.8444929327321,"","=HYPERLINK(""Frames_for_Analysis/2212_20250717_0001_R_1603.jpg"",""2212_20250717_0001_R_1603.jpg"")","",""
2212,2213,145.723190848373,-16.8444096332189,"","=HYPERLINK(""Frames_for_Analysis/2213_20250717_0001_R_1598.jpg"",""2213_20250717_0001_R_1598.jpg"")","",""
2213,2214,145.723119298658,-16.8443576466253,"","=HYPERLINK(""Frames_for_Analysis/2214_20250717_0001_R_1595.jpg"",""2214_20250717_0001_R_1595.jpg"")","",""
2214,2215,145.723047748944,-16.8443056600174,"50","=HYPERLINK(""Frames_for_Analysis/2215_20250717_0001_R_1591.jpg"",""2215_20250717_0001_R_1591.jpg"")","",""
2215,2216,145.72299192667,-16.8442390427195,"","=HYPERLINK(""Frames_for_Analysis/2216_20250717_0001_R_1587.jpg"",""2216_20250717_0001_R_1587.jpg"")","",""
2216,2217,145.722968059887,-16.8441787549588,"","=HYPERLINK(""Frames_for_Analysis/2217_20250717_0001_R_1585.jpg"",""2217_20250717_0001_R_1585.jpg"")","",""
2217,2218,145.722982283682,-16.8441225277248,"","=HYPERLINK(""Frames_for_Analysis/2218_20250717_0001_R_1582.jpg"",""2218_20250717_0001_R_1582.jpg"")","",""
2218,2219,145.722902664651,-16.8440827130369,"","=HYPERLINK(""Frames_for_Analysis/2219_20250717_0001_R_1579.jpg"",""2219_20250717_0001_R_1579.jpg"")","",""
2219,2220,145.722820878613,-16.8440478945495,"50","=HYPERLINK(""Frames_for_Analysis/2220_20250717_0001_R_1575.jpg"",""2220_20250717_0001_R_1575.jpg"")","",""
2220,2221,145.722738867598,-16.8440129766905,"","=HYPERLINK(""Frames_for_Analysis/2221_20250717_0001_R_1572.jpg"",""2221_20250717_0001_R_1572.jpg"")","",""
2221,2222,145.722660819183,-16.8439706704596,"","=HYPERLINK(""Frames_for_Analysis/2222_20250717_0001_R_1569.jpg"",""2222_20250717_0001_R_1569.jpg"")","",""
2222,2223,145.722584317581,-16.8439256033771,"","=HYPERLINK(""Frames_for_Analysis/2223_20250717_0001_R_1567.jpg"",""2223_20250717_0001_R_1567.jpg"")","",""
2223,2224,145.722511776857,-16.8438754790272,"","=HYPERLINK(""Frames_for_Analysis/2224_20250717_0001_R_1565.jpg"",""2224_20250717_0001_R_1565.jpg"")","",""
2224,2225,145.722445122242,-16.8438178392666,"50","=HYPERLINK(""Frames_for_Analysis/2225_20250717_0001_R_1562.jpg"",""2225_20250717_0001_R_1562.jpg"")","",""
2225,2226,145.722378467628,-16.8437601994885,"","=HYPERLINK(""Frames_for_Analysis/2226_20250717_0001_R_1560.jpg"",""2226_20250717_0001_R_1560.jpg"")","",""
2226,2227,145.72235339375,-16.8436779437429,"","=HYPERLINK(""Frames_for_Analysis/2227_20250717_0001_R_1558.jpg"",""2227_20250717_0001_R_1558.jpg"")","",""
2227,2228,145.722329273762,-16.8435951232553,"","=HYPERLINK(""Frames_for_Analysis/2228_20250717_0001_R_1556.jpg"",""2228_20250717_0001_R_1556.jpg"")","",""
2228,2229,145.72231876921,-16.8435100789024,"","=HYPERLINK(""Frames_for_Analysis/2229_20250717_0001_R_1554.jpg"",""2229_20250717_0001_R_1554.jpg"")","",""
2229,2230,145.722315212793,-16.8434242519072,"50","=HYPERLINK(""Frames_for_Analysis/2230_20250717_0001_R_1552.jpg"",""2230_20250717_0001_R_1552.jpg"")","",""
2230,2231,145.722318201011,-16.843338321699,"","=HYPERLINK(""Frames_for_Analysis/2231_20250717_0001_R_1549.jpg"",""2231_20250717_0001_R_1549.jpg"")","",""
2231,2232,145.722334820351,-16.8432541976736,"","=HYPERLINK(""Frames_for_Analysis/2232_20250717_0001_R_1547.jpg"",""2232_20250717_0001_R_1547.jpg"")","",""
2232,2233,145.722356336933,-16.8431707225311,"","=HYPERLINK(""Frames_for_Analysis/2233_20250717_0001_R_1544.jpg"",""2233_20250717_0001_R_1544.jpg"")","",""
2233,2234,145.722381975732,-16.8430886105936,"","=HYPERLINK(""Frames_for_Analysis/2234_20250717_0001_R_1542.jpg"",""2234_20250717_0001_R_1542.jpg"")","",""
2234,2235,145.722418892218,-16.8430102282202,"50","=HYPERLINK(""Frames_for_Analysis/2235_20250717_0001_R_1539.jpg"",""2235_20250717_0001_R_1539.jpg"")","",""
2235,2236,145.722455808703,-16.8429318458142,"","=HYPERLINK(""Frames_for_Analysis/2236_20250717_0001_R_1537.jpg"",""2236_20250717_0001_R_1537.jpg"")","",""
2236,2237,145.722492725188,-16.8428534633759,"","=HYPERLINK(""Frames_for_Analysis/2237_20250717_0001_R_1534.jpg"",""2237_20250717_0001_R_1534.jpg"")","",""
2237,2238,145.722532880668,-16.8427766280625,"","=HYPERLINK(""Frames_for_Analysis/2238_20250717_0001_R_1531.jpg"",""2238_20250717_0001_R_1531.jpg"")","",""
2238,2239,145.722576130627,-16.8427012708468,"","=HYPERLINK(""Frames_for_Analysis/2239_20250717_0001_R_1528.jpg"",""2239_20250717_0001_R_1528.jpg"")","",""
2239,2240,145.722619380587,-16.8426259136011,"50","=HYPERLINK(""Frames_for_Analysis/2240_20250717_0001_R_1525.jpg"",""2240_20250717_0001_R_1525.jpg"")","",""
2240,2241,145.722662630547,-16.8425505563255,"","=HYPERLINK(""Frames_for_Analysis/2241_20250717_0001_R_1522.jpg"",""2241_20250717_0001_R_1522.jpg"")","",""
2241,2242,145.722711587013,-16.8424785414329,"","=HYPERLINK(""Frames_for_Analysis/2242_20250717_0001_R_1518.jpg"",""2242_20250717_0001_R_1518.jpg"")","",""
2242,2243,145.722762015241,-16.8424073885526,"","=HYPERLINK(""Frames_for_Analysis/2243_20250717_0001_R_1516.jpg"",""2243_20250717_0001_R_1516.jpg"")","",""
2243,2244,145.722813452506,-16.8423369393716,"","=HYPERLINK(""Frames_for_Analysis/2244_20250717_0001_R_1513.jpg"",""2244_20250717_0001_R_1513.jpg"")","",""
2244,2245,145.722868770559,-16.8422691967185,"50","=HYPERLINK(""Frames_for_Analysis/2245_20250717_0001_R_1510.jpg"",""2245_20250717_0001_R_1510.jpg"")","",""
2245,2246,145.722924088613,-16.8422014540412,"","=HYPERLINK(""Frames_for_Analysis/2246_20250717_0001_R_1507.jpg"",""2246_20250717_0001_R_1507.jpg"")","",""
2246,2247,145.722979406667,-16.8421337113397,"","=HYPERLINK(""Frames_for_Analysis/2247_20250717_0001_R_1504.jpg"",""2247_20250717_0001_R_1504.jpg"")","",""
2247,2248,145.723029447514,-16.8420623254062,"","=HYPERLINK(""Frames_for_Analysis/2248_20250717_0001_R_1501.jpg"",""2248_20250717_0001_R_1501.jpg"")","",""
2248,2249,145.72307915474,-16.8419907091246,"","=HYPERLINK(""Frames_for_Analysis/2249_20250717_0001_R_1497.jpg"",""2249_20250717_0001_R_1497.jpg"")","",""
2249,2250,145.723120160022,-16.8419143954018,"50","=HYPERLINK(""Frames_for_Analysis/2250_20250717_0001_R_1493.jpg"",""2250_20250717_0001_R_1493.jpg"")","",""
2250,2251,145.72315847928,-16.8418366316992,"","=HYPERLINK(""Frames_for_Analysis/2251_20250717_0001_R_1490.jpg"",""2251_20250717_0001_R_1490.jpg"")","",""
2251,2252,145.723195622124,-16.8417586453522,"","=HYPERLINK(""Frames_for_Analysis/2252_20250717_0001_R_1487.jpg"",""2252_20250717_0001_R_1487.jpg"")","",""
2252,2253,145.723191104635,-16.8416727755908,"","=HYPERLINK(""Frames_for_Analysis/2253_20250717_0001_R_1484.jpg"",""2253_20250717_0001_R_1484.jpg"")","",""
2253,2254,145.723186587147,-16.8415869057906,"","=HYPERLINK(""Frames_for_Analysis/2254_20250717_0001_R_1480.jpg"",""2254_20250717_0001_R_1480.jpg"")","",""
2254,2255,145.723178537659,-16.8415017568353,"50","=HYPERLINK(""Frames_for_Analysis/2255_20250717_0001_R_1477.jpg"",""2255_20250717_0001_R_1477.jpg"")","",""
2255,2256,145.72314606237,-16.8414215931709,"","=HYPERLINK(""Frames_for_Analysis/2256_20250717_0001_R_1474.jpg"",""2256_20250717_0001_R_1474.jpg"")","",""
2256,2257,145.72311358708,-16.8413414294725,"","=HYPERLINK(""Frames_for_Analysis/2257_20250717_0001_R_1470.jpg"",""2257_20250717_0001_R_1470.jpg"")","",""
2257,2258,145.723081111791,-16.8412612657402,"","=HYPERLINK(""Frames_for_Analysis/2258_20250717_0001_R_1466.jpg"",""2258_20250717_0001_R_1466.jpg"")","",""
2258,2259,145.7230394696,-16.8411859498444,"","=HYPERLINK(""Frames_for_Analysis/2259_20250717_0001_R_1460.jpg"",""2259_20250717_0001_R_1460.jpg"")","",""
2259,2260,145.722985844505,-16.8411169710215,"50","=HYPERLINK(""Frames_for_Analysis/2260_20250717_0001_R_1457.jpg"",""2260_20250717_0001_R_1457.jpg"")","",""
2260,2261,145.722932219409,-16.8410479921735,"","=HYPERLINK(""Frames_for_Analysis/2261_20250717_0001_R_1453.jpg"",""2261_20250717_0001_R_1453.jpg"")","",""
2261,2262,145.722878594313,-16.8409790133003,"","=HYPERLINK(""Frames_for_Analysis/2262_20250717_0001_R_1450.jpg"",""2262_20250717_0001_R_1450.jpg"")","",""
2262,2263,145.722824969217,-16.840910034402,"","=HYPERLINK(""Frames_for_Analysis/2263_20250717_0001_R_1447.jpg"",""2263_20250717_0001_R_1447.jpg"")","",""
2263,2264,145.722776752413,-16.8408381304081,"","=HYPERLINK(""Frames_for_Analysis/2264_20250717_0001_R_1444.jpg"",""2264_20250717_0001_R_1444.jpg"")","",""
2264,2265,145.722742682288,-16.8407585751635,"50","=HYPERLINK(""Frames_for_Analysis/2265_20250717_0001_R_1440.jpg"",""2265_20250717_0001_R_1440.jpg"")","",""
2265,2266,145.722709281421,-16.840678837861,"","=HYPERLINK(""Frames_for_Analysis/2266_20250717_0001_R_1438.jpg"",""2266_20250717_0001_R_1438.jpg"")","",""
2266,2267,145.722694550172,-16.8405940227724,"","=HYPERLINK(""Frames_for_Analysis/2267_20250717_0001_R_1435.jpg"",""2267_20250717_0001_R_1435.jpg"")","",""
2267,2268,145.722679818923,-16.8405092076458,"","=HYPERLINK(""Frames_for_Analysis/2268_20250717_0001_R_1433.jpg"",""2268_20250717_0001_R_1433.jpg"")","",""
2268,2269,145.722665087673,-16.8404243924813,"","=HYPERLINK(""Frames_for_Analysis/2269_20250717_0001_R_1430.jpg"",""2269_20250717_0001_R_1430.jpg"")","",""
2269,2270,145.722649450198,-16.8403397483604,"50","=HYPERLINK(""Frames_for_Analysis/2270_20250717_0001_R_1426.jpg"",""2270_20250717_0001_R_1426.jpg"")","",""
2270,2271,145.722629429586,-16.8402559316722,"","=HYPERLINK(""Frames_for_Analysis/2271_20250717_0001_R_1423.jpg"",""2271_20250717_0001_R_1423.jpg"")","",""
2271,2272,145.722609408974,-16.840172114947,"","=HYPERLINK(""Frames_for_Analysis/2272_20250717_0001_R_1420.jpg"",""2272_20250717_0001_R_1420.jpg"")","",""
2272,2273,145.722589388362,-16.8400882981846,"","=HYPERLINK(""Frames_for_Analysis/2273_20250717_0001_R_1417.jpg"",""2273_20250717_0001_R_1417.jpg"")","",""
2273,2274,145.722540704654,-16.840016432261,"","=HYPERLINK(""Frames_for_Analysis/2274_20250717_0001_R_1414.jpg"",""2274_20250717_0001_R_1414.jpg"")","",""
2274,2275,145.722490211078,-16.8399453209222,"50","=HYPERLINK(""Frames_for_Analysis/2275_20250717_0001_R_1411.jpg"",""2275_20250717_0001_R_1411.jpg"")","",""
2275,2276,145.722439717502,-16.8398742095567,"","=HYPERLINK(""Frames_for_Analysis/2276_20250717_0001_R_1408.jpg"",""2276_20250717_0001_R_1408.jpg"")","",""
2276,2277,145.72238732852,-16.8398045524755,"","=HYPERLINK(""Frames_for_Analysis/2277_20250717_0001_R_1405.jpg"",""2277_20250717_0001_R_1405.jpg"")","",""
2277,2278,145.722325794837,-16.8397419119363,"","=HYPERLINK(""Frames_for_Analysis/2278_20250717_0001_R_1402.jpg"",""2278_20250717_0001_R_1402.jpg"")","",""
2278,2279,145.722280726327,-16.8396680552055,"","=HYPERLINK(""Frames_for_Analysis/2279_20250717_0001_R_1399.jpg"",""2279_20250717_0001_R_1399.jpg"")","",""
2279,2280,145.722239043805,-16.8395918918901,"50","=HYPERLINK(""Frames_for_Analysis/2280_20250717_0001_R_1395.jpg"",""2280_20250717_0001_R_1395.jpg"")","",""
2280,2281,145.722173939261,-16.839533135907,"","=HYPERLINK(""Frames_for_Analysis/2281_20250717_0001_R_1393.jpg"",""2281_20250717_0001_R_1393.jpg"")","",""
2281,2282,145.722103890513,-16.8394818697965,"","=HYPERLINK(""Frames_for_Analysis/2282_20250717_0001_R_1391.jpg"",""2282_20250717_0001_R_1391.jpg"")","",""
2282,2283,145.72201580338,-16.8394650081606,"","=HYPERLINK(""Frames_for_Analysis/2283_20250717_0001_R_1390.jpg"",""2283_20250717_0001_R_1390.jpg"")","",""
2283,2284,145.721933943743,-16.8394307744936,"","=HYPERLINK(""Frames_for_Analysis/2284_20250717_0001_R_1389.jpg"",""2284_20250717_0001_R_1389.jpg"")","",""
2284,2285,145.721937637435,-16.8393975324458,"50","","","X"
2285,2286,145.722012303804,-16.8393513656186,"","=HYPERLINK(""Frames_for_Analysis/2286_20250717_0001_R_1388.jpg"",""2286_20250717_0001_R_1388.jpg"")","",""
2286,2287,145.722081467625,-16.8392973270646,"","=HYPERLINK(""Frames_for_Analysis/2287_20250717_0001_R_1386.jpg"",""2287_20250717_0001_R_1386.jpg"")","",""
2287,2288,145.72211456575,-16.8392173961652,"","=HYPERLINK(""Frames_for_Analysis/2288_20250717_0001_R_1385.jpg"",""2288_20250717_0001_R_1385.jpg"")","",""
2288,2289,145.722147578654,-16.8391374440846,"","=HYPERLINK(""Frames_for_Analysis/2289_20250717_0001_R_1382.jpg"",""2289_20250717_0001_R_1382.jpg"")","",""
2289,2290,145.722159225561,-16.8390521900629,"50","=HYPERLINK(""Frames_for_Analysis/2290_20250717_0001_R_1379.jpg"",""2290_20250717_0001_R_1379.jpg"")","",""
2290,2291,145.722170872468,-16.8389669360027,"","=HYPERLINK(""Frames_for_Analysis/2291_20250717_0001_R_1376.jpg"",""2291_20250717_0001_R_1376.jpg"")","",""
2291,2292,145.722190142122,-16.8388836330009,"","=HYPERLINK(""Frames_for_Analysis/2292_20250717_0001_R_1373.jpg"",""2292_20250717_0001_R_1373.jpg"")","",""
2292,2293,145.722224510837,-16.8388041946769,"","=HYPERLINK(""Frames_for_Analysis/2293_20250717_0001_R_1371.jpg"",""2293_20250717_0001_R_1371.jpg"")","",""
2293,2294,145.722263582734,-16.8387270547722,"","=HYPERLINK(""Frames_for_Analysis/2294_20250717_0001_R_1369.jpg"",""2294_20250717_0001_R_1369.jpg"")","",""
2294,2295,145.722310657063,-16.838653825639,"50","=HYPERLINK(""Frames_for_Analysis/2295_20250717_0001_R_1366.jpg"",""2295_20250717_0001_R_1366.jpg"")","",""
2295,2296,145.722357731392,-16.8385805964775,"","=HYPERLINK(""Frames_for_Analysis/2296_20250717_0001_R_1363.jpg"",""2296_20250717_0001_R_1363.jpg"")","",""
2296,2297,145.722404718966,-16.8385073163237,"","=HYPERLINK(""Frames_for_Analysis/2297_20250717_0001_R_1359.jpg"",""2297_20250717_0001_R_1359.jpg"")","",""
2297,2298,145.722451624897,-16.8384339881811,"","=HYPERLINK(""Frames_for_Analysis/2298_20250717_0001_R_1357.jpg"",""2298_20250717_0001_R_1357.jpg"")","",""
2298,2299,145.722498530828,-16.8383606600101,"","=HYPERLINK(""Frames_for_Analysis/2299_20250717_0001_R_1354.jpg"",""2299_20250717_0001_R_1354.jpg"")","",""
2299,2300,145.722554365397,-16.8382935002446,"50","=HYPERLINK(""Frames_for_Analysis/2300_20250717_0001_R_1351.jpg"",""2300_20250717_0001_R_1351.jpg"")","",""
2300,2301,145.722612308419,-16.8382277971005,"","=HYPERLINK(""Frames_for_Analysis/2301_20250717_0001_R_1348.jpg"",""2301_20250717_0001_R_1348.jpg"")","",""
2301,2302,145.722670251441,-16.8381620939337,"","=HYPERLINK(""Frames_for_Analysis/2302_20250717_0001_R_1345.jpg"",""2302_20250717_0001_R_1345.jpg"")","",""
2302,2303,145.722729550426,-16.8380976563888,"","=HYPERLINK(""Frames_for_Analysis/2303_20250717_0001_R_1343.jpg"",""2303_20250717_0001_R_1343.jpg"")","",""
2303,2304,145.722796720324,-16.8380405654671,"","=HYPERLINK(""Frames_for_Analysis/2304_20250717_0001_R_1340.jpg"",""2304_20250717_0001_R_1340.jpg"")","",""
2304,2305,145.722863890222,-16.8379834745281,"50","=HYPERLINK(""Frames_for_Analysis/2305_20250717_0001_R_1337.jpg"",""2305_20250717_0001_R_1337.jpg"")","",""
2305,2306,145.72293106012,-16.8379263835719,"","=HYPERLINK(""Frames_for_Analysis/2306_20250717_0001_R_1334.jpg"",""2306_20250717_0001_R_1334.jpg"")","",""
2306,2307,145.722998230017,-16.8378692925985,"","=HYPERLINK(""Frames_for_Analysis/2307_20250717_0001_R_1331.jpg"",""2307_20250717_0001_R_1331.jpg"")","",""
2307,2308,145.723070770655,-16.8378195811454,"","=HYPERLINK(""Frames_for_Analysis/2308_20250717_0001_R_1328.jpg"",""2308_20250717_0001_R_1328.jpg"")","",""
2308,2309,145.72315000208,-16.8377790629974,"","=HYPERLINK(""Frames_for_Analysis/2309_20250717_0001_R_1325.jpg"",""2309_20250717_0001_R_1325.jpg"")","",""
2309,2310,145.723229233504,-16.8377385448408,"50","=HYPERLINK(""Frames_for_Analysis/2310_20250717_0001_R_1322.jpg"",""2310_20250717_0001_R_1322.jpg"")","",""
2310,2311,145.723308464928,-16.8376980266755,"","=HYPERLINK(""Frames_for_Analysis/2311_20250717_0001_R_1318.jpg"",""2311_20250717_0001_R_1318.jpg"")","",""
2311,2312,145.723388204409,-16.8376584695241,"","=HYPERLINK(""Frames_for_Analysis/2312_20250717_0001_R_1316.jpg"",""2312_20250717_0001_R_1316.jpg"")","",""
2312,2313,145.723469242309,-16.837621368414,"","=HYPERLINK(""Frames_for_Analysis/2313_20250717_0001_R_1312.jpg"",""2313_20250717_0001_R_1312.jpg"")","",""
2313,2314,145.723550280208,-16.8375842672966,"","=HYPERLINK(""Frames_for_Analysis/2314_20250717_0001_R_1309.jpg"",""2314_20250717_0001_R_1309.jpg"")","",""
2314,2315,145.723631318108,-16.8375471661719,"50","=HYPERLINK(""Frames_for_Analysis/2315_20250717_0001_R_1306.jpg"",""2315_20250717_0001_R_1306.jpg"")","",""
2315,2316,145.723712356008,-16.83751006504,"","=HYPERLINK(""Frames_for_Analysis/2316_20250717_0001_R_1303.jpg"",""2316_20250717_0001_R_1303.jpg"")","",""
2316,2317,145.723793393908,-16.8374729639008,"","=HYPERLINK(""Frames_for_Analysis/2317_20250717_0001_R_1300.jpg"",""2317_20250717_0001_R_1300.jpg"")","",""
2317,2318,145.723872571072,-16.837432397149,"","=HYPERLINK(""Frames_for_Analysis/2318_20250717_0001_R_1296.jpg"",""2318_20250717_0001_R_1296.jpg"")","",""
2318,2319,145.723951265451,-16.8373909312073,"","=HYPERLINK(""Frames_for_Analysis/2319_20250717_0001_R_1293.jpg"",""2319_20250717_0001_R_1293.jpg"")","",""
2319,2320,145.724029959831,-16.8373494652565,"50","=HYPERLINK(""Frames_for_Analysis/2320_20250717_0001_R_1290.jpg"",""2320_20250717_0001_R_1290.jpg"")","",""
2320,2321,145.724108654211,-16.8373079992966,"","=HYPERLINK(""Frames_for_Analysis/2321_20250717_0001_R_1286.jpg"",""2321_20250717_0001_R_1286.jpg"")","",""
2321,2322,145.724187348591,-16.8372665333276,"","=HYPERLINK(""Frames_for_Analysis/2322_20250717_0001_R_1283.jpg"",""2322_20250717_0001_R_1283.jpg"")","",""
2322,2323,145.72425882184,-16.8372145837971,"","=HYPERLINK(""Frames_for_Analysis/2323_20250717_0001_R_1280.jpg"",""2323_20250717_0001_R_1280.jpg"")","",""
2323,2324,145.724329650492,-16.8371616984331,"","=HYPERLINK(""Frames_for_Analysis/2324_20250717_0001_R_1276.jpg"",""2324_20250717_0001_R_1276.jpg"")","",""
2324,2325,145.724400479144,-16.8371088130543,"50","=HYPERLINK(""Frames_for_Analysis/2325_20250717_0001_R_1273.jpg"",""2325_20250717_0001_R_1273.jpg"")","",""
2325,2326,145.724455891149,-16.8370411961223,"","=HYPERLINK(""Frames_for_Analysis/2326_20250717_0001_R_1270.jpg"",""2326_20250717_0001_R_1270.jpg"")","",""
2326,2327,145.724511028666,-16.8369733168759,"","=HYPERLINK(""Frames_for_Analysis/2327_20250717_0001_R_1266.jpg"",""2327_20250717_0001_R_1266.jpg"")","",""
2327,2328,145.724565966097,-16.836905325076,"","=HYPERLINK(""Frames_for_Analysis/2328_20250717_0001_R_1263.jpg"",""2328_20250717_0001_R_1263.jpg"")","",""
2328,2329,145.72460108404,-16.836826186681,"","=HYPERLINK(""Frames_for_Analysis/2329_20250717_0001_R_1260.jpg"",""2329_20250717_0001_R_1260.jpg"")","",""
2329,2330,145.724636202305,-16.8367470483836,"50","=HYPERLINK(""Frames_for_Analysis/2330_20250717_0001_R_1256.jpg"",""2330_20250717_0001_R_1256.jpg"")","",""
2330,2331,145.724671320976,-16.8366679102183,"","=HYPERLINK(""Frames_for_Analysis/2331_20250717_0001_R_1253.jpg"",""2331_20250717_0001_R_1253.jpg"")","",""
2331,2332,145.72470415791,-16.8365879356851,"","=HYPERLINK(""Frames_for_Analysis/2332_20250717_0001_R_1250.jpg"",""2332_20250717_0001_R_1250.jpg"")","",""
2332,2333,145.724733249509,-16.8365065883236,"","=HYPERLINK(""Frames_for_Analysis/2333_20250717_0001_R_1246.jpg"",""2333_20250717_0001_R_1246.jpg"")","",""
2333,2334,145.724762341109,-16.8364252409273,"","=HYPERLINK(""Frames_for_Analysis/2334_20250717_0001_R_1243.jpg"",""2334_20250717_0001_R_1243.jpg"")","",""
2334,2335,145.724791432708,-16.8363438934959,"50","=HYPERLINK(""Frames_for_Analysis/2335_20250717_0001_R_1240.jpg"",""2335_20250717_0001_R_1240.jpg"")","",""
2335,2336,145.724813456443,-16.8362607130005,"","=HYPERLINK(""Frames_for_Analysis/2336_20250717_0001_R_1236.jpg"",""2336_20250717_0001_R_1236.jpg"")","",""
2336,2337,145.724831252435,-16.8361764360159,"","=HYPERLINK(""Frames_for_Analysis/2337_20250717_0001_R_1233.jpg"",""2337_20250717_0001_R_1233.jpg"")","",""
2337,2338,145.724849048427,-16.8360921589939,"","=HYPERLINK(""Frames_for_Analysis/2338_20250717_0001_R_1230.jpg"",""2338_20250717_0001_R_1230.jpg"")","",""
2338,2339,145.724866844419,-16.8360078819343,"","=HYPERLINK(""Frames_for_Analysis/2339_20250717_0001_R_1226.jpg"",""2339_20250717_0001_R_1226.jpg"")","",""
2339,2340,145.724884640411,-16.8359236048372,"50","=HYPERLINK(""Frames_for_Analysis/2340_20250717_0001_R_1223.jpg"",""2340_20250717_0001_R_1223.jpg"")","",""
2340,2341,145.72489859062,-16.8358387242109,"","=HYPERLINK(""Frames_for_Analysis/2341_20250717_0001_R_1220.jpg"",""2341_20250717_0001_R_1220.jpg"")","",""
2341,2342,145.724909842523,-16.8357534201203,"","=HYPERLINK(""Frames_for_Analysis/2342_20250717_0001_R_1217.jpg"",""2342_20250717_0001_R_1217.jpg"")","",""
2342,2343,145.724921094426,-16.8356681159912,"","=HYPERLINK(""Frames_for_Analysis/2343_20250717_0001_R_1213.jpg"",""2343_20250717_0001_R_1213.jpg"")","",""
2343,2344,145.724932474168,-16.8355828279645,"","=HYPERLINK(""Frames_for_Analysis/2344_20250717_0001_R_1211.jpg"",""2344_20250717_0001_R_1211.jpg"")","",""
2344,2345,145.72494471811,-16.8354976490119,"50","=HYPERLINK(""Frames_for_Analysis/2345_20250717_0001_R_1208.jpg"",""2345_20250717_0001_R_1208.jpg"")","",""
2345,2346,145.724956962051,-16.8354124700209,"","=HYPERLINK(""Frames_for_Analysis/2346_20250717_0001_R_1205.jpg"",""2346_20250717_0001_R_1205.jpg"")","",""
2346,2347,145.724969205992,-16.8353272909915,"","=HYPERLINK(""Frames_for_Analysis/2347_20250717_0001_R_1202.jpg"",""2347_20250717_0001_R_1202.jpg"")","",""
2347,2348,145.724984233242,-16.8352426085195,"","=HYPERLINK(""Frames_for_Analysis/2348_20250717_0001_R_1199.jpg"",""2348_20250717_0001_R_1199.jpg"")","",""
2348,2349,145.725004875619,-16.8351589278563,"","=HYPERLINK(""Frames_for_Analysis/2349_20250717_0001_R_1196.jpg"",""2349_20250717_0001_R_1196.jpg"")","",""
2349,2350,145.725025517996,-16.835075247156,"50","=HYPERLINK(""Frames_for_Analysis/2350_20250717_0001_R_1193.jpg"",""2350_20250717_0001_R_1193.jpg"")","",""
2350,2351,145.725046160372,-16.8349915664188,"","=HYPERLINK(""Frames_for_Analysis/2351_20250717_0001_R_1190.jpg"",""2351_20250717_0001_R_1190.jpg"")","",""
2351,2352,145.725066802749,-16.8349078856446,"","=HYPERLINK(""Frames_for_Analysis/2352_20250717_0001_R_1187.jpg"",""2352_20250717_0001_R_1187.jpg"")","",""
2352,2353,145.725092775,-16.834825591519,"","=HYPERLINK(""Frames_for_Analysis/2353_20250717_0001_R_1184.jpg"",""2353_20250717_0001_R_1184.jpg"")","",""
2353,2354,145.725119231119,-16.8347434232015,"","=HYPERLINK(""Frames_for_Analysis/2354_20250717_0001_R_1182.jpg"",""2354_20250717_0001_R_1182.jpg"")","",""
2354,2355,145.725146753941,-16.8346616851194,"50","=HYPERLINK(""Frames_for_Analysis/2355_20250717_0001_R_1179.jpg"",""2355_20250717_0001_R_1179.jpg"")","",""
2355,2356,145.725189721917,-16.8345861770423,"","=HYPERLINK(""Frames_for_Analysis/2356_20250717_0001_R_1176.jpg"",""2356_20250717_0001_R_1176.jpg"")","",""
2356,2357,145.725232689894,-16.8345106689352,"","=HYPERLINK(""Frames_for_Analysis/2357_20250717_0001_R_1173.jpg"",""2357_20250717_0001_R_1173.jpg"")","",""
2357,2358,145.725276579576,-16.8344357082269,"","=HYPERLINK(""Frames_for_Analysis/2358_20250717_0001_R_1170.jpg"",""2358_20250717_0001_R_1170.jpg"")","",""
2358,2359,145.725328188887,-16.8343653324108,"","=HYPERLINK(""Frames_for_Analysis/2359_20250717_0001_R_1167.jpg"",""2359_20250717_0001_R_1167.jpg"")","",""
2359,2360,145.725379798198,-16.8342949565685,"50","=HYPERLINK(""Frames_for_Analysis/2360_20250717_0001_R_1164.jpg"",""2360_20250717_0001_R_1164.jpg"")","",""
2360,2361,145.72543140751,-16.8342245807001,"","=HYPERLINK(""Frames_for_Analysis/2361_20250717_0001_R_1161.jpg"",""2361_20250717_0001_R_1161.jpg"")","",""
2361,2362,145.725483016821,-16.8341542048055,"","=HYPERLINK(""Frames_for_Analysis/2362_20250717_0001_R_1158.jpg"",""2362_20250717_0001_R_1158.jpg"")","",""
2362,2363,145.725543795254,-16.8340915321444,"","=HYPERLINK(""Frames_for_Analysis/2363_20250717_0001_R_1155.jpg"",""2363_20250717_0001_R_1155.jpg"")","",""
2363,2364,145.725610009298,-16.8340334260861,"","=HYPERLINK(""Frames_for_Analysis/2364_20250717_0001_R_1152.jpg"",""2364_20250717_0001_R_1152.jpg"")","",""
2364,2365,145.725676223341,-16.8339753200099,"50","=HYPERLINK(""Frames_for_Analysis/2365_20250717_0001_R_1149.jpg"",""2365_20250717_0001_R_1149.jpg"")","",""
2365,2366,145.725742437385,-16.833917213916,"","=HYPERLINK(""Frames_for_Analysis/2366_20250717_0001_R_1146.jpg"",""2366_20250717_0001_R_1146.jpg"")","",""
2366,2367,145.725820454027,-16.8338746790622,"","=HYPERLINK(""Frames_for_Analysis/2367_20250717_0001_R_1144.jpg"",""2367_20250717_0001_R_1144.jpg"")","",""
2367,2368,145.725893605399,-16.8338255242562,"","=HYPERLINK(""Frames_for_Analysis/2368_20250717_0001_R_1141.jpg"",""2368_20250717_0001_R_1141.jpg"")","",""
2368,2369,145.725968210928,-16.8337809078614,"","=HYPERLINK(""Frames_for_Analysis/2369_20250717_0001_R_1139.jpg"",""2369_20250717_0001_R_1139.jpg"")","",""
2369,2370,145.726054245111,-16.8337561729572,"50","=HYPERLINK(""Frames_for_Analysis/2370_20250717_0001_R_1136.jpg"",""2370_20250717_0001_R_1136.jpg"")","",""
2370,2371,145.726140304212,-16.8337315181723,"","=HYPERLINK(""Frames_for_Analysis/2371_20250717_0001_R_1133.jpg"",""2371_20250717_0001_R_1133.jpg"")","",""
2371,2372,145.726226418984,-16.8337070460436,"","=HYPERLINK(""Frames_for_Analysis/2372_20250717_0001_R_1131.jpg"",""2372_20250717_0001_R_1131.jpg"")","",""
2372,2373,145.726313227151,-16.8336877933977,"","=HYPERLINK(""Frames_for_Analysis/2373_20250717_0001_R_1128.jpg"",""2373_20250717_0001_R_1128.jpg"")","",""
2373,2374,145.726403058165,-16.8336880843722,"","=HYPERLINK(""Frames_for_Analysis/2374_20250717_0001_R_1125.jpg"",""2374_20250717_0001_R_1125.jpg"")","",""
2374,2375,145.726492889179,-16.8336883753466,"50","=HYPERLINK(""Frames_for_Analysis/2375_20250717_0001_R_1122.jpg"",""2375_20250717_0001_R_1122.jpg"")","",""
2375,2376,145.726582720193,-16.8336886663211,"","=HYPERLINK(""Frames_for_Analysis/2376_20250717_0001_R_1119.jpg"",""2376_20250717_0001_R_1119.jpg"")","",""
2376,2377,145.726671990228,-16.8336944967519,"","=HYPERLINK(""Frames_for_Analysis/2377_20250717_0001_R_1116.jpg"",""2377_20250717_0001_R_1116.jpg"")","",""
2377,2378,145.726760207335,-16.8337107244749,"","=HYPERLINK(""Frames_for_Analysis/2378_20250717_0001_R_1113.jpg"",""2378_20250717_0001_R_1113.jpg"")","",""
2378,2379,145.726848204819,-16.8336955285379,"","=HYPERLINK(""Frames_for_Analysis/2379_20250717_0001_R_1110.jpg"",""2379_20250717_0001_R_1110.jpg"")","",""
2379,2380,145.726929213365,-16.8336584769718,"50","=HYPERLINK(""Frames_for_Analysis/2380_20250717_0001_R_1107.jpg"",""2380_20250717_0001_R_1107.jpg"")","",""
2380,2381,145.72701018209,-16.8336213357094,"","=HYPERLINK(""Frames_for_Analysis/2381_20250717_0001_R_1105.jpg"",""2381_20250717_0001_R_1105.jpg"")","",""
2381,2382,145.727098962076,-16.8336082183053,"","=HYPERLINK(""Frames_for_Analysis/2382_20250717_0001_R_1103.jpg"",""2382_20250717_0001_R_1103.jpg"")","",""
2382,2383,145.727184305689,-16.8336341610158,"","=HYPERLINK(""Frames_for_Analysis/2383_20250717_0001_R_1100.jpg"",""2383_20250717_0001_R_1100.jpg"")","",""
2383,2384,145.727266613021,-16.8336678607862,"","=HYPERLINK(""Frames_for_Analysis/2384_20250717_0001_R_1098.jpg"",""2384_20250717_0001_R_1098.jpg"")","",""
2384,2385,145.727345986797,-16.8337081237644,"50","=HYPERLINK(""Frames_for_Analysis/2385_20250717_0001_R_1097.jpg"",""2385_20250717_0001_R_1097.jpg"")","",""
2385,2386,145.727425360573,-16.833748386734,"","=HYPERLINK(""Frames_for_Analysis/2386_20250717_0001_R_1095.jpg"",""2386_20250717_0001_R_1095.jpg"")","",""
2386,2387,145.727481525823,-16.8338154453634,"","=HYPERLINK(""Frames_for_Analysis/2387_20250717_0001_R_1092.jpg"",""2387_20250717_0001_R_1092.jpg"")","",""
2387,2388,145.727537574343,-16.8338826387402,"","=HYPERLINK(""Frames_for_Analysis/2388_20250717_0001_R_1090.jpg"",""2388_20250717_0001_R_1090.jpg"")","",""
2388,2389,145.727579565311,-16.8339579700303,"","=HYPERLINK(""Frames_for_Analysis/2389_20250717_0001_R_1088.jpg"",""2389_20250717_0001_R_1088.jpg"")","",""
2389,2390,145.727615714612,-16.8340366830393,"50","=HYPERLINK(""Frames_for_Analysis/2390_20250717_0001_R_1086.jpg"",""2390_20250717_0001_R_1086.jpg"")","",""
2390,2391,145.727634711963,-16.8341205100663,"","=HYPERLINK(""Frames_for_Analysis/2391_20250717_0001_R_1084.jpg"",""2391_20250717_0001_R_1084.jpg"")","",""
2391,2392,145.727651661232,-16.8342049477153,"","=HYPERLINK(""Frames_for_Analysis/2392_20250717_0001_R_1082.jpg"",""2392_20250717_0001_R_1082.jpg"")","",""
2392,2393,145.727654872219,-16.8342905946968,"","=HYPERLINK(""Frames_for_Analysis/2393_20250717_0001_R_1080.jpg"",""2393_20250717_0001_R_1080.jpg"")","",""
2393,2394,145.727654298089,-16.8343765748403,"","=HYPERLINK(""Frames_for_Analysis/2394_20250717_0001_R_1077.jpg"",""2394_20250717_0001_R_1077.jpg"")","",""
2394,2395,145.727642778919,-16.8344613949184,"50","=HYPERLINK(""Frames_for_Analysis/2395_20250717_0001_R_1075.jpg"",""2395_20250717_0001_R_1075.jpg"")","",""
2395,2396,145.7276236861,-16.8345454122545,"","=HYPERLINK(""Frames_for_Analysis/2396_20250717_0001_R_1072.jpg"",""2396_20250717_0001_R_1072.jpg"")","",""
2396,2397,145.727594808188,-16.8346262208611,"","=HYPERLINK(""Frames_for_Analysis/2397_20250717_0001_R_1069.jpg"",""2397_20250717_0001_R_1069.jpg"")","",""
2397,2398,145.727556062638,-16.8347037937776,"","=HYPERLINK(""Frames_for_Analysis/2398_20250717_0001_R_1066.jpg"",""2398_20250717_0001_R_1066.jpg"")","",""
2398,2399,145.727517317142,-16.8347813666876,"","=HYPERLINK(""Frames_for_Analysis/2399_20250717_0001_R_1064.jpg"",""2399_20250717_0001_R_1064.jpg"")","",""
2399,2400,145.727478571647,-16.8348589395658,"50","=HYPERLINK(""Frames_for_Analysis/2400_20250717_0001_R_1061.jpg"",""2400_20250717_0001_R_1061.jpg"")","",""
2400,2401,145.72743811265,-16.8349356377118,"","=HYPERLINK(""Frames_for_Analysis/2401_20250717_0001_R_1058.jpg"",""2401_20250717_0001_R_1058.jpg"")","",""
2401,2402,145.727392394215,-16.8350096510919,"","=HYPERLINK(""Frames_for_Analysis/2402_20250717_0001_R_1055.jpg"",""2402_20250717_0001_R_1055.jpg"")","",""
2402,2403,145.72734667558,-16.8350836643304,"","=HYPERLINK(""Frames_for_Analysis/2403_20250717_0001_R_1052.jpg"",""2403_20250717_0001_R_1052.jpg"")","",""
2403,2404,145.727308885062,-16.8351611587708,"","=HYPERLINK(""Frames_for_Analysis/2404_20250717_0001_R_1049.jpg"",""2404_20250717_0001_R_1049.jpg"")","",""
2404,2405,145.727280089494,-16.8352426031459,"50","=HYPERLINK(""Frames_for_Analysis/2405_20250717_0001_R_1046.jpg"",""2405_20250717_0001_R_1046.jpg"")","",""
2405,2406,145.727251293903,-16.8353240474789,"","=HYPERLINK(""Frames_for_Analysis/2406_20250717_0001_R_1042.jpg"",""2406_20250717_0001_R_1042.jpg"")","",""
2406,2407,145.72722970053,-16.8354072976734,"","=HYPERLINK(""Frames_for_Analysis/2407_20250717_0001_R_1039.jpg"",""2407_20250717_0001_R_1039.jpg"")","",""
2407,2408,145.727213078079,-16.8354917942481,"","=HYPERLINK(""Frames_for_Analysis/2408_20250717_0001_R_1035.jpg"",""2408_20250717_0001_R_1035.jpg"")","",""
2408,2409,145.727196455627,-16.8355762907851,"","=HYPERLINK(""Frames_for_Analysis/2409_20250717_0001_R_1032.jpg"",""2409_20250717_0001_R_1032.jpg"")","",""
2409,2410,145.727179833176,-16.8356607872844,"50","=HYPERLINK(""Frames_for_Analysis/2410_20250717_0001_R_1028.jpg"",""2410_20250717_0001_R_1028.jpg"")","",""
2410,2411,145.727167196632,-16.8357458725451,"","=HYPERLINK(""Frames_for_Analysis/2411_20250717_0001_R_1025.jpg"",""2411_20250717_0001_R_1025.jpg"")","",""
2411,2412,145.727156430114,-16.8358312340081,"","=HYPERLINK(""Frames_for_Analysis/2412_20250717_0001_R_1022.jpg"",""2412_20250717_0001_R_1022.jpg"")","",""
2412,2413,145.727145663596,-16.8359165954325,"","=HYPERLINK(""Frames_for_Analysis/2413_20250717_0001_R_1019.jpg"",""2413_20250717_0001_R_1019.jpg"")","",""
2413,2414,145.727136244742,-16.8360019429813,"","=HYPERLINK(""Frames_for_Analysis/2414_20250717_0001_R_1015.jpg"",""2414_20250717_0001_R_1015.jpg"")","",""
2414,2415,145.727148921985,-16.836087063618,"50","=HYPERLINK(""Frames_for_Analysis/2415_20250717_0001_R_1011.jpg"",""2415_20250717_0001_R_1011.jpg"")","",""
2415,2416,145.727164077608,-16.8361717572221,"","=HYPERLINK(""Frames_for_Analysis/2416_20250717_0001_R_1008.jpg"",""2416_20250717_0001_R_1008.jpg"")","",""
2416,2417,145.727183207552,-16.8362557660624,"","=HYPERLINK(""Frames_for_Analysis/2417_20250717_0001_R_1004.jpg"",""2417_20250717_0001_R_1004.jpg"")","",""
2417,2418,145.727202337497,-16.8363397748653,"","=HYPERLINK(""Frames_for_Analysis/2418_20250717_0001_R_1000.jpg"",""2418_20250717_0001_R_1000.jpg"")","",""
2418,2419,145.727221467441,-16.836423783631,"","=HYPERLINK(""Frames_for_Analysis/2419_20250717_0001_R_0996.jpg"",""2419_20250717_0001_R_0996.jpg"")","",""
2419,2420,145.727240597385,-16.8365077923593,"50","=HYPERLINK(""Frames_for_Analysis/2420_20250717_0001_R_0993.jpg"",""2420_20250717_0001_R_0993.jpg"")","",""
2420,2421,145.727259727329,-16.8365918010504,"","=HYPERLINK(""Frames_for_Analysis/2421_20250717_0001_R_0988.jpg"",""2421_20250717_0001_R_0988.jpg"")","",""
2421,2422,145.72729958039,-16.8366683400551,"","=HYPERLINK(""Frames_for_Analysis/2422_20250717_0001_R_0985.jpg"",""2422_20250717_0001_R_0985.jpg"")","",""
2422,2423,145.72734309942,-16.8367435576304,"","=HYPERLINK(""Frames_for_Analysis/2423_20250717_0001_R_0982.jpg"",""2423_20250717_0001_R_0982.jpg"")","",""
2423,2424,145.72738661845,-16.8368187751758,"","=HYPERLINK(""Frames_for_Analysis/2424_20250717_0001_R_0977.jpg"",""2424_20250717_0001_R_0977.jpg"")","",""
2424,2425,145.727430137481,-16.8368939926913,"50","=HYPERLINK(""Frames_for_Analysis/2425_20250717_0001_R_0970.jpg"",""2425_20250717_0001_R_0970.jpg"")","",""
2425,2426,145.727475865638,-16.8369677466234,"","=HYPERLINK(""Frames_for_Analysis/2426_20250717_0001_R_0962.jpg"",""2426_20250717_0001_R_0962.jpg"")","",""
2426,2427,145.727534091356,-16.837033220858,"","=HYPERLINK(""Frames_for_Analysis/2427_20250717_0001_R_0952.jpg"",""2427_20250717_0001_R_0952.jpg"")","",""
2427,2428,145.727592317074,-16.8370986950699,"","=HYPERLINK(""Frames_for_Analysis/2428_20250717_0001_R_0947.jpg"",""2428_20250717_0001_R_0947.jpg"")","",""
2428,2429,145.72765054285,-16.8371641692119,"","=HYPERLINK(""Frames_for_Analysis/2429_20250717_0001_R_0941.jpg"",""2429_20250717_0001_R_0941.jpg"")","",""
2429,2430,145.727717997806,-16.8372186192301,"50","=HYPERLINK(""Frames_for_Analysis/2430_20250717_0001_R_0934.jpg"",""2430_20250717_0001_R_0934.jpg"")","",""
2430,2431,145.727797451323,-16.8372587371081,"","=HYPERLINK(""Frames_for_Analysis/2431_20250717_0001_R_0927.jpg"",""2431_20250717_0001_R_0927.jpg"")","",""
2431,2432,145.72787690484,-16.8372988549775,"","=HYPERLINK(""Frames_for_Analysis/2432_20250717_0001_R_0923.jpg"",""2432_20250717_0001_R_0923.jpg"")","",""
2432,2433,145.727960874778,-16.8373273838301,"","=HYPERLINK(""Frames_for_Analysis/2433_20250717_0001_R_0914.jpg"",""2433_20250717_0001_R_0914.jpg"")","",""
2433,2434,145.728048369016,-16.8373468694198,"","=HYPERLINK(""Frames_for_Analysis/2434_20250717_0001_R_0911.jpg"",""2434_20250717_0001_R_0911.jpg"")","",""
2434,2435,145.728137369603,-16.8373537614169,"50","=HYPERLINK(""Frames_for_Analysis/2435_20250717_0001_R_0908.jpg"",""2435_20250717_0001_R_0908.jpg"")","",""
2435,2436,145.728224060277,-16.8373391224675,"","=HYPERLINK(""Frames_for_Analysis/2436_20250717_0001_R_0906.jpg"",""2436_20250717_0001_R_0906.jpg"")","",""
2436,2437,145.728298337651,-16.8372938466378,"","=HYPERLINK(""Frames_for_Analysis/2437_20250717_0001_R_0880.jpg"",""2437_20250717_0001_R_0880.jpg"")","",""
2437,2438,145.728353940789,-16.8372268574462,"","=HYPERLINK(""Frames_for_Analysis/2438_20250717_0001_R_0873.jpg"",""2438_20250717_0001_R_0873.jpg"")","",""
2438,2439,145.728398570502,-16.8371523367827,"","=HYPERLINK(""Frames_for_Analysis/2439_20250717_0001_R_0865.jpg"",""2439_20250717_0001_R_0865.jpg"")","",""
2439,2440,145.728439061561,-16.8370755859043,"50","=HYPERLINK(""Frames_for_Analysis/2440_20250717_0001_R_0862.jpg"",""2440_20250717_0001_R_0862.jpg"")","",""
2440,2441,145.72847955262,-16.8369988349948,"","=HYPERLINK(""Frames_for_Analysis/2441_20250717_0001_R_0858.jpg"",""2441_20250717_0001_R_0858.jpg"")","",""
2441,2442,145.72852004368,-16.8369220840542,"","=HYPERLINK(""Frames_for_Analysis/2442_20250717_0001_R_0855.jpg"",""2442_20250717_0001_R_0855.jpg"")","",""
2442,2443,145.728560534739,-16.8368453330824,"","=HYPERLINK(""Frames_for_Analysis/2443_20250717_0001_R_0852.jpg"",""2443_20250717_0001_R_0852.jpg"")","",""
2443,2444,145.728580732252,-16.8367622024102,"","=HYPERLINK(""Frames_for_Analysis/2444_20250717_0001_R_0848.jpg"",""2444_20250717_0001_R_0848.jpg"")","",""
2444,2445,145.72859567378,-16.8366774192703,"50","=HYPERLINK(""Frames_for_Analysis/2445_20250717_0001_R_0845.jpg"",""2445_20250717_0001_R_0845.jpg"")","",""
2445,2446,145.728610616125,-16.8365926362244,"","=HYPERLINK(""Frames_for_Analysis/2446_20250717_0001_R_0842.jpg"",""2446_20250717_0001_R_0842.jpg"")","",""
2446,2447,145.728625558471,-16.8365078531404,"","=HYPERLINK(""Frames_for_Analysis/2447_20250717_0001_R_0839.jpg"",""2447_20250717_0001_R_0839.jpg"")","",""
2447,2448,145.728640500817,-16.8364230700186,"","=HYPERLINK(""Frames_for_Analysis/2448_20250717_0001_R_0836.jpg"",""2448_20250717_0001_R_0836.jpg"")","",""
2448,2449,145.728655443162,-16.8363382868587,"","=HYPERLINK(""Frames_for_Analysis/2449_20250717_0001_R_0833.jpg"",""2449_20250717_0001_R_0833.jpg"")","",""
2449,2450,145.728676715435,-16.8362547814535,"50","=HYPERLINK(""Frames_for_Analysis/2450_20250717_0001_R_0830.jpg"",""2450_20250717_0001_R_0830.jpg"")","",""
2450,2451,145.72869881861,-16.8361714437419,"","=HYPERLINK(""Frames_for_Analysis/2451_20250717_0001_R_0827.jpg"",""2451_20250717_0001_R_0827.jpg"")","",""
2451,2452,145.728720921785,-16.8360881059935,"","=HYPERLINK(""Frames_for_Analysis/2452_20250717_0001_R_0824.jpg"",""2452_20250717_0001_R_0824.jpg"")","",""
2452,2453,145.728743024959,-16.8360047682085,"","=HYPERLINK(""Frames_for_Analysis/2453_20250717_0001_R_0821.jpg"",""2453_20250717_0001_R_0821.jpg"")","",""
2453,2454,145.728765128134,-16.8359214303868,"","=HYPERLINK(""Frames_for_Analysis/2454_20250717_0001_R_0818.jpg"",""2454_20250717_0001_R_0818.jpg"")","",""
2454,2455,145.728787231309,-16.8358380925284,"50","=HYPERLINK(""Frames_for_Analysis/2455_20250717_0001_R_0815.jpg"",""2455_20250717_0001_R_0815.jpg"")","",""
2455,2456,145.728809334484,-16.8357547546333,"","=HYPERLINK(""Frames_for_Analysis/2456_20250717_0001_R_0812.jpg"",""2456_20250717_0001_R_0812.jpg"")","",""
2456,2457,145.728831628174,-16.8356714636175,"","=HYPERLINK(""Frames_for_Analysis/2457_20250717_0001_R_0809.jpg"",""2457_20250717_0001_R_0809.jpg"")","",""
2457,2458,145.728854291452,-16.8355882635787,"","=HYPERLINK(""Frames_for_Analysis/2458_20250717_0001_R_0806.jpg"",""2458_20250717_0001_R_0806.jpg"")","",""
2458,2459,145.728876954729,-16.8355050635033,"","=HYPERLINK(""Frames_for_Analysis/2459_20250717_0001_R_0802.jpg"",""2459_20250717_0001_R_0802.jpg"")","",""
2459,2460,145.728899618007,-16.8354218633914,"50","=HYPERLINK(""Frames_for_Analysis/2460_20250717_0001_R_0799.jpg"",""2460_20250717_0001_R_0799.jpg"")","",""
2460,2461,145.728922281284,-16.8353386632429,"","=HYPERLINK(""Frames_for_Analysis/2461_20250717_0001_R_0796.jpg"",""2461_20250717_0001_R_0796.jpg"")","",""
2461,2462,145.728944944561,-16.8352554630579,"","=HYPERLINK(""Frames_for_Analysis/2462_20250717_0001_R_0793.jpg"",""2462_20250717_0001_R_0793.jpg"")","",""
2462,2463,145.728967607988,-16.8351722628735,"","=HYPERLINK(""Frames_for_Analysis/2463_20250717_0001_R_0790.jpg"",""2463_20250717_0001_R_0790.jpg"")","",""
2463,2464,145.728990271451,-16.8350890626617,"","=HYPERLINK(""Frames_for_Analysis/2464_20250717_0001_R_0787.jpg"",""2464_20250717_0001_R_0787.jpg"")","",""
2464,2465,145.729012934915,-16.8350058624134,"50","=HYPERLINK(""Frames_for_Analysis/2465_20250717_0001_R_0784.jpg"",""2465_20250717_0001_R_0784.jpg"")","",""
2465,2466,145.729041267498,-16.8349244213962,"","=HYPERLINK(""Frames_for_Analysis/2466_20250717_0001_R_0782.jpg"",""2466_20250717_0001_R_0782.jpg"")","",""
2466,2467,145.729073920018,-16.8348443209268,"","=HYPERLINK(""Frames_for_Analysis/2467_20250717_0001_R_0779.jpg"",""2467_20250717_0001_R_0779.jpg"")","",""
2467,2468,145.729106572537,-16.8347642204234,"","=HYPERLINK(""Frames_for_Analysis/2468_20250717_0001_R_0776.jpg"",""2468_20250717_0001_R_0776.jpg"")","",""
2468,2469,145.729139225056,-16.8346841198862,"","=HYPERLINK(""Frames_for_Analysis/2469_20250717_0001_R_0773.jpg"",""2469_20250717_0001_R_0773.jpg"")","",""
2469,2470,145.729171877575,-16.834604019315,"50","=HYPERLINK(""Frames_for_Analysis/2470_20250717_0001_R_0770.jpg"",""2470_20250717_0001_R_0770.jpg"")","",""
2470,2471,145.729204530094,-16.83452391871,"","=HYPERLINK(""Frames_for_Analysis/2471_20250717_0001_R_0766.jpg"",""2471_20250717_0001_R_0766.jpg"")","",""
2471,2472,145.729238754197,-16.8344444330931,"","=HYPERLINK(""Frames_for_Analysis/2472_20250717_0001_R_0763.jpg"",""2472_20250717_0001_R_0763.jpg"")","",""
2472,2473,145.729274086326,-16.8343653810561,"","=HYPERLINK(""Frames_for_Analysis/2473_20250717_0001_R_0760.jpg"",""2473_20250717_0001_R_0760.jpg"")","",""
2473,2474,145.729309418454,-16.8342863289861,"","=HYPERLINK(""Frames_for_Analysis/2474_20250717_0001_R_0757.jpg"",""2474_20250717_0001_R_0757.jpg"")","",""
2474,2475,145.729342932564,-16.8342066840138,"50","=HYPERLINK(""Frames_for_Analysis/2475_20250717_0001_R_0754.jpg"",""2475_20250717_0001_R_0754.jpg"")","",""
2475,2476,145.72936537569,-16.834123428678,"","=HYPERLINK(""Frames_for_Analysis/2476_20250717_0001_R_0751.jpg"",""2476_20250717_0001_R_0751.jpg"")","",""
2476,2477,145.729387818817,-16.8340401733057,"","=HYPERLINK(""Frames_for_Analysis/2477_20250717_0001_R_0748.jpg"",""2477_20250717_0001_R_0748.jpg"")","",""
2477,2478,145.729416299574,-16.8339592735633,"","=HYPERLINK(""Frames_for_Analysis/2478_20250717_0001_R_0745.jpg"",""2478_20250717_0001_R_0745.jpg"")","",""
2478,2479,145.729461061762,-16.8338847262179,"","=HYPERLINK(""Frames_for_Analysis/2479_20250717_0001_R_0742.jpg"",""2479_20250717_0001_R_0742.jpg"")","",""
2479,2480,145.729505823951,-16.8338101788432,"50","=HYPERLINK(""Frames_for_Analysis/2480_20250717_0001_R_0739.jpg"",""2480_20250717_0001_R_0739.jpg"")","",""
2480,2481,145.729550586139,-16.8337356314392,"","=HYPERLINK(""Frames_for_Analysis/2481_20250717_0001_R_0736.jpg"",""2481_20250717_0001_R_0736.jpg"")","",""
2481,2482,145.729595348328,-16.8336610840058,"","=HYPERLINK(""Frames_for_Analysis/2482_20250717_0001_R_0733.jpg"",""2482_20250717_0001_R_0733.jpg"")","",""
2482,2483,145.729640110516,-16.8335865365431,"","=HYPERLINK(""Frames_for_Analysis/2483_20250717_0001_R_0730.jpg"",""2483_20250717_0001_R_0730.jpg"")","",""
2483,2484,145.729666667556,-16.8335050586932,"","=HYPERLINK(""Frames_for_Analysis/2484_20250717_0001_R_0727.jpg"",""2484_20250717_0001_R_0727.jpg"")","",""
2484,2485,145.729687782015,-16.8334215246342,"50","=HYPERLINK(""Frames_for_Analysis/2485_20250717_0001_R_0724.jpg"",""2485_20250717_0001_R_0724.jpg"")","",""
2485,2486,145.729745290787,-16.8333554712023,"","=HYPERLINK(""Frames_for_Analysis/2486_20250717_0001_R_0721.jpg"",""2486_20250717_0001_R_0721.jpg"")","",""
2486,2487,145.729802799558,-16.8332894177473,"","=HYPERLINK(""Frames_for_Analysis/2487_20250717_0001_R_0718.jpg"",""2487_20250717_0001_R_0718.jpg"")","",""
2487,2488,145.729848824253,-16.8332156587007,"","=HYPERLINK(""Frames_for_Analysis/2488_20250717_0001_R_0715.jpg"",""2488_20250717_0001_R_0715.jpg"")","",""
2488,2489,145.729895913333,-16.8331427358871,"","=HYPERLINK(""Frames_for_Analysis/2489_20250717_0001_R_0712.jpg"",""2489_20250717_0001_R_0712.jpg"")","",""
2489,2490,145.729959433615,-16.8330819369185,"50","=HYPERLINK(""Frames_for_Analysis/2490_20250717_0001_R_0709.jpg"",""2490_20250717_0001_R_0709.jpg"")","",""
2490,2491,145.730018950774,-16.8330176703973,"","=HYPERLINK(""Frames_for_Analysis/2491_20250717_0001_R_0707.jpg"",""2491_20250717_0001_R_0707.jpg"")","",""
2491,2492,145.730075835373,-16.8329511235107,"","=HYPERLINK(""Frames_for_Analysis/2492_20250717_0001_R_0704.jpg"",""2492_20250717_0001_R_0704.jpg"")","",""
2492,2493,145.730135281533,-16.832886691565,"","=HYPERLINK(""Frames_for_Analysis/2493_20250717_0001_R_0701.jpg"",""2493_20250717_0001_R_0701.jpg"")","",""
2493,2494,145.730195708831,-16.8328230696782,"","=HYPERLINK(""Frames_for_Analysis/2494_20250717_0001_R_0697.jpg"",""2494_20250717_0001_R_0697.jpg"")","",""
2494,2495,145.73025119821,-16.8327555416995,"50","=HYPERLINK(""Frames_for_Analysis/2495_20250717_0001_R_0694.jpg"",""2495_20250717_0001_R_0694.jpg"")","",""
2495,2496,145.730305097258,-16.8326867556886,"","=HYPERLINK(""Frames_for_Analysis/2496_20250717_0001_R_0691.jpg"",""2496_20250717_0001_R_0691.jpg"")","",""
2496,2497,145.730360335045,-16.832619126667,"","=HYPERLINK(""Frames_for_Analysis/2497_20250717_0001_R_0688.jpg"",""2497_20250717_0001_R_0688.jpg"")","",""
2497,2498,145.730426343479,-16.832560806233,"","=HYPERLINK(""Frames_for_Analysis/2498_20250717_0001_R_0684.jpg"",""2498_20250717_0001_R_0684.jpg"")","",""
2498,2499,145.730492351914,-16.8325024857809,"","=HYPERLINK(""Frames_for_Analysis/2499_20250717_0001_R_0681.jpg"",""2499_20250717_0001_R_0681.jpg"")","",""
2499,2500,145.730561218099,-16.8324473228557,"50","=HYPERLINK(""Frames_for_Analysis/2500_20250717_0001_R_0679.jpg"",""2500_20250717_0001_R_0679.jpg"")","",""
2500,2501,145.730630937574,-16.8323931027179,"","=HYPERLINK(""Frames_for_Analysis/2501_20250717_0001_R_0676.jpg"",""2501_20250717_0001_R_0676.jpg"")","",""
2501,2502,145.730700748883,-16.8323389951447,"","=HYPERLINK(""Frames_for_Analysis/2502_20250717_0001_R_0673.jpg"",""2502_20250717_0001_R_0673.jpg"")","",""
2502,2503,145.730772614028,-16.8322874053561,"","=HYPERLINK(""Frames_for_Analysis/2503_20250717_0001_R_0670.jpg"",""2503_20250717_0001_R_0670.jpg"")","",""
2503,2504,145.730844407382,-16.8322357260449,"","=HYPERLINK(""Frames_for_Analysis/2504_20250717_0001_R_0666.jpg"",""2504_20250717_0001_R_0666.jpg"")","",""
2504,2505,145.730915043777,-16.8321826042417,"50","=HYPERLINK(""Frames_for_Analysis/2505_20250717_0001_R_0663.jpg"",""2505_20250717_0001_R_0663.jpg"")","",""
2505,2506,145.730985680171,-16.8321294824236,"","=HYPERLINK(""Frames_for_Analysis/2506_20250717_0001_R_0660.jpg"",""2506_20250717_0001_R_0660.jpg"")","",""
2506,2507,145.731054868117,-16.8320746605042,"","=HYPERLINK(""Frames_for_Analysis/2507_20250717_0001_R_0657.jpg"",""2507_20250717_0001_R_0657.jpg"")","",""
2507,2508,145.73112344423,-16.8320191204439,"","=HYPERLINK(""Frames_for_Analysis/2508_20250717_0001_R_0654.jpg"",""2508_20250717_0001_R_0654.jpg"")","",""
2508,2509,145.731192020344,-16.8319635803674,"","=HYPERLINK(""Frames_for_Analysis/2509_20250717_0001_R_0651.jpg"",""2509_20250717_0001_R_0651.jpg"")","",""
2509,2510,145.731260596458,-16.8319080402745,"50","=HYPERLINK(""Frames_for_Analysis/2510_20250717_0001_R_0648.jpg"",""2510_20250717_0001_R_0648.jpg"")","",""
2510,2511,145.731325682983,-16.831849478342,"","=HYPERLINK(""Frames_for_Analysis/2511_20250717_0001_R_0644.jpg"",""2511_20250717_0001_R_0644.jpg"")","",""
2511,2512,145.731376575128,-16.8317786247058,"","=HYPERLINK(""Frames_for_Analysis/2512_20250717_0001_R_0641.jpg"",""2512_20250717_0001_R_0641.jpg"")","",""
2512,2513,145.731427467272,-16.8317077710432,"","=HYPERLINK(""Frames_for_Analysis/2513_20250717_0001_R_0638.jpg"",""2513_20250717_0001_R_0638.jpg"")","",""
2513,2514,145.731476296324,-16.8316356223358,"","=HYPERLINK(""Frames_for_Analysis/2514_20250717_0001_R_0634.jpg"",""2514_20250717_0001_R_0634.jpg"")","",""
2514,2515,145.731523906891,-16.8315627087497,"50","=HYPERLINK(""Frames_for_Analysis/2515_20250717_0001_R_0631.jpg"",""2515_20250717_0001_R_0631.jpg"")","",""
2515,2516,145.731571984562,-16.8314900893823,"","=HYPERLINK(""Frames_for_Analysis/2516_20250717_0001_R_0628.jpg"",""2516_20250717_0001_R_0628.jpg"")","",""
2516,2517,145.731623117649,-16.8314193947175,"","=HYPERLINK(""Frames_for_Analysis/2517_20250717_0001_R_0625.jpg"",""2517_20250717_0001_R_0625.jpg"")","",""
2517,2518,145.731674250736,-16.8313487000263,"","=HYPERLINK(""Frames_for_Analysis/2518_20250717_0001_R_0622.jpg"",""2518_20250717_0001_R_0622.jpg"")","",""
2518,2519,145.731725383824,-16.8312780053087,"","=HYPERLINK(""Frames_for_Analysis/2519_20250717_0001_R_0619.jpg"",""2519_20250717_0001_R_0619.jpg"")","",""
2519,2520,145.731776516911,-16.8312073105647,"50","=HYPERLINK(""Frames_for_Analysis/2520_20250717_0001_R_0615.jpg"",""2520_20250717_0001_R_0615.jpg"")","",""
2520,2521,145.731809724512,-16.8311275441979,"","=HYPERLINK(""Frames_for_Analysis/2521_20250717_0001_R_0612.jpg"",""2521_20250717_0001_R_0612.jpg"")","",""
2521,2522,145.731841972203,-16.831047292013,"","=HYPERLINK(""Frames_for_Analysis/2522_20250717_0001_R_0609.jpg"",""2522_20250717_0001_R_0609.jpg"")","",""
2522,2523,145.731874219893,-16.830967039794,"","=HYPERLINK(""Frames_for_Analysis/2523_20250717_0001_R_0606.jpg"",""2523_20250717_0001_R_0606.jpg"")","",""
2523,2524,145.731905453821,-16.8308864394195,"","=HYPERLINK(""Frames_for_Analysis/2524_20250717_0001_R_0602.jpg"",""2524_20250717_0001_R_0602.jpg"")","",""
2524,2525,145.731933860718,-16.8308048682211,"50","=HYPERLINK(""Frames_for_Analysis/2525_20250717_0001_R_0599.jpg"",""2525_20250717_0001_R_0599.jpg"")","",""
2525,2526,145.731959462303,-16.8307225615265,"","=HYPERLINK(""Frames_for_Analysis/2526_20250717_0001_R_0595.jpg"",""2526_20250717_0001_R_0595.jpg"")","",""
2526,2527,145.731978446762,-16.8306385200019,"","=HYPERLINK(""Frames_for_Analysis/2527_20250717_0001_R_0592.jpg"",""2527_20250717_0001_R_0592.jpg"")","",""
2527,2528,145.731997431222,-16.8305544784401,"","=HYPERLINK(""Frames_for_Analysis/2528_20250717_0001_R_0589.jpg"",""2528_20250717_0001_R_0589.jpg"")","",""
2528,2529,145.732016415681,-16.8304704368409,"","=HYPERLINK(""Frames_for_Analysis/2529_20250717_0001_R_0586.jpg"",""2529_20250717_0001_R_0586.jpg"")","",""
2529,2530,145.732035400141,-16.8303863952045,"50","=HYPERLINK(""Frames_for_Analysis/2530_20250717_0001_R_0582.jpg"",""2530_20250717_0001_R_0582.jpg"")","",""
2530,2531,145.732031815365,-16.8303041837961,"","=HYPERLINK(""Frames_for_Analysis/2531_20250717_0001_R_0579.jpg"",""2531_20250717_0001_R_0579.jpg"")","",""
2531,2532,145.732026140757,-16.830218371773,"","=HYPERLINK(""Frames_for_Analysis/2532_20250717_0001_R_0576.jpg"",""2532_20250717_0001_R_0576.jpg"")","",""
2532,2533,145.732020466149,-16.8301325597111,"","=HYPERLINK(""Frames_for_Analysis/2533_20250717_0001_R_0572.jpg"",""2533_20250717_0001_R_0572.jpg"")","",""
2533,2534,145.732018118097,-16.8300467519171,"","=HYPERLINK(""Frames_for_Analysis/2534_20250717_0001_R_0568.jpg"",""2534_20250717_0001_R_0568.jpg"")","",""
2534,2535,145.73201741806,-16.8299610658495,"50","=HYPERLINK(""Frames_for_Analysis/2535_20250717_0001_R_0565.jpg"",""2535_20250717_0001_R_0565.jpg"")","",""
2535,2536,145.732008361924,-16.8298755199948,"","=HYPERLINK(""Frames_for_Analysis/2536_20250717_0001_R_0562.jpg"",""2536_20250717_0001_R_0562.jpg"")","",""
2536,2537,145.731999550261,-16.8297899513418,"","=HYPERLINK(""Frames_for_Analysis/2537_20250717_0001_R_0559.jpg"",""2537_20250717_0001_R_0559.jpg"")","",""
2537,2538,145.731991214139,-16.829704338379,"","=HYPERLINK(""Frames_for_Analysis/2538_20250717_0001_R_0555.jpg"",""2538_20250717_0001_R_0555.jpg"")","",""
2538,2539,145.731982878017,-16.8296187253774,"","=HYPERLINK(""Frames_for_Analysis/2539_20250717_0001_R_0552.jpg"",""2539_20250717_0001_R_0552.jpg"")","",""
2539,2540,145.731974541895,-16.8295331123372,"50","=HYPERLINK(""Frames_for_Analysis/2540_20250717_0001_R_0549.jpg"",""2540_20250717_0001_R_0549.jpg"")","",""
2540,2541,145.731966205773,-16.8294474992582,"","=HYPERLINK(""Frames_for_Analysis/2541_20250717_0001_R_0545.jpg"",""2541_20250717_0001_R_0545.jpg"")","",""
2541,2542,145.731957869651,-16.8293618861406,"","=HYPERLINK(""Frames_for_Analysis/2542_20250717_0001_R_0542.jpg"",""2542_20250717_0001_R_0542.jpg"")","",""
2542,2543,145.731949533529,-16.8292762729842,"","=HYPERLINK(""Frames_for_Analysis/2543_20250717_0001_R_0538.jpg"",""2543_20250717_0001_R_0538.jpg"")","",""
2543,2544,145.731941197407,-16.8291906597892,"","=HYPERLINK(""Frames_for_Analysis/2544_20250717_0001_R_0535.jpg"",""2544_20250717_0001_R_0535.jpg"")","",""
2544,2545,145.731932861284,-16.8291050465555,"50","=HYPERLINK(""Frames_for_Analysis/2545_20250717_0001_R_0532.jpg"",""2545_20250717_0001_R_0532.jpg"")","",""
2545,2546,145.731928695509,-16.8290191730097,"","=HYPERLINK(""Frames_for_Analysis/2546_20250717_0001_R_0528.jpg"",""2546_20250717_0001_R_0528.jpg"")","",""
2546,2547,145.731925346423,-16.8289332484551,"","=HYPERLINK(""Frames_for_Analysis/2547_20250717_0001_R_0525.jpg"",""2547_20250717_0001_R_0525.jpg"")","",""
2547,2548,145.731921997336,-16.8288473238616,"","=HYPERLINK(""Frames_for_Analysis/2548_20250717_0001_R_0522.jpg"",""2548_20250717_0001_R_0522.jpg"")","",""
2548,2549,145.73191864825,-16.828761399229,"","=HYPERLINK(""Frames_for_Analysis/2549_20250717_0001_R_0519.jpg"",""2549_20250717_0001_R_0519.jpg"")","",""
2549,2550,145.731915299164,-16.8286754745575,"50","=HYPERLINK(""Frames_for_Analysis/2550_20250717_0001_R_0516.jpg"",""2550_20250717_0001_R_0516.jpg"")","",""
2550,2551,145.731911950077,-16.828589549847,"","=HYPERLINK(""Frames_for_Analysis/2551_20250717_0001_R_0513.jpg"",""2551_20250717_0001_R_0513.jpg"")","",""
2551,2552,145.731908600991,-16.8285036250975,"","=HYPERLINK(""Frames_for_Analysis/2552_20250717_0001_R_0510.jpg"",""2552_20250717_0001_R_0510.jpg"")","",""
2552,2553,145.731907337087,-16.82841770346,"","=HYPERLINK(""Frames_for_Analysis/2553_20250717_0001_R_0507.jpg"",""2553_20250717_0001_R_0507.jpg"")","",""
2553,2554,145.73191096959,-16.8283317891823,"","=HYPERLINK(""Frames_for_Analysis/2554_20250717_0001_R_0504.jpg"",""2554_20250717_0001_R_0504.jpg"")","",""
2554,2555,145.731914602093,-16.8282458748656,"50","=HYPERLINK(""Frames_for_Analysis/2555_20250717_0001_R_0501.jpg"",""2555_20250717_0001_R_0501.jpg"")","",""
2555,2556,145.731918234596,-16.82815996051,"","=HYPERLINK(""Frames_for_Analysis/2556_20250717_0001_R_0497.jpg"",""2556_20250717_0001_R_0497.jpg"")","",""
2556,2557,145.731921867098,-16.8280740461154,"","=HYPERLINK(""Frames_for_Analysis/2557_20250717_0001_R_0494.jpg"",""2557_20250717_0001_R_0494.jpg"")","",""
2557,2558,145.731925499601,-16.8279881316818,"","=HYPERLINK(""Frames_for_Analysis/2558_20250717_0001_R_0491.jpg"",""2558_20250717_0001_R_0491.jpg"")","",""
2558,2559,145.731929132104,-16.8279022172093,"","=HYPERLINK(""Frames_for_Analysis/2559_20250717_0001_R_0488.jpg"",""2559_20250717_0001_R_0488.jpg"")","",""
2559,2560,145.731932764607,-16.8278163026978,"50","=HYPERLINK(""Frames_for_Analysis/2560_20250717_0001_R_0485.jpg"",""2560_20250717_0001_R_0485.jpg"")","",""
2560,2561,145.731936655385,-16.8277303989381,"","=HYPERLINK(""Frames_for_Analysis/2561_20250717_0001_R_0482.jpg"",""2561_20250717_0001_R_0482.jpg"")","",""
2561,2562,145.731940857445,-16.8276445081446,"","=HYPERLINK(""Frames_for_Analysis/2562_20250717_0001_R_0479.jpg"",""2562_20250717_0001_R_0479.jpg"")","",""
2562,2563,145.731945059505,-16.8275586173121,"","=HYPERLINK(""Frames_for_Analysis/2563_20250717_0001_R_0476.jpg"",""2563_20250717_0001_R_0476.jpg"")","",""
2563,2564,145.731949261565,-16.8274727264408,"","=HYPERLINK(""Frames_for_Analysis/2564_20250717_0001_R_0472.jpg"",""2564_20250717_0001_R_0472.jpg"")","",""
2564,2565,145.731953463625,-16.8273868355305,"50","=HYPERLINK(""Frames_for_Analysis/2565_20250717_0001_R_0469.jpg"",""2565_20250717_0001_R_0469.jpg"")","",""
2565,2566,145.731957665685,-16.8273009445812,"","=HYPERLINK(""Frames_for_Analysis/2566_20250717_0001_R_0466.jpg"",""2566_20250717_0001_R_0466.jpg"")","",""
2566,2567,145.731961867745,-16.827215053593,"","=HYPERLINK(""Frames_for_Analysis/2567_20250717_0001_R_0462.jpg"",""2567_20250717_0001_R_0462.jpg"")","",""
2567,2568,145.731966909766,-16.8271292116224,"","=HYPERLINK(""Frames_for_Analysis/2568_20250717_0001_R_0459.jpg"",""2568_20250717_0001_R_0459.jpg"")","",""
2568,2569,145.731973648567,-16.8270434687107,"","=HYPERLINK(""Frames_for_Analysis/2569_20250717_0001_R_0456.jpg"",""2569_20250717_0001_R_0456.jpg"")","",""
2569,2570,145.731980387369,-16.8269577257601,"50","=HYPERLINK(""Frames_for_Analysis/2570_20250717_0001_R_0453.jpg"",""2570_20250717_0001_R_0453.jpg"")","",""
2570,2571,145.73198712617,-16.8268719827707,"","=HYPERLINK(""Frames_for_Analysis/2571_20250717_0001_R_0450.jpg"",""2571_20250717_0001_R_0450.jpg"")","",""
2571,2572,145.731993864971,-16.8267862397425,"","=HYPERLINK(""Frames_for_Analysis/2572_20250717_0001_R_0446.jpg"",""2572_20250717_0001_R_0446.jpg"")","",""
2572,2573,145.732000603772,-16.8267004966755,"","=HYPERLINK(""Frames_for_Analysis/2573_20250717_0001_R_0443.jpg"",""2573_20250717_0001_R_0443.jpg"")","",""
2573,2574,145.732007342573,-16.8266147535697,"","=HYPERLINK(""Frames_for_Analysis/2574_20250717_0001_R_0439.jpg"",""2574_20250717_0001_R_0439.jpg"")","",""
2574,2575,145.732014081374,-16.8265290104251,"50","=HYPERLINK(""Frames_for_Analysis/2575_20250717_0001_R_0435.jpg"",""2575_20250717_0001_R_0435.jpg"")","",""
2575,2576,145.732024234926,-16.8264435875393,"","=HYPERLINK(""Frames_for_Analysis/2576_20250717_0001_R_0432.jpg"",""2576_20250717_0001_R_0432.jpg"")","",""
2576,2577,145.732035013582,-16.8263582232487,"","=HYPERLINK(""Frames_for_Analysis/2577_20250717_0001_R_0429.jpg"",""2577_20250717_0001_R_0429.jpg"")","",""
2577,2578,145.732045792237,-16.8262728589197,"","=HYPERLINK(""Frames_for_Analysis/2578_20250717_0001_R_0426.jpg"",""2578_20250717_0001_R_0426.jpg"")","",""
2578,2579,145.732056570893,-16.8261874945522,"","=HYPERLINK(""Frames_for_Analysis/2579_20250717_0001_R_0423.jpg"",""2579_20250717_0001_R_0423.jpg"")","",""
2579,2580,145.732067349549,-16.8261021301462,"50","=HYPERLINK(""Frames_for_Analysis/2580_20250717_0001_R_0419.jpg"",""2580_20250717_0001_R_0419.jpg"")","",""
2580,2581,145.732078226525,-16.8260167780069,"","=HYPERLINK(""Frames_for_Analysis/2581_20250717_0001_R_0416.jpg"",""2581_20250717_0001_R_0416.jpg"")","",""
2581,2582,145.732090739809,-16.8259316306204,"","=HYPERLINK(""Frames_for_Analysis/2582_20250717_0001_R_0412.jpg"",""2582_20250717_0001_R_0412.jpg"")","",""
2582,2583,145.732103253094,-16.8258464831956,"","=HYPERLINK(""Frames_for_Analysis/2583_20250717_0001_R_0408.jpg"",""2583_20250717_0001_R_0408.jpg"")","",""
2583,2584,145.732115766378,-16.8257613357325,"","=HYPERLINK(""Frames_for_Analysis/2584_20250717_0001_R_0405.jpg"",""2584_20250717_0001_R_0405.jpg"")","",""
2584,2585,145.732128279663,-16.8256761882312,"50","=HYPERLINK(""Frames_for_Analysis/2585_20250717_0001_R_0402.jpg"",""2585_20250717_0001_R_0402.jpg"")","",""
2585,2586,145.732140792947,-16.8255910406915,"","=HYPERLINK(""Frames_for_Analysis/2586_20250717_0001_R_0398.jpg"",""2586_20250717_0001_R_0398.jpg"")","",""
2586,2587,145.732153306232,-16.8255058931137,"","=HYPERLINK(""Frames_for_Analysis/2587_20250717_0001_R_0395.jpg"",""2587_20250717_0001_R_0395.jpg"")","",""
2587,2588,145.732165819516,-16.8254207454975,"","=HYPERLINK(""Frames_for_Analysis/2588_20250717_0001_R_0392.jpg"",""2588_20250717_0001_R_0392.jpg"")","",""
2588,2589,145.732178332801,-16.8253355978431,"","=HYPERLINK(""Frames_for_Analysis/2589_20250717_0001_R_0389.jpg"",""2589_20250717_0001_R_0389.jpg"")","",""
2589,2590,145.732190846086,-16.8252504501504,"50","=HYPERLINK(""Frames_for_Analysis/2590_20250717_0001_R_0385.jpg"",""2590_20250717_0001_R_0385.jpg"")","",""
2590,2591,145.732192985909,-16.8251645284229,"","=HYPERLINK(""Frames_for_Analysis/2591_20250717_0001_R_0381.jpg"",""2591_20250717_0001_R_0381.jpg"")","",""
2591,2592,145.732194408212,-16.82507855312,"","=HYPERLINK(""Frames_for_Analysis/2592_20250717_0001_R_0378.jpg"",""2592_20250717_0001_R_0378.jpg"")","",""
2592,2593,145.732195830515,-16.824992577778,"","=HYPERLINK(""Frames_for_Analysis/2593_20250717_0001_R_0373.jpg"",""2593_20250717_0001_R_0373.jpg"")","",""
2593,2594,145.732197252818,-16.8249066023971,"","=HYPERLINK(""Frames_for_Analysis/2594_20250717_0001_R_0370.jpg"",""2594_20250717_0001_R_0370.jpg"")","",""
2594,2595,145.732205013487,-16.8248210874872,"50","=HYPERLINK(""Frames_for_Analysis/2595_20250717_0001_R_0366.jpg"",""2595_20250717_0001_R_0366.jpg"")","",""
2595,2596,145.732217164717,-16.8247358915325,"","=HYPERLINK(""Frames_for_Analysis/2596_20250717_0001_R_0364.jpg"",""2596_20250717_0001_R_0364.jpg"")","",""
2596,2597,145.732229315948,-16.8246506955395,"","=HYPERLINK(""Frames_for_Analysis/2597_20250717_0001_R_0360.jpg"",""2597_20250717_0001_R_0360.jpg"")","",""
2597,2598,145.732241467178,-16.8245654995081,"","=HYPERLINK(""Frames_for_Analysis/2598_20250717_0001_R_0356.jpg"",""2598_20250717_0001_R_0356.jpg"")","",""
2598,2599,145.732251627231,-16.824480212229,"","=HYPERLINK(""Frames_for_Analysis/2599_20250717_0001_R_0352.jpg"",""2599_20250717_0001_R_0352.jpg"")","",""
2599,2600,145.732248030856,-16.8243942947732,"50","=HYPERLINK(""Frames_for_Analysis/2600_20250717_0001_R_0348.jpg"",""2600_20250717_0001_R_0348.jpg"")","",""
2600,2601,145.73224443448,-16.8243083772785,"","=HYPERLINK(""Frames_for_Analysis/2601_20250717_0001_R_0343.jpg"",""2601_20250717_0001_R_0343.jpg"")","",""
2601,2602,145.732240838105,-16.8242224597448,"","=HYPERLINK(""Frames_for_Analysis/2602_20250717_0001_R_0339.jpg"",""2602_20250717_0001_R_0339.jpg"")","",""
2602,2603,145.732237241729,-16.8241365421721,"","=HYPERLINK(""Frames_for_Analysis/2603_20250717_0001_R_0335.jpg"",""2603_20250717_0001_R_0335.jpg"")","",""
2603,2604,145.732225060577,-16.8240515263793,"","=HYPERLINK(""Frames_for_Analysis/2604_20250717_0001_R_0330.jpg"",""2604_20250717_0001_R_0330.jpg"")","",""
2604,2605,145.732209104334,-16.8239669071164,"50","=HYPERLINK(""Frames_for_Analysis/2605_20250717_0001_R_0326.jpg"",""2605_20250717_0001_R_0326.jpg"")","",""
2605,2606,145.732193148092,-16.8238822878156,"","=HYPERLINK(""Frames_for_Analysis/2606_20250717_0001_R_0322.jpg"",""2606_20250717_0001_R_0322.jpg"")","",""
2606,2607,145.732175383626,-16.8237981440636,"","=HYPERLINK(""Frames_for_Analysis/2607_20250717_0001_R_0318.jpg"",""2607_20250717_0001_R_0318.jpg"")","",""
2607,2608,145.732143928401,-16.8237176011243,"","=HYPERLINK(""Frames_for_Analysis/2608_20250717_0001_R_0315.jpg"",""2608_20250717_0001_R_0315.jpg"")","",""
2608,2609,145.732112473611,-16.823637057995,"","=HYPERLINK(""Frames_for_Analysis/2609_20250717_0001_R_0311.jpg"",""2609_20250717_0001_R_0311.jpg"")","",""
2609,2610,145.732079422487,-16.8235571866052,"50","=HYPERLINK(""Frames_for_Analysis/2610_20250717_0001_R_0305.jpg"",""2610_20250717_0001_R_0305.jpg"")","",""
2610,2611,145.732038660071,-16.8234805627739,"","=HYPERLINK(""Frames_for_Analysis/2611_20250717_0001_R_0301.jpg"",""2611_20250717_0001_R_0301.jpg"")","",""
2611,2612,145.731994153588,-16.8234058711679,"","=HYPERLINK(""Frames_for_Analysis/2612_20250717_0001_R_0298.jpg"",""2612_20250717_0001_R_0298.jpg"")","",""
2612,2613,145.731954338122,-16.8233290093415,"","=HYPERLINK(""Frames_for_Analysis/2613_20250717_0001_R_0293.jpg"",""2613_20250717_0001_R_0293.jpg"")","",""
2613,2614,145.731922178554,-16.8232489524371,"","=HYPERLINK(""Frames_for_Analysis/2614_20250717_0001_R_0289.jpg"",""2614_20250717_0001_R_0289.jpg"")","",""
2614,2615,145.73191903314,-16.8231630182137,"50","=HYPERLINK(""Frames_for_Analysis/2615_20250717_0001_R_0285.jpg"",""2615_20250717_0001_R_0285.jpg"")","",""
2615,2616,145.731916430876,-16.8230770937021,"","=HYPERLINK(""Frames_for_Analysis/2616_20250717_0001_R_0251.jpg"",""2616_20250717_0001_R_0251.jpg"")","",""
2616,2617,145.731922940398,-16.8229913327289,"","=HYPERLINK(""Frames_for_Analysis/2617_20250717_0001_R_0273.jpg"",""2617_20250717_0001_R_0273.jpg"")","",""
2617,2618,145.73192944992,-16.822905571717,"","=HYPERLINK(""Frames_for_Analysis/2618_20250717_0001_R_0233.jpg"",""2618_20250717_0001_R_0233.jpg"")","",""
2618,2619,145.731931549578,-16.8228196869111,"","=HYPERLINK(""Frames_for_Analysis/2619_20250717_0001_R_0230.jpg"",""2619_20250717_0001_R_0230.jpg"")","",""
2619,2620,145.731930300224,-16.8227337080822,"50","=HYPERLINK(""Frames_for_Analysis/2620_20250717_0001_R_0227.jpg"",""2620_20250717_0001_R_0227.jpg"")","",""
2620,2621,145.731936725081,-16.8226482099927,"","=HYPERLINK(""Frames_for_Analysis/2621_20250717_0001_R_0222.jpg"",""2621_20250717_0001_R_0222.jpg"")","",""
2621,2622,145.731949671341,-16.8225631204214,"","=HYPERLINK(""Frames_for_Analysis/2622_20250717_0001_R_0220.jpg"",""2622_20250717_0001_R_0220.jpg"")","",""
2622,2623,145.731972802744,-16.8224807850204,"","=HYPERLINK(""Frames_for_Analysis/2623_20250717_0001_R_0217.jpg"",""2623_20250717_0001_R_0217.jpg"")","",""
2623,2624,145.732008283665,-16.8224017890712,"","=HYPERLINK(""Frames_for_Analysis/2624_20250717_0001_R_0213.jpg"",""2624_20250717_0001_R_0213.jpg"")","",""
2624,2625,145.732052527152,-16.8223272721968,"50","=HYPERLINK(""Frames_for_Analysis/2625_20250717_0001_R_0211.jpg"",""2625_20250717_0001_R_0211.jpg"")","",""
2625,2626,145.732098754352,-16.8222536885721,"","=HYPERLINK(""Frames_for_Analysis/2626_20250717_0001_R_0207.jpg"",""2626_20250717_0001_R_0207.jpg"")","",""
2626,2627,145.732138266091,-16.822176465451,"","=HYPERLINK(""Frames_for_Analysis/2627_20250717_0001_R_0203.jpg"",""2627_20250717_0001_R_0203.jpg"")","",""
2627,2628,145.732154558347,-16.8220928792016,"","=HYPERLINK(""Frames_for_Analysis/2628_20250717_0001_R_0196.jpg"",""2628_20250717_0001_R_0196.jpg"")","",""
2628,2629,145.732163727131,-16.8220073407889,"","=HYPERLINK(""Frames_for_Analysis/2629_20250717_0001_R_0192.jpg"",""2629_20250717_0001_R_0192.jpg"")","",""
2629,2630,145.732157818311,-16.8219217841233,"50","=HYPERLINK(""Frames_for_Analysis/2630_20250717_0001_R_0188.jpg"",""2630_20250717_0001_R_0188.jpg"")","",""
2630,2631,145.732148875113,-16.8218362237535,"","=HYPERLINK(""Frames_for_Analysis/2631_20250717_0001_R_0183.jpg"",""2631_20250717_0001_R_0183.jpg"")","",""
2631,2632,145.732135616833,-16.8217512794629,"","=HYPERLINK(""Frames_for_Analysis/2632_20250717_0001_R_0179.jpg"",""2632_20250717_0001_R_0179.jpg"")","",""
2632,2633,145.732118084789,-16.8216669453529,"","=HYPERLINK(""Frames_for_Analysis/2633_20250717_0001_R_0174.jpg"",""2633_20250717_0001_R_0174.jpg"")","",""
2633,2634,145.732100552745,-16.8215826112053,"","=HYPERLINK(""Frames_for_Analysis/2634_20250717_0001_R_0170.jpg"",""2634_20250717_0001_R_0170.jpg"")","",""
2634,2635,145.732164013732,-16.8215396325936,"50","=HYPERLINK(""Frames_for_Analysis/2635_20250717_0001_R_0167.jpg"",""2635_20250717_0001_R_0167.jpg"")","",""
2635,2636,145.732246952029,-16.8215065992162,"","=HYPERLINK(""Frames_for_Analysis/2636_20250717_0001_R_0166.jpg"",""2636_20250717_0001_R_0166.jpg"")","",""
2636,2637,145.732329520188,-16.8214727356113,"","","","X"
2637,2638,145.732411820022,-16.8214382701491,"","=HYPERLINK(""Frames_for_Analysis/2638_20250717_0001_R_0025.jpg"",""2638_20250717_0001_R_0025.jpg"")","",""
2638,2639,145.732494119856,-16.8214038046806,"","=HYPERLINK(""Frames_for_Analysis/2639_20250717_0001_R_0065.jpg"",""2639_20250717_0001_R_0065.jpg"")","",""
2639,2640,145.732565340796,-16.8213523235695,"50","=HYPERLINK(""Frames_for_Analysis/2640_20250717_0001_R_0059.jpg"",""2640_20250717_0001_R_0059.jpg"")","",""
2640,2641,145.732633916924,-16.8212967803825,"","","","X"
2641,2642,145.732703715571,-16.8212430118516,"","=HYPERLINK(""Frames_for_Analysis/2642_20250717_0001_R_0062.jpg"",""2642_20250717_0001_R_0062.jpg"")","",""
2642,2643,145.732784063448,-16.8212045571367,"","=HYPERLINK(""Frames_for_Analysis/2643_20250717_0001_R_0056.jpg"",""2643_20250717_0001_R_0056.jpg"")","",""
2643,2644,145.732863637498,-16.8211647183647,"","=HYPERLINK(""Frames_for_Analysis/2644_20250717_0002_R_2943.jpg"",""2644_20250717_0002_R_2943.jpg"")","",""
2644,2645,145.732942154201,-16.821123456878,"50","=HYPERLINK(""Frames_for_Analysis/2645_20250717_0001_R_0066.jpg"",""2645_20250717_0001_R_0066.jpg"")","",""
2645,2646,145.733029922107,-16.8211139847311,"","=HYPERLINK(""Frames_for_Analysis/2646_20250717_0001_R_0055.jpg"",""2646_20250717_0001_R_0055.jpg"")","",""
2646,2647,145.733108448913,-16.8211557442777,"","=HYPERLINK(""Frames_for_Analysis/2647_20250717_0002_R_2892.jpg"",""2647_20250717_0002_R_2892.jpg"")","",""
2647,2648,145.73318234127,-16.8212038799777,"","=HYPERLINK(""Frames_for_Analysis/2648_20250717_0002_R_2890.jpg"",""2648_20250717_0002_R_2890.jpg"")","",""
2648,2649,145.733250546686,-16.8212598398635,"","=HYPERLINK(""Frames_for_Analysis/2649_20250717_0002_R_2888.jpg"",""2649_20250717_0002_R_2888.jpg"")","",""
2649,2650,145.733326607304,-16.8213055649506,"50","=HYPERLINK(""Frames_for_Analysis/2650_20250717_0002_R_2886.jpg"",""2650_20250717_0002_R_2886.jpg"")","",""
2650,2651,145.733404818602,-16.8213476662981,"","=HYPERLINK(""Frames_for_Analysis/2651_20250717_0002_R_2884.jpg"",""2651_20250717_0002_R_2884.jpg"")","",""
2651,2652,145.733484941218,-16.8213865137985,"","=HYPERLINK(""Frames_for_Analysis/2652_20250717_0002_R_2961.jpg"",""2652_20250717_0002_R_2961.jpg"")","",""
2652,2653,145.732537256661,-16.8221218339357,"","","","X"
2653,2654,145.732520033336,-16.8221960537899,"","","","X"
2654,2655,145.732565264822,-16.8222685533633,"50","","","X"
2655,2656,145.732642474324,-16.8223120672684,"","","","X"
2656,2657,145.732718234803,-16.8223581906799,"","","","X"
2657,2658,145.732792979119,-16.8224058879134,"","","","X"
2658,2659,145.732867723436,-16.8224535851348,"","=HYPERLINK(""Frames_for_Analysis/2659_20250717_0002_R_2827.jpg"",""2659_20250717_0002_R_2827.jpg"")","",""
2659,2660,145.732931907413,-16.8225133104616,"50","=HYPERLINK(""Frames_for_Analysis/2660_20250717_0002_R_2824.jpg"",""2660_20250717_0002_R_2824.jpg"")","",""
2660,2661,145.732993860145,-16.8225755771334,"","=HYPERLINK(""Frames_for_Analysis/2661_20250717_0002_R_2822.jpg"",""2661_20250717_0002_R_2822.jpg"")","",""
2661,2662,145.733055812877,-16.8226378437847,"","=HYPERLINK(""Frames_for_Analysis/2662_20250717_0002_R_2819.jpg"",""2662_20250717_0002_R_2819.jpg"")","",""
2662,2663,145.733117765609,-16.8227001104156,"","=HYPERLINK(""Frames_for_Analysis/2663_20250717_0002_R_2817.jpg"",""2663_20250717_0002_R_2817.jpg"")","",""
2663,2664,145.733180869143,-16.8227612369463,"","=HYPERLINK(""Frames_for_Analysis/2664_20250717_0002_R_2814.jpg"",""2664_20250717_0002_R_2814.jpg"")","",""
2664,2665,145.733248010117,-16.8228183636366,"50","=HYPERLINK(""Frames_for_Analysis/2665_20250717_0002_R_2812.jpg"",""2665_20250717_0002_R_2812.jpg"")","",""
2665,2666,145.73331515109,-16.8228754903096,"","=HYPERLINK(""Frames_for_Analysis/2666_20250717_0002_R_2811.jpg"",""2666_20250717_0002_R_2811.jpg"")","",""
2666,2667,145.733382292063,-16.8229326169654,"","=HYPERLINK(""Frames_for_Analysis/2667_20250717_0002_R_2809.jpg"",""2667_20250717_0002_R_2809.jpg"")","",""
2667,2668,145.733435969229,-16.8229987957932,"","=HYPERLINK(""Frames_for_Analysis/2668_20250717_0002_R_2806.jpg"",""2668_20250717_0002_R_2806.jpg"")","",""
2668,2669,145.733469331987,-16.8230786326794,"","=HYPERLINK(""Frames_for_Analysis/2669_20250717_0002_R_2801.jpg"",""2669_20250717_0002_R_2801.jpg"")","",""
2669,2670,145.733502694745,-16.8231584695319,"50","=HYPERLINK(""Frames_for_Analysis/2670_20250717_0002_R_2800.jpg"",""2670_20250717_0002_R_2800.jpg"")","",""
2670,2671,145.733527946165,-16.8232409084606,"","=HYPERLINK(""Frames_for_Analysis/2671_20250717_0002_R_2795.jpg"",""2671_20250717_0002_R_2795.jpg"")","",""
2671,2672,145.733549233483,-16.8233230239081,"","=HYPERLINK(""Frames_for_Analysis/2672_20250717_0002_R_2792.jpg"",""2672_20250717_0002_R_2792.jpg"")","",""
2672,2673,145.733474489125,-16.8233707208384,"","=HYPERLINK(""Frames_for_Analysis/2673_20250717_0002_R_2785.jpg"",""2673_20250717_0002_R_2785.jpg"")","",""
2673,2674,145.733413450072,-16.8234333757132,"","=HYPERLINK(""Frames_for_Analysis/2674_20250717_0002_R_2780.jpg"",""2674_20250717_0002_R_2780.jpg"")","",""
2674,2675,145.733365627922,-16.8235021631255,"50","=HYPERLINK(""Frames_for_Analysis/2675_20250717_0002_R_2778.jpg"",""2675_20250717_0002_R_2778.jpg"")","",""
2675,2676,145.733365627922,-16.8235881499221,"","=HYPERLINK(""Frames_for_Analysis/2676_20250717_0002_R_2776.jpg"",""2676_20250717_0002_R_2776.jpg"")","",""
2676,2677,145.733367052126,-16.8236740518084,"","=HYPERLINK(""Frames_for_Analysis/2677_20250717_0002_R_2771.jpg"",""2677_20250717_0002_R_2771.jpg"")","",""
2677,2678,145.733378194175,-16.8237593745488,"","=HYPERLINK(""Frames_for_Analysis/2678_20250717_0002_R_2768.jpg"",""2678_20250717_0002_R_2768.jpg"")","",""
2678,2679,145.733389336224,-16.8238446972507,"","=HYPERLINK(""Frames_for_Analysis/2679_20250717_0002_R_2763.jpg"",""2679_20250717_0002_R_2763.jpg"")","",""
2679,2680,145.733398386926,-16.8239302283509,"50","=HYPERLINK(""Frames_for_Analysis/2680_20250717_0002_R_2759.jpg"",""2680_20250717_0002_R_2759.jpg"")","",""
2680,2681,145.733405847356,-16.8240159179088,"","=HYPERLINK(""Frames_for_Analysis/2681_20250717_0002_R_2757.jpg"",""2681_20250717_0002_R_2757.jpg"")","",""
2681,2682,145.733384008803,-16.8240967429931,"","=HYPERLINK(""Frames_for_Analysis/2682_20250717_0002_R_2749.jpg"",""2682_20250717_0002_R_2749.jpg"")","",""
2682,2683,145.733346836004,-16.8241750221385,"","=HYPERLINK(""Frames_for_Analysis/2683_20250717_0002_R_2748.jpg"",""2683_20250717_0002_R_2748.jpg"")","",""
2683,2684,145.733294650305,-16.8242442781,"","=HYPERLINK(""Frames_for_Analysis/2684_20250717_0002_R_2746.jpg"",""2684_20250717_0002_R_2746.jpg"")","",""
2684,2685,145.733228032082,-16.8243004209155,"50","=HYPERLINK(""Frames_for_Analysis/2685_20250717_0002_R_2744.jpg"",""2685_20250717_0002_R_2744.jpg"")","",""
2685,2686,145.733152244741,-16.8243465850211,"","=HYPERLINK(""Frames_for_Analysis/2686_20250717_0002_R_2742.jpg"",""2686_20250717_0002_R_2742.jpg"")","",""
2686,2687,145.733081714024,-16.8243990215887,"","=HYPERLINK(""Frames_for_Analysis/2687_20250717_0002_R_2739.jpg"",""2687_20250717_0002_R_2739.jpg"")","",""
2687,2688,145.733019309204,-16.8244606986571,"","=HYPERLINK(""Frames_for_Analysis/2688_20250717_0002_R_2734.jpg"",""2688_20250717_0002_R_2734.jpg"")","",""
2688,2689,145.732969479348,-16.8245322434526,"","=HYPERLINK(""Frames_for_Analysis/2689_20250717_0002_R_2730.jpg"",""2689_20250717_0002_R_2730.jpg"")","",""
2689,2690,145.732930704515,-16.8246083038053,"50","=HYPERLINK(""Frames_for_Analysis/2690_20250717_0002_R_2727.jpg"",""2690_20250717_0002_R_2727.jpg"")","",""
2690,2691,145.732911217703,-16.8246922425953,"","=HYPERLINK(""Frames_for_Analysis/2691_20250717_0002_R_2723.jpg"",""2691_20250717_0002_R_2723.jpg"")","",""
2691,2692,145.732893582457,-16.8247765534978,"","=HYPERLINK(""Frames_for_Analysis/2692_20250717_0002_R_2718.jpg"",""2692_20250717_0002_R_2718.jpg"")","",""
2692,2693,145.732876151286,-16.8248609053801,"","=HYPERLINK(""Frames_for_Analysis/2693_20250717_0002_R_2713.jpg"",""2693_20250717_0002_R_2713.jpg"")","",""
2693,2694,145.732858720115,-16.8249452572249,"","=HYPERLINK(""Frames_for_Analysis/2694_20250717_0002_R_2709.jpg"",""2694_20250717_0002_R_2709.jpg"")","",""
2694,2695,145.732841288944,-16.8250296090321,"50","=HYPERLINK(""Frames_for_Analysis/2695_20250717_0002_R_2705.jpg"",""2695_20250717_0002_R_2705.jpg"")","",""
2695,2696,145.732823857773,-16.8251139608018,"","=HYPERLINK(""Frames_for_Analysis/2696_20250717_0002_R_2701.jpg"",""2696_20250717_0002_R_2701.jpg"")","",""
2696,2697,145.732806426602,-16.825198312534,"","=HYPERLINK(""Frames_for_Analysis/2697_20250717_0002_R_2697.jpg"",""2697_20250717_0002_R_2697.jpg"")","",""
2697,2698,145.732788995431,-16.8252826642285,"","=HYPERLINK(""Frames_for_Analysis/2698_20250717_0002_R_2693.jpg"",""2698_20250717_0002_R_2693.jpg"")","",""
2698,2699,145.732771564261,-16.8253670158856,"","=HYPERLINK(""Frames_for_Analysis/2699_20250717_0002_R_2689.jpg"",""2699_20250717_0002_R_2689.jpg"")","",""
2699,2700,145.73275413309,-16.825451367505,"50","=HYPERLINK(""Frames_for_Analysis/2700_20250717_0002_R_2686.jpg"",""2700_20250717_0002_R_2686.jpg"")","",""
2700,2701,145.732736701919,-16.825535719087,"","=HYPERLINK(""Frames_for_Analysis/2701_20250717_0002_R_2682.jpg"",""2701_20250717_0002_R_2682.jpg"")","",""
2701,2702,145.732719270748,-16.8256200706313,"","=HYPERLINK(""Frames_for_Analysis/2702_20250717_0002_R_2677.jpg"",""2702_20250717_0002_R_2677.jpg"")","",""
2702,2703,145.732701839577,-16.8257044221381,"","=HYPERLINK(""Frames_for_Analysis/2703_20250717_0002_R_2675.jpg"",""2703_20250717_0002_R_2675.jpg"")","",""
2703,2704,145.732684408406,-16.8257887736074,"","=HYPERLINK(""Frames_for_Analysis/2704_20250717_0002_R_2671.jpg"",""2704_20250717_0002_R_2671.jpg"")","",""
2704,2705,145.732666977235,-16.8258731250391,"50","=HYPERLINK(""Frames_for_Analysis/2705_20250717_0002_R_2667.jpg"",""2705_20250717_0002_R_2667.jpg"")","",""
2705,2706,145.73265014317,-16.8259575780424,"","=HYPERLINK(""Frames_for_Analysis/2706_20250717_0002_R_2664.jpg"",""2706_20250717_0002_R_2664.jpg"")","",""
2706,2707,145.732636132753,-16.8260425115059,"","=HYPERLINK(""Frames_for_Analysis/2707_20250717_0002_R_2660.jpg"",""2707_20250717_0002_R_2660.jpg"")","",""
2707,2708,145.732622122335,-16.8261274449314,"","=HYPERLINK(""Frames_for_Analysis/2708_20250717_0002_R_2656.jpg"",""2708_20250717_0002_R_2656.jpg"")","",""
2708,2709,145.732608111917,-16.8262123783188,"","=HYPERLINK(""Frames_for_Analysis/2709_20250717_0002_R_2651.jpg"",""2709_20250717_0002_R_2651.jpg"")","",""
2709,2710,145.732594101499,-16.826297311668,"50","=HYPERLINK(""Frames_for_Analysis/2710_20250717_0002_R_2647.jpg"",""2710_20250717_0002_R_2647.jpg"")","",""
2710,2711,145.732580091081,-16.8263822449792,"","=HYPERLINK(""Frames_for_Analysis/2711_20250717_0002_R_2643.jpg"",""2711_20250717_0002_R_2643.jpg"")","",""
2711,2712,145.732566521547,-16.8264672290827,"","=HYPERLINK(""Frames_for_Analysis/2712_20250717_0002_R_2639.jpg"",""2712_20250717_0002_R_2639.jpg"")","",""
2712,2713,145.73255906157,-16.8265529175293,"","=HYPERLINK(""Frames_for_Analysis/2713_20250717_0002_R_2636.jpg"",""2713_20250717_0002_R_2636.jpg"")","",""
2713,2714,145.732551601593,-16.8266386059371,"","=HYPERLINK(""Frames_for_Analysis/2714_20250717_0002_R_2632.jpg"",""2714_20250717_0002_R_2632.jpg"")","",""
2714,2715,145.732544141615,-16.8267242943062,"50","=HYPERLINK(""Frames_for_Analysis/2715_20250717_0002_R_2628.jpg"",""2715_20250717_0002_R_2628.jpg"")","",""
2715,2716,145.732536681638,-16.8268099826365,"","=HYPERLINK(""Frames_for_Analysis/2716_20250717_0002_R_2623.jpg"",""2716_20250717_0002_R_2623.jpg"")","",""
2716,2717,145.73252922166,-16.826895670928,"","=HYPERLINK(""Frames_for_Analysis/2717_20250717_0002_R_2618.jpg"",""2717_20250717_0002_R_2618.jpg"")","",""
2717,2718,145.732520265647,-16.8269812034378,"","=HYPERLINK(""Frames_for_Analysis/2718_20250717_0002_R_2614.jpg"",""2718_20250717_0002_R_2614.jpg"")","",""
2718,2719,145.732508306087,-16.8270664232284,"","=HYPERLINK(""Frames_for_Analysis/2719_20250717_0002_R_2608.jpg"",""2719_20250717_0002_R_2608.jpg"")","",""
2719,2720,145.732496346527,-16.8271516429807,"50","=HYPERLINK(""Frames_for_Analysis/2720_20250717_0002_R_2603.jpg"",""2720_20250717_0002_R_2603.jpg"")","",""
2720,2721,145.732484386967,-16.8272368626947,"","=HYPERLINK(""Frames_for_Analysis/2721_20250717_0002_R_2599.jpg"",""2721_20250717_0002_R_2599.jpg"")","",""
2721,2722,145.732472427407,-16.8273220823703,"","=HYPERLINK(""Frames_for_Analysis/2722_20250717_0002_R_2595.jpg"",""2722_20250717_0002_R_2595.jpg"")","",""
2722,2723,145.732460467847,-16.8274073020076,"","=HYPERLINK(""Frames_for_Analysis/2723_20250717_0002_R_2591.jpg"",""2723_20250717_0002_R_2591.jpg"")","",""
2723,2724,145.732448508287,-16.8274925216066,"","=HYPERLINK(""Frames_for_Analysis/2724_20250717_0002_R_2586.jpg"",""2724_20250717_0002_R_2586.jpg"")","",""
2724,2725,145.732436548727,-16.8275777411672,"50","=HYPERLINK(""Frames_for_Analysis/2725_20250717_0002_R_2583.jpg"",""2725_20250717_0002_R_2583.jpg"")","",""
2725,2726,145.732424589167,-16.8276629606896,"","=HYPERLINK(""Frames_for_Analysis/2726_20250717_0002_R_2579.jpg"",""2726_20250717_0002_R_2579.jpg"")","",""
2726,2727,145.732412629607,-16.8277481801735,"","=HYPERLINK(""Frames_for_Analysis/2727_20250717_0002_R_2575.jpg"",""2727_20250717_0002_R_2575.jpg"")","",""
2727,2728,145.732400670047,-16.8278333996192,"","=HYPERLINK(""Frames_for_Analysis/2728_20250717_0002_R_2571.jpg"",""2728_20250717_0002_R_2571.jpg"")","",""
2728,2729,145.732398972805,-16.8279189946792,"","=HYPERLINK(""Frames_for_Analysis/2729_20250717_0002_R_2567.jpg"",""2729_20250717_0002_R_2567.jpg"")","",""
2729,2730,145.732404097748,-16.828004839427,"50","=HYPERLINK(""Frames_for_Analysis/2730_20250717_0002_R_2563.jpg"",""2730_20250717_0002_R_2563.jpg"")","",""
2730,2731,145.73240922269,-16.8280906841358,"","=HYPERLINK(""Frames_for_Analysis/2731_20250717_0002_R_2559.jpg"",""2731_20250717_0002_R_2559.jpg"")","",""
2731,2732,145.732414347632,-16.8281765288058,"","=HYPERLINK(""Frames_for_Analysis/2732_20250717_0002_R_2555.jpg"",""2732_20250717_0002_R_2555.jpg"")","",""
2732,2733,145.732419472575,-16.8282623734368,"","=HYPERLINK(""Frames_for_Analysis/2733_20250717_0002_R_2551.jpg"",""2733_20250717_0002_R_2551.jpg"")","",""
2733,2734,145.732424115285,-16.8283482092875,"","=HYPERLINK(""Frames_for_Analysis/2734_20250717_0002_R_2546.jpg"",""2734_20250717_0002_R_2546.jpg"")","",""
2734,2735,145.732415598315,-16.8284338065537,"50","=HYPERLINK(""Frames_for_Analysis/2735_20250717_0002_R_2542.jpg"",""2735_20250717_0002_R_2542.jpg"")","",""
2735,2736,145.732407081346,-16.8285194037811,"","=HYPERLINK(""Frames_for_Analysis/2736_20250717_0002_R_2539.jpg"",""2736_20250717_0002_R_2539.jpg"")","",""
2736,2737,145.732398564376,-16.8286050009699,"","=HYPERLINK(""Frames_for_Analysis/2737_20250717_0002_R_2534.jpg"",""2737_20250717_0002_R_2534.jpg"")","",""
2737,2738,145.732392473584,-16.8286907731442,"","=HYPERLINK(""Frames_for_Analysis/2738_20250717_0002_R_2531.jpg"",""2738_20250717_0002_R_2531.jpg"")","",""
2738,2739,145.73238749071,-16.8287766252048,"","=HYPERLINK(""Frames_for_Analysis/2739_20250717_0002_R_2526.jpg"",""2739_20250717_0002_R_2526.jpg"")","",""
2739,2740,145.732382507836,-16.8288624772265,"50","=HYPERLINK(""Frames_for_Analysis/2740_20250717_0002_R_2522.jpg"",""2740_20250717_0002_R_2522.jpg"")","",""
2740,2741,145.732395494063,-16.8289471861315,"","=HYPERLINK(""Frames_for_Analysis/2741_20250717_0002_R_2518.jpg"",""2741_20250717_0002_R_2518.jpg"")","",""
2741,2742,145.732412302668,-16.8290316518438,"","=HYPERLINK(""Frames_for_Analysis/2742_20250717_0002_R_2513.jpg"",""2742_20250717_0002_R_2513.jpg"")","",""
2742,2743,145.732429111273,-16.8291161175185,"","=HYPERLINK(""Frames_for_Analysis/2743_20250717_0002_R_2509.jpg"",""2743_20250717_0002_R_2509.jpg"")","",""
2743,2744,145.732445040665,-16.8292007334135,"","=HYPERLINK(""Frames_for_Analysis/2744_20250717_0002_R_2505.jpg"",""2744_20250717_0002_R_2505.jpg"")","",""
2744,2745,145.732459808899,-16.8292855477129,"50","=HYPERLINK(""Frames_for_Analysis/2745_20250717_0002_R_2501.jpg"",""2745_20250717_0002_R_2501.jpg"")","",""
2745,2746,145.732474577133,-16.8293703619744,"","=HYPERLINK(""Frames_for_Analysis/2746_20250717_0002_R_2497.jpg"",""2746_20250717_0002_R_2497.jpg"")","",""
2746,2747,145.732490866828,-16.8294549092803,"","=HYPERLINK(""Frames_for_Analysis/2747_20250717_0002_R_2493.jpg"",""2747_20250717_0002_R_2493.jpg"")","",""
2747,2748,145.732508484358,-16.8295392236003,"","=HYPERLINK(""Frames_for_Analysis/2748_20250717_0002_R_2489.jpg"",""2748_20250717_0002_R_2489.jpg"")","",""
2748,2749,145.732527535764,-16.829623149086,"","=HYPERLINK(""Frames_for_Analysis/2749_20250717_0002_R_2485.jpg"",""2749_20250717_0002_R_2485.jpg"")","",""
2749,2750,145.732558735504,-16.8297037805081,"50","=HYPERLINK(""Frames_for_Analysis/2750_20250717_0002_R_2480.jpg"",""2750_20250717_0002_R_2480.jpg"")","",""
2750,2751,145.732587447032,-16.8297850191418,"","=HYPERLINK(""Frames_for_Analysis/2751_20250717_0002_R_2477.jpg"",""2751_20250717_0002_R_2477.jpg"")","",""
2751,2752,145.73260039109,-16.8298701057767,"","=HYPERLINK(""Frames_for_Analysis/2752_20250717_0002_R_2473.jpg"",""2752_20250717_0002_R_2473.jpg"")","",""
2752,2753,145.732602933854,-16.8299558303195,"","=HYPERLINK(""Frames_for_Analysis/2753_20250717_0002_R_2469.jpg"",""2753_20250717_0002_R_2469.jpg"")","",""
2753,2754,145.732601441364,-16.8300418023189,"","=HYPERLINK(""Frames_for_Analysis/2754_20250717_0002_R_2467.jpg"",""2754_20250717_0002_R_2467.jpg"")","",""
2754,2755,145.732599948875,-16.8301277742794,"50","=HYPERLINK(""Frames_for_Analysis/2755_20250717_0002_R_2463.jpg"",""2755_20250717_0002_R_2463.jpg"")","",""
2755,2756,145.732598456385,-16.8302137462008,"","=HYPERLINK(""Frames_for_Analysis/2756_20250717_0002_R_2458.jpg"",""2756_20250717_0002_R_2458.jpg"")","",""
2756,2757,145.732576892385,-16.8302962635917,"","=HYPERLINK(""Frames_for_Analysis/2757_20250717_0002_R_2454.jpg"",""2757_20250717_0002_R_2454.jpg"")","",""
2757,2758,145.732547002076,-16.8303773479131,"","=HYPERLINK(""Frames_for_Analysis/2758_20250717_0002_R_2450.jpg"",""2758_20250717_0002_R_2450.jpg"")","",""
2758,2759,145.732531492267,-16.8304615184128,"","=HYPERLINK(""Frames_for_Analysis/2759_20250717_0002_R_2446.jpg"",""2759_20250717_0002_R_2446.jpg"")","",""
2759,2760,145.73252235163,-16.8305470557685,"50","=HYPERLINK(""Frames_for_Analysis/2760_20250717_0002_R_2443.jpg"",""2760_20250717_0002_R_2443.jpg"")","",""
2760,2761,145.732513210993,-16.8306325930857,"","=HYPERLINK(""Frames_for_Analysis/2761_20250717_0002_R_2439.jpg"",""2761_20250717_0002_R_2439.jpg"")","",""
2761,2762,145.732504070356,-16.8307181303642,"","=HYPERLINK(""Frames_for_Analysis/2762_20250717_0002_R_2436.jpg"",""2762_20250717_0002_R_2436.jpg"")","",""
2762,2763,145.732486061517,-16.8308020712198,"","=HYPERLINK(""Frames_for_Analysis/2763_20250717_0002_R_2432.jpg"",""2763_20250717_0002_R_2432.jpg"")","",""
2763,2764,145.73246211238,-16.8308849427127,"","=HYPERLINK(""Frames_for_Analysis/2764_20250717_0002_R_2428.jpg"",""2764_20250717_0002_R_2428.jpg"")","",""
2764,2765,145.732438163243,-16.8309678141693,"50","=HYPERLINK(""Frames_for_Analysis/2765_20250717_0002_R_2425.jpg"",""2765_20250717_0002_R_2425.jpg"")","",""
2765,2766,145.732401620229,-16.8310456303765,"","=HYPERLINK(""Frames_for_Analysis/2766_20250717_0002_R_2421.jpg"",""2766_20250717_0002_R_2421.jpg"")","",""
2766,2767,145.732356648731,-16.8311200633392,"","=HYPERLINK(""Frames_for_Analysis/2767_20250717_0002_R_2417.jpg"",""2767_20250717_0002_R_2417.jpg"")","",""
2767,2768,145.732311677234,-16.8311944962727,"","=HYPERLINK(""Frames_for_Analysis/2768_20250717_0002_R_2413.jpg"",""2768_20250717_0002_R_2413.jpg"")","",""
2768,2769,145.732266995574,-16.831269066255,"","=HYPERLINK(""Frames_for_Analysis/2769_20250717_0002_R_2410.jpg"",""2769_20250717_0002_R_2410.jpg"")","",""
2769,2770,145.732232548681,-16.8313484767124,"50","=HYPERLINK(""Frames_for_Analysis/2770_20250717_0002_R_2405.jpg"",""2770_20250717_0002_R_2405.jpg"")","",""
2770,2771,145.732198101788,-16.8314278871365,"","=HYPERLINK(""Frames_for_Analysis/2771_20250717_0002_R_2401.jpg"",""2771_20250717_0002_R_2401.jpg"")","",""
2771,2772,145.732163654895,-16.8315072975273,"","=HYPERLINK(""Frames_for_Analysis/2772_20250717_0002_R_2397.jpg"",""2772_20250717_0002_R_2397.jpg"")","",""
2772,2773,145.732127549432,-16.8315860138961,"","=HYPERLINK(""Frames_for_Analysis/2773_20250717_0002_R_2393.jpg"",""2773_20250717_0002_R_2393.jpg"")","",""
2773,2774,145.732090044249,-16.8316641445529,"","=HYPERLINK(""Frames_for_Analysis/2774_20250717_0002_R_2389.jpg"",""2774_20250717_0002_R_2389.jpg"")","",""
2774,2775,145.732045933096,-16.8317387546374,"50","=HYPERLINK(""Frames_for_Analysis/2775_20250717_0002_R_2384.jpg"",""2775_20250717_0002_R_2384.jpg"")","",""
2775,2776,145.731996299866,-16.831810421797,"","=HYPERLINK(""Frames_for_Analysis/2776_20250717_0002_R_2380.jpg"",""2776_20250717_0002_R_2380.jpg"")","",""
2776,2777,145.731946666637,-16.8318820889294,"","=HYPERLINK(""Frames_for_Analysis/2777_20250717_0002_R_2376.jpg"",""2777_20250717_0002_R_2376.jpg"")","",""
2777,2778,145.731897033407,-16.8319537560347,"","=HYPERLINK(""Frames_for_Analysis/2778_20250717_0002_R_2372.jpg"",""2778_20250717_0002_R_2372.jpg"")","",""
2778,2779,145.731847400178,-16.8320254231129,"","=HYPERLINK(""Frames_for_Analysis/2779_20250717_0002_R_2368.jpg"",""2779_20250717_0002_R_2368.jpg"")","",""
2779,2780,145.731794988094,-16.8320952478886,"50","=HYPERLINK(""Frames_for_Analysis/2780_20250717_0002_R_2363.jpg"",""2780_20250717_0002_R_2363.jpg"")","",""
2780,2781,145.731742343773,-16.832164918675,"","=HYPERLINK(""Frames_for_Analysis/2781_20250717_0002_R_2359.jpg"",""2781_20250717_0002_R_2359.jpg"")","",""
2781,2782,145.731689699453,-16.8322345894358,"","=HYPERLINK(""Frames_for_Analysis/2782_20250717_0002_R_2355.jpg"",""2782_20250717_0002_R_2355.jpg"")","",""
2782,2783,145.731637055132,-16.832304260171,"","=HYPERLINK(""Frames_for_Analysis/2783_20250717_0002_R_2350.jpg"",""2783_20250717_0002_R_2350.jpg"")","",""
2783,2784,145.731584410812,-16.8323739308806,"","=HYPERLINK(""Frames_for_Analysis/2784_20250717_0002_R_2347.jpg"",""2784_20250717_0002_R_2347.jpg"")","",""
2784,2785,145.731531766491,-16.8324436015644,"50","=HYPERLINK(""Frames_for_Analysis/2785_20250717_0002_R_2344.jpg"",""2785_20250717_0002_R_2344.jpg"")","",""
2785,2786,145.731473423772,-16.8325089728104,"","=HYPERLINK(""Frames_for_Analysis/2786_20250717_0002_R_2341.jpg"",""2786_20250717_0002_R_2341.jpg"")","",""
2786,2787,145.731414941008,-16.8325742383708,"","=HYPERLINK(""Frames_for_Analysis/2787_20250717_0002_R_2337.jpg"",""2787_20250717_0002_R_2337.jpg"")","",""
2787,2788,145.731355873428,-16.8326389207981,"","=HYPERLINK(""Frames_for_Analysis/2788_20250717_0002_R_2333.jpg"",""2788_20250717_0002_R_2333.jpg"")","",""
2788,2789,145.731285354403,-16.8326921851436,"","=HYPERLINK(""Frames_for_Analysis/2789_20250717_0002_R_2329.jpg"",""2789_20250717_0002_R_2329.jpg"")","",""
2789,2790,145.73121483422,-16.832745448068,"50","=HYPERLINK(""Frames_for_Analysis/2790_20250717_0002_R_2325.jpg"",""2790_20250717_0002_R_2325.jpg"")","",""
2790,2791,145.731144307256,-16.8327987027524,"","=HYPERLINK(""Frames_for_Analysis/2791_20250717_0002_R_2321.jpg"",""2791_20250717_0002_R_2321.jpg"")","",""
2791,2792,145.731071986855,-16.8328496929453,"","=HYPERLINK(""Frames_for_Analysis/2792_20250717_0002_R_2317.jpg"",""2792_20250717_0002_R_2317.jpg"")","",""
2792,2793,145.730999366309,-16.8329003041944,"","=HYPERLINK(""Frames_for_Analysis/2793_20250717_0002_R_2313.jpg"",""2793_20250717_0002_R_2313.jpg"")","",""
2793,2794,145.73092674669,-16.8329509166484,"","=HYPERLINK(""Frames_for_Analysis/2794_20250717_0002_R_2308.jpg"",""2794_20250717_0002_R_2308.jpg"")","",""
2794,2795,145.730854148962,-16.8330015578281,"50","=HYPERLINK(""Frames_for_Analysis/2795_20250717_0002_R_2304.jpg"",""2795_20250717_0002_R_2304.jpg"")","",""
2795,2796,145.730781592741,-16.8330522534861,"","=HYPERLINK(""Frames_for_Analysis/2796_20250717_0002_R_2301.jpg"",""2796_20250717_0002_R_2301.jpg"")","",""
2796,2797,145.730712269956,-16.8331065959098,"","=HYPERLINK(""Frames_for_Analysis/2797_20250717_0002_R_2296.jpg"",""2797_20250717_0002_R_2296.jpg"")","",""
2797,2798,145.730648209899,-16.8331668737994,"","=HYPERLINK(""Frames_for_Analysis/2798_20250717_0002_R_2292.jpg"",""2798_20250717_0002_R_2292.jpg"")","",""
2798,2799,145.730584149843,-16.8332271516697,"","=HYPERLINK(""Frames_for_Analysis/2799_20250717_0002_R_2288.jpg"",""2799_20250717_0002_R_2288.jpg"")","",""
2799,2800,145.730520089786,-16.8332874295209,"50","=HYPERLINK(""Frames_for_Analysis/2800_20250717_0002_R_2284.jpg"",""2800_20250717_0002_R_2284.jpg"")","",""
2800,2801,145.730456029729,-16.8333477073528,"","=HYPERLINK(""Frames_for_Analysis/2801_20250717_0002_R_2279.jpg"",""2801_20250717_0002_R_2279.jpg"")","",""
2801,2802,145.730391969672,-16.8334079851656,"","=HYPERLINK(""Frames_for_Analysis/2802_20250717_0002_R_2274.jpg"",""2802_20250717_0002_R_2274.jpg"")","",""
2802,2803,145.730332252862,-16.8334718033826,"","=HYPERLINK(""Frames_for_Analysis/2803_20250717_0002_R_2269.jpg"",""2803_20250717_0002_R_2269.jpg"")","",""
2803,2804,145.730280279226,-16.8335419334702,"","=HYPERLINK(""Frames_for_Analysis/2804_20250717_0002_R_2264.jpg"",""2804_20250717_0002_R_2264.jpg"")","",""
2804,2805,145.730228305589,-16.8336120635317,"50","=HYPERLINK(""Frames_for_Analysis/2805_20250717_0002_R_2260.jpg"",""2805_20250717_0002_R_2260.jpg"")","",""
2805,2806,145.730176331953,-16.8336821935673,"","=HYPERLINK(""Frames_for_Analysis/2806_20250717_0002_R_2254.jpg"",""2806_20250717_0002_R_2254.jpg"")","",""
2806,2807,145.730124358316,-16.8337523235769,"","=HYPERLINK(""Frames_for_Analysis/2807_20250717_0002_R_2250.jpg"",""2807_20250717_0002_R_2250.jpg"")","",""
2807,2808,145.730076181245,-16.833824713187,"","=HYPERLINK(""Frames_for_Analysis/2808_20250717_0002_R_2245.jpg"",""2808_20250717_0002_R_2245.jpg"")","",""
2808,2809,145.730033457029,-16.833900348179,"","=HYPERLINK(""Frames_for_Analysis/2809_20250717_0002_R_2241.jpg"",""2809_20250717_0002_R_2241.jpg"")","",""
2809,2810,145.729990732812,-16.8339759831408,"50","=HYPERLINK(""Frames_for_Analysis/2810_20250717_0002_R_2236.jpg"",""2810_20250717_0002_R_2236.jpg"")","",""
2810,2811,145.729948008595,-16.8340516180723,"","=HYPERLINK(""Frames_for_Analysis/2811_20250717_0002_R_2231.jpg"",""2811_20250717_0002_R_2231.jpg"")","",""
2811,2812,145.729910111953,-16.8341293890599,"","=HYPERLINK(""Frames_for_Analysis/2812_20250717_0002_R_2227.jpg"",""2812_20250717_0002_R_2227.jpg"")","",""
2812,2813,145.72987759416,-16.8342095400262,"","=HYPERLINK(""Frames_for_Analysis/2813_20250717_0002_R_2222.jpg"",""2813_20250717_0002_R_2222.jpg"")","",""
2813,2814,145.729845076367,-16.8342896909585,"","=HYPERLINK(""Frames_for_Analysis/2814_20250717_0002_R_2218.jpg"",""2814_20250717_0002_R_2218.jpg"")","",""
2814,2815,145.729815998674,-16.8343710268974,"50","=HYPERLINK(""Frames_for_Analysis/2815_20250717_0002_R_2214.jpg"",""2815_20250717_0002_R_2214.jpg"")","",""
2815,2816,145.729787694705,-16.8344526293326,"","=HYPERLINK(""Frames_for_Analysis/2816_20250717_0002_R_2210.jpg"",""2816_20250717_0002_R_2210.jpg"")","",""
2816,2817,145.72975706573,-16.8345334310892,"","=HYPERLINK(""Frames_for_Analysis/2817_20250717_0002_R_2205.jpg"",""2817_20250717_0002_R_2205.jpg"")","",""
2817,2818,145.729724565968,-16.8346135885843,"","=HYPERLINK(""Frames_for_Analysis/2818_20250717_0002_R_2202.jpg"",""2818_20250717_0002_R_2202.jpg"")","",""
2818,2819,145.729692066206,-16.8346937460454,"","=HYPERLINK(""Frames_for_Analysis/2819_20250717_0002_R_2198.jpg"",""2819_20250717_0002_R_2198.jpg"")","",""
2819,2820,145.729659566445,-16.8347739034725,"50","=HYPERLINK(""Frames_for_Analysis/2820_20250717_0002_R_2193.jpg"",""2820_20250717_0002_R_2193.jpg"")","",""
2820,2821,145.729627549982,-16.834854226005,"","=HYPERLINK(""Frames_for_Analysis/2821_20250717_0002_R_2188.jpg"",""2821_20250717_0002_R_2188.jpg"")","",""
2821,2822,145.729599667797,-16.834935961151,"","=HYPERLINK(""Frames_for_Analysis/2822_20250717_0002_R_2183.jpg"",""2822_20250717_0002_R_2183.jpg"")","",""
2822,2823,145.729571785612,-16.8350176962618,"","=HYPERLINK(""Frames_for_Analysis/2823_20250717_0002_R_2179.jpg"",""2823_20250717_0002_R_2179.jpg"")","",""
2823,2824,145.729543903427,-16.8350994313373,"","=HYPERLINK(""Frames_for_Analysis/2824_20250717_0002_R_2174.jpg"",""2824_20250717_0002_R_2174.jpg"")","",""
2824,2825,145.729516021242,-16.8351811663775,"50","=HYPERLINK(""Frames_for_Analysis/2825_20250717_0002_R_2169.jpg"",""2825_20250717_0002_R_2169.jpg"")","",""
2825,2826,145.729487302652,-16.8352626216507,"","=HYPERLINK(""Frames_for_Analysis/2826_20250717_0002_R_2165.jpg"",""2826_20250717_0002_R_2165.jpg"")","",""
2826,2827,145.729455933074,-16.8353431902781,"","=HYPERLINK(""Frames_for_Analysis/2827_20250717_0002_R_2161.jpg"",""2827_20250717_0002_R_2161.jpg"")","",""
2827,2828,145.729424563495,-16.8354237588712,"","=HYPERLINK(""Frames_for_Analysis/2828_20250717_0002_R_2157.jpg"",""2828_20250717_0002_R_2157.jpg"")","",""
2828,2829,145.729395224201,-16.8355049459877,"","=HYPERLINK(""Frames_for_Analysis/2829_20250717_0002_R_2153.jpg"",""2829_20250717_0002_R_2153.jpg"")","",""
2829,2830,145.72937216388,-16.8355880460546,"50","=HYPERLINK(""Frames_for_Analysis/2830_20250717_0002_R_2149.jpg"",""2830_20250717_0002_R_2149.jpg"")","",""
2830,2831,145.729349103559,-16.835671146085,"","=HYPERLINK(""Frames_for_Analysis/2831_20250717_0002_R_2145.jpg"",""2831_20250717_0002_R_2145.jpg"")","",""
2831,2832,145.729326043238,-16.8357542460789,"","=HYPERLINK(""Frames_for_Analysis/2832_20250717_0002_R_2140.jpg"",""2832_20250717_0002_R_2140.jpg"")","",""
2832,2833,145.729302982916,-16.8358373460363,"","=HYPERLINK(""Frames_for_Analysis/2833_20250717_0002_R_2136.jpg"",""2833_20250717_0002_R_2136.jpg"")","",""
2833,2834,145.729279922595,-16.8359204459573,"","=HYPERLINK(""Frames_for_Analysis/2834_20250717_0002_R_2131.jpg"",""2834_20250717_0002_R_2131.jpg"")","",""
2834,2835,145.729264120257,-16.8360048732999,"50","=HYPERLINK(""Frames_for_Analysis/2835_20250717_0002_R_2127.jpg"",""2835_20250717_0002_R_2127.jpg"")","",""
2835,2836,145.729253543936,-16.8360902564261,"","=HYPERLINK(""Frames_for_Analysis/2836_20250717_0002_R_2122.jpg"",""2836_20250717_0002_R_2122.jpg"")","",""
2836,2837,145.729242967536,-16.8361756395048,"","=HYPERLINK(""Frames_for_Analysis/2837_20250717_0002_R_2118.jpg"",""2837_20250717_0002_R_2118.jpg"")","",""
2837,2838,145.729232391136,-16.8362610225449,"","=HYPERLINK(""Frames_for_Analysis/2838_20250717_0002_R_2115.jpg"",""2838_20250717_0002_R_2115.jpg"")","",""
2838,2839,145.729221814736,-16.8363464055466,"","=HYPERLINK(""Frames_for_Analysis/2839_20250717_0002_R_2111.jpg"",""2839_20250717_0002_R_2111.jpg"")","",""
2839,2840,145.729211346339,-16.8364317993217,"50","=HYPERLINK(""Frames_for_Analysis/2840_20250717_0002_R_2106.jpg"",""2840_20250717_0002_R_2106.jpg"")","",""
2840,2841,145.729203235368,-16.8365174290542,"","=HYPERLINK(""Frames_for_Analysis/2841_20250717_0002_R_2102.jpg"",""2841_20250717_0002_R_2102.jpg"")","",""
2841,2842,145.729195124396,-16.836603058748,"","=HYPERLINK(""Frames_for_Analysis/2842_20250717_0002_R_2099.jpg"",""2842_20250717_0002_R_2099.jpg"")","",""
2842,2843,145.729187013424,-16.836688688403,"","=HYPERLINK(""Frames_for_Analysis/2843_20250717_0002_R_2094.jpg"",""2843_20250717_0002_R_2094.jpg"")","",""
2843,2844,145.729178902453,-16.8367743180193,"","=HYPERLINK(""Frames_for_Analysis/2844_20250717_0002_R_2090.jpg"",""2844_20250717_0002_R_2090.jpg"")","",""
2844,2845,145.729168629982,-16.8368595810692,"50","=HYPERLINK(""Frames_for_Analysis/2845_20250717_0002_R_2086.jpg"",""2845_20250717_0002_R_2086.jpg"")","",""
2845,2846,145.7291455119,-16.836942665838,"","=HYPERLINK(""Frames_for_Analysis/2846_20250717_0002_R_2082.jpg"",""2846_20250717_0002_R_2082.jpg"")","",""
2846,2847,145.729122393819,-16.8370257505704,"","=HYPERLINK(""Frames_for_Analysis/2847_20250717_0002_R_2078.jpg"",""2847_20250717_0002_R_2078.jpg"")","",""
2847,2848,145.729099275738,-16.8371088352663,"","=HYPERLINK(""Frames_for_Analysis/2848_20250717_0002_R_2074.jpg"",""2848_20250717_0002_R_2074.jpg"")","",""
2848,2849,145.729076157693,-16.837191919935,"","=HYPERLINK(""Frames_for_Analysis/2849_20250717_0002_R_2069.jpg"",""2849_20250717_0002_R_2069.jpg"")","",""
2849,2850,145.729038360744,-16.8372695667315,"50","=HYPERLINK(""Frames_for_Analysis/2850_20250717_0002_R_2067.jpg"",""2850_20250717_0002_R_2067.jpg"")","",""
2850,2851,145.728997013677,-16.8373458983024,"","=HYPERLINK(""Frames_for_Analysis/2851_20250717_0002_R_2062.jpg"",""2851_20250717_0002_R_2062.jpg"")","",""
2851,2852,145.72895566661,-16.8374222298425,"","=HYPERLINK(""Frames_for_Analysis/2852_20250717_0002_R_2059.jpg"",""2852_20250717_0002_R_2059.jpg"")","",""
2852,2853,145.728913595233,-16.8374981909222,"","=HYPERLINK(""Frames_for_Analysis/2853_20250717_0002_R_2055.jpg"",""2853_20250717_0002_R_2055.jpg"")","",""
2853,2854,145.728870278371,-16.8375735149989,"","=HYPERLINK(""Frames_for_Analysis/2854_20250717_0002_R_2052.jpg"",""2854_20250717_0002_R_2052.jpg"")","",""
2854,2855,145.728826961509,-16.8376488390457,"50","=HYPERLINK(""Frames_for_Analysis/2855_20250717_0002_R_2047.jpg"",""2855_20250717_0002_R_2047.jpg"")","",""
2855,2856,145.728776672119,-16.8377185623774,"","=HYPERLINK(""Frames_for_Analysis/2856_20250717_0002_R_2045.jpg"",""2856_20250717_0002_R_2045.jpg"")","",""
2856,2857,145.728706683209,-16.8377724620429,"","=HYPERLINK(""Frames_for_Analysis/2857_20250717_0002_R_2041.jpg"",""2857_20250717_0002_R_2041.jpg"")","",""
2857,2858,145.728636694299,-16.837826361693,"","=HYPERLINK(""Frames_for_Analysis/2858_20250717_0002_R_2037.jpg"",""2858_20250717_0002_R_2037.jpg"")","",""
2858,2859,145.728566705389,-16.8378802613278,"","=HYPERLINK(""Frames_for_Analysis/2859_20250717_0002_R_2033.jpg"",""2859_20250717_0002_R_2033.jpg"")","",""
2859,2860,145.728490795601,-16.8379259053521,"50","=HYPERLINK(""Frames_for_Analysis/2860_20250717_0002_R_2030.jpg"",""2860_20250717_0002_R_2030.jpg"")","",""
2860,2861,145.728413089203,-16.8379690443193,"","=HYPERLINK(""Frames_for_Analysis/2861_20250717_0002_R_2026.jpg"",""2861_20250717_0002_R_2026.jpg"")","",""
2861,2862,145.728335382806,-16.8380121832768,"","=HYPERLINK(""Frames_for_Analysis/2862_20250717_0002_R_2022.jpg"",""2862_20250717_0002_R_2022.jpg"")","",""
2862,2863,145.728257676408,-16.8380553222244,"","=HYPERLINK(""Frames_for_Analysis/2863_20250717_0002_R_2019.jpg"",""2863_20250717_0002_R_2019.jpg"")","",""
2863,2864,145.728184848439,-16.8381037814234,"","=HYPERLINK(""Frames_for_Analysis/2864_20250717_0002_R_2016.jpg"",""2864_20250717_0002_R_2016.jpg"")","",""
2864,2865,145.728113124201,-16.8381540911616,"50","=HYPERLINK(""Frames_for_Analysis/2865_20250717_0002_R_2013.jpg"",""2865_20250717_0002_R_2013.jpg"")","",""
2865,2866,145.728023578767,-16.8381609477465,"","=HYPERLINK(""Frames_for_Analysis/2866_20250717_0002_R_2010.jpg"",""2866_20250717_0002_R_2010.jpg"")","",""
2866,2867,145.727934033334,-16.8381678043311,"","=HYPERLINK(""Frames_for_Analysis/2867_20250717_0002_R_2007.jpg"",""2867_20250717_0002_R_2007.jpg"")","",""
2867,2868,145.7278444879,-16.8381746609154,"","=HYPERLINK(""Frames_for_Analysis/2868_20250717_0002_R_2003.jpg"",""2868_20250717_0002_R_2003.jpg"")","",""
2868,2869,145.727756991894,-16.8381598742669,"","=HYPERLINK(""Frames_for_Analysis/2869_20250717_0002_R_1999.jpg"",""2869_20250717_0002_R_1999.jpg"")","",""
2869,2870,145.727670193484,-16.8381377205635,"50","=HYPERLINK(""Frames_for_Analysis/2870_20250717_0002_R_1997.jpg"",""2870_20250717_0002_R_1997.jpg"")","",""
2870,2871,145.727584045456,-16.8381133983916,"","=HYPERLINK(""Frames_for_Analysis/2871_20250717_0002_R_1993.jpg"",""2871_20250717_0002_R_1993.jpg"")","",""
2871,2872,145.727498186458,-16.8380881125516,"","=HYPERLINK(""Frames_for_Analysis/2872_20250717_0002_R_1989.jpg"",""2872_20250717_0002_R_1989.jpg"")","",""
2872,2873,145.727421941552,-16.838044526501,"","=HYPERLINK(""Frames_for_Analysis/2873_20250717_0002_R_1987.jpg"",""2873_20250717_0002_R_1987.jpg"")","",""
2873,2874,145.727344467897,-16.8380010057519,"","=HYPERLINK(""Frames_for_Analysis/2874_20250717_0002_R_1984.jpg"",""2874_20250717_0002_R_1984.jpg"")","",""
2874,2875,145.727266994243,-16.8379574849928,"50","=HYPERLINK(""Frames_for_Analysis/2875_20250717_0002_R_1980.jpg"",""2875_20250717_0002_R_1980.jpg"")","",""
2875,2876,145.727189520588,-16.8379139642237,"","=HYPERLINK(""Frames_for_Analysis/2876_20250717_0002_R_1977.jpg"",""2876_20250717_0002_R_1977.jpg"")","",""
2876,2877,145.727112046934,-16.8378704434446,"","=HYPERLINK(""Frames_for_Analysis/2877_20250717_0002_R_1974.jpg"",""2877_20250717_0002_R_1974.jpg"")","",""
2877,2878,145.727043181019,-16.8378155051881,"","=HYPERLINK(""Frames_for_Analysis/2878_20250717_0002_R_1971.jpg"",""2878_20250717_0002_R_1971.jpg"")","",""
2878,2879,145.726975609448,-16.8377588500726,"","=HYPERLINK(""Frames_for_Analysis/2879_20250717_0002_R_1968.jpg"",""2879_20250717_0002_R_1968.jpg"")","",""
2879,2880,145.726908037876,-16.8377021949403,"50","=HYPERLINK(""Frames_for_Analysis/2880_20250717_0002_R_1964.jpg"",""2880_20250717_0002_R_1964.jpg"")","",""
2880,2881,145.726850861808,-16.8376377847051,"","=HYPERLINK(""Frames_for_Analysis/2881_20250717_0002_R_1962.jpg"",""2881_20250717_0002_R_1962.jpg"")","",""
2881,2882,145.726809959904,-16.8375612338533,"","=HYPERLINK(""Frames_for_Analysis/2882_20250717_0002_R_1957.jpg"",""2882_20250717_0002_R_1957.jpg"")","",""
2882,2883,145.726769058,-16.8374846829705,"","=HYPERLINK(""Frames_for_Analysis/2883_20250717_0002_R_1954.jpg"",""2883_20250717_0002_R_1954.jpg"")","",""
2883,2884,145.726728156095,-16.8374081320567,"","=HYPERLINK(""Frames_for_Analysis/2884_20250717_0002_R_1951.jpg"",""2884_20250717_0002_R_1951.jpg"")","",""
2884,2885,145.72668683572,-16.8373317906058,"50","=HYPERLINK(""Frames_for_Analysis/2885_20250717_0002_R_1947.jpg"",""2885_20250717_0002_R_1947.jpg"")","",""
2885,2886,145.726644472496,-16.8372559711914,"","=HYPERLINK(""Frames_for_Analysis/2886_20250717_0002_R_1945.jpg"",""2886_20250717_0002_R_1945.jpg"")","",""
2886,2887,145.726602109272,-16.8371801517468,"","=HYPERLINK(""Frames_for_Analysis/2887_20250717_0002_R_1942.jpg"",""2887_20250717_0002_R_1942.jpg"")","",""
2887,2888,145.726571474427,-16.8370998086451,"","=HYPERLINK(""Frames_for_Analysis/2888_20250717_0002_R_1939.jpg"",""2888_20250717_0002_R_1939.jpg"")","",""
2888,2889,145.726547076869,-16.8370170597918,"","=HYPERLINK(""Frames_for_Analysis/2889_20250717_0002_R_1935.jpg"",""2889_20250717_0002_R_1935.jpg"")","",""
2889,2890,145.726528796668,-16.8369332419716,"50","=HYPERLINK(""Frames_for_Analysis/2890_20250717_0002_R_1928.jpg"",""2890_20250717_0002_R_1928.jpg"")","",""
2890,2891,145.726521284877,-16.8368475646657,"","=HYPERLINK(""Frames_for_Analysis/2891_20250717_0002_R_1923.jpg"",""2891_20250717_0002_R_1923.jpg"")","",""
2891,2892,145.726515776397,-16.8367617456911,"","=HYPERLINK(""Frames_for_Analysis/2892_20250717_0002_R_1920.jpg"",""2892_20250717_0002_R_1920.jpg"")","",""
2892,2893,145.726516262746,-16.8366758161173,"","=HYPERLINK(""Frames_for_Analysis/2893_20250717_0002_R_1917.jpg"",""2893_20250717_0002_R_1917.jpg"")","",""
2893,2894,145.726518313084,-16.8365898576604,"","=HYPERLINK(""Frames_for_Analysis/2894_20250717_0002_R_1912.jpg"",""2894_20250717_0002_R_1912.jpg"")","",""
2894,2895,145.726520363423,-16.8365038991645,"50","=HYPERLINK(""Frames_for_Analysis/2895_20250717_0002_R_1909.jpg"",""2895_20250717_0002_R_1909.jpg"")","",""
2895,2896,145.726522413761,-16.8364179406296,"","=HYPERLINK(""Frames_for_Analysis/2896_20250717_0002_R_1906.jpg"",""2896_20250717_0002_R_1906.jpg"")","",""
2896,2897,145.7265244641,-16.8363319820557,"","=HYPERLINK(""Frames_for_Analysis/2897_20250717_0002_R_1903.jpg"",""2897_20250717_0002_R_1903.jpg"")","",""
2897,2898,145.726536017516,-16.8362468485609,"","=HYPERLINK(""Frames_for_Analysis/2898_20250717_0002_R_1899.jpg"",""2898_20250717_0002_R_1899.jpg"")","",""
2898,2899,145.726537731175,-16.8361611301678,"","=HYPERLINK(""Frames_for_Analysis/2899_20250717_0002_R_1896.jpg"",""2899_20250717_0002_R_1896.jpg"")","",""
2899,2900,145.72653798582,-16.836075149424,"50","=HYPERLINK(""Frames_for_Analysis/2900_20250717_0002_R_1893.jpg"",""2900_20250717_0002_R_1893.jpg"")","",""
2900,2901,145.726538240466,-16.8359891686412,"","=HYPERLINK(""Frames_for_Analysis/2901_20250717_0002_R_1888.jpg"",""2901_20250717_0002_R_1888.jpg"")","",""
2901,2902,145.726538495111,-16.8359031878193,"","=HYPERLINK(""Frames_for_Analysis/2902_20250717_0002_R_1885.jpg"",""2902_20250717_0002_R_1885.jpg"")","",""
2902,2903,145.726552528357,-16.835818435319,"","=HYPERLINK(""Frames_for_Analysis/2903_20250717_0002_R_1882.jpg"",""2903_20250717_0002_R_1882.jpg"")","",""
2903,2904,145.72656668437,-16.835733715188,"","=HYPERLINK(""Frames_for_Analysis/2904_20250717_0002_R_1877.jpg"",""2904_20250717_0002_R_1877.jpg"")","",""
2904,2905,145.726565108562,-16.8356477471346,"50","=HYPERLINK(""Frames_for_Analysis/2905_20250717_0002_R_1874.jpg"",""2905_20250717_0002_R_1874.jpg"")","",""
2905,2906,145.726563532754,-16.8355617790421,"","=HYPERLINK(""Frames_for_Analysis/2906_20250717_0002_R_1871.jpg"",""2906_20250717_0002_R_1871.jpg"")","",""
2906,2907,145.726563729712,-16.8354760877306,"","=HYPERLINK(""Frames_for_Analysis/2907_20250717_0002_R_1867.jpg"",""2907_20250717_0002_R_1867.jpg"")","",""
2907,2908,145.726593770401,-16.8353950565224,"","=HYPERLINK(""Frames_for_Analysis/2908_20250717_0002_R_1863.jpg"",""2908_20250717_0002_R_1863.jpg"")","",""
2908,2909,145.726623811089,-16.8353140252794,"","=HYPERLINK(""Frames_for_Analysis/2909_20250717_0002_R_1859.jpg"",""2909_20250717_0002_R_1859.jpg"")","",""
2909,2910,145.726653851778,-16.8352329940018,"50","=HYPERLINK(""Frames_for_Analysis/2910_20250717_0002_R_1855.jpg"",""2910_20250717_0002_R_1855.jpg"")","",""
2910,2911,145.726683892467,-16.8351519626895,"","=HYPERLINK(""Frames_for_Analysis/2911_20250717_0002_R_1852.jpg"",""2911_20250717_0002_R_1852.jpg"")","",""
2911,2912,145.726718957374,-16.8350728733152,"","=HYPERLINK(""Frames_for_Analysis/2912_20250717_0002_R_1848.jpg"",""2912_20250717_0002_R_1848.jpg"")","",""
2912,2913,145.726756129796,-16.8349945985092,"","=HYPERLINK(""Frames_for_Analysis/2913_20250717_0002_R_1844.jpg"",""2913_20250717_0002_R_1844.jpg"")","",""
2913,2914,145.726793302217,-16.8349163236709,"","=HYPERLINK(""Frames_for_Analysis/2914_20250717_0002_R_1841.jpg"",""2914_20250717_0002_R_1841.jpg"")","",""
2914,2915,145.726830474639,-16.8348380488002,"50","=HYPERLINK(""Frames_for_Analysis/2915_20250717_0002_R_1837.jpg"",""2915_20250717_0002_R_1837.jpg"")","",""
2915,2916,145.72686764706,-16.8347597738972,"","=HYPERLINK(""Frames_for_Analysis/2916_20250717_0002_R_1832.jpg"",""2916_20250717_0002_R_1832.jpg"")","",""
2916,2917,145.726918120312,-16.8346887990531,"","=HYPERLINK(""Frames_for_Analysis/2917_20250717_0002_R_1826.jpg"",""2917_20250717_0002_R_1826.jpg"")","",""
2917,2918,145.726969924775,-16.8346185548106,"","=HYPERLINK(""Frames_for_Analysis/2918_20250717_0002_R_1821.jpg"",""2918_20250717_0002_R_1821.jpg"")","",""
2918,2919,145.727019912494,-16.8345472701949,"","=HYPERLINK(""Frames_for_Analysis/2919_20250717_0002_R_1818.jpg"",""2919_20250717_0002_R_1818.jpg"")","",""
2919,2920,145.727060086376,-16.8344703657177,"50","=HYPERLINK(""Frames_for_Analysis/2920_20250717_0002_R_1810.jpg"",""2920_20250717_0002_R_1810.jpg"")","",""
2920,2921,145.727060311978,-16.8343886069977,"","=HYPERLINK(""Frames_for_Analysis/2921_20250717_0002_R_1805.jpg"",""2921_20250717_0002_R_1805.jpg"")","",""
2921,2922,145.727041489696,-16.834304533687,"","=HYPERLINK(""Frames_for_Analysis/2922_20250717_0002_R_1799.jpg"",""2922_20250717_0002_R_1799.jpg"")","",""
2922,2923,145.726980168626,-16.8342471586344,"","=HYPERLINK(""Frames_for_Analysis/2923_20250717_0002_R_1786.jpg"",""2923_20250717_0002_R_1786.jpg"")","",""
2923,2924,145.726907069809,-16.8341971825,"","=HYPERLINK(""Frames_for_Analysis/2924_20250717_0002_R_1780.jpg"",""2924_20250717_0002_R_1780.jpg"")","",""
2924,2925,145.726827631989,-16.8341593258118,"50","=HYPERLINK(""Frames_for_Analysis/2925_20250717_0002_R_1772.jpg"",""2925_20250717_0002_R_1772.jpg"")","",""
2925,2926,145.726742029153,-16.8341332559288,"","=HYPERLINK(""Frames_for_Analysis/2926_20250717_0002_R_1764.jpg"",""2926_20250717_0002_R_1764.jpg"")","",""
2926,2927,145.726656426318,-16.8341071860422,"","=HYPERLINK(""Frames_for_Analysis/2927_20250717_0002_R_1759.jpg"",""2927_20250717_0002_R_1759.jpg"")","",""
2927,2928,145.72656919858,-16.8340975580135,"","=HYPERLINK(""Frames_for_Analysis/2928_20250717_0002_R_1754.jpg"",""2928_20250717_0002_R_1754.jpg"")","",""
2928,2929,145.726480006924,-16.8341078022573,"","=HYPERLINK(""Frames_for_Analysis/2929_20250717_0002_R_1749.jpg"",""2929_20250717_0002_R_1749.jpg"")","",""
2929,2930,145.726390815267,-16.8341180465004,"50","=HYPERLINK(""Frames_for_Analysis/2930_20250717_0002_R_1744.jpg"",""2930_20250717_0002_R_1744.jpg"")","",""
2930,2931,145.726302452628,-16.8341312172049,"","=HYPERLINK(""Frames_for_Analysis/2931_20250717_0002_R_1739.jpg"",""2931_20250717_0002_R_1739.jpg"")","",""
2931,2932,145.726220070809,-16.8341655004362,"","=HYPERLINK(""Frames_for_Analysis/2932_20250717_0002_R_1734.jpg"",""2932_20250717_0002_R_1734.jpg"")","",""
2932,2933,145.72613768899,-16.8341997836613,"","=HYPERLINK(""Frames_for_Analysis/2933_20250717_0002_R_1729.jpg"",""2933_20250717_0002_R_1729.jpg"")","",""
2933,2934,145.726055307171,-16.8342340668802,"","=HYPERLINK(""Frames_for_Analysis/2934_20250717_0002_R_1724.jpg"",""2934_20250717_0002_R_1724.jpg"")","",""
2934,2935,145.725977227633,-16.8342763519739,"50","=HYPERLINK(""Frames_for_Analysis/2935_20250717_0002_R_1718.jpg"",""2935_20250717_0002_R_1718.jpg"")","",""
2935,2936,145.725900197761,-16.8343205893501,"","=HYPERLINK(""Frames_for_Analysis/2936_20250717_0002_R_1713.jpg"",""2936_20250717_0002_R_1713.jpg"")","",""
2936,2937,145.72582316789,-16.8343648267161,"","=HYPERLINK(""Frames_for_Analysis/2937_20250717_0002_R_1709.jpg"",""2937_20250717_0002_R_1709.jpg"")","",""
2937,2938,145.725765032537,-16.8344282607444,"","=HYPERLINK(""Frames_for_Analysis/2938_20250717_0002_R_1704.jpg"",""2938_20250717_0002_R_1704.jpg"")","",""
2938,2939,145.725714306167,-16.8344992222145,"","=HYPERLINK(""Frames_for_Analysis/2939_20250717_0002_R_1700.jpg"",""2939_20250717_0002_R_1700.jpg"")","",""
2939,2940,145.725663579798,-16.8345701836579,"50","=HYPERLINK(""Frames_for_Analysis/2940_20250717_0002_R_1695.jpg"",""2940_20250717_0002_R_1695.jpg"")","",""
2940,2941,145.725626086792,-16.8346476833455,"","=HYPERLINK(""Frames_for_Analysis/2941_20250717_0002_R_1691.jpg"",""2941_20250717_0002_R_1691.jpg"")","",""
2941,2942,145.725595031418,-16.8347283636709,"","=HYPERLINK(""Frames_for_Analysis/2942_20250717_0002_R_1688.jpg"",""2942_20250717_0002_R_1688.jpg"")","",""
2942,2943,145.725563976043,-16.8348090439619,"","=HYPERLINK(""Frames_for_Analysis/2943_20250717_0002_R_1683.jpg"",""2943_20250717_0002_R_1683.jpg"")","",""
2943,2944,145.725539891289,-16.8348918759046,"","=HYPERLINK(""Frames_for_Analysis/2944_20250717_0002_R_1679.jpg"",""2944_20250717_0002_R_1679.jpg"")","",""
2944,2945,145.7255158484,-16.8349747207341,"50","=HYPERLINK(""Frames_for_Analysis/2945_20250717_0002_R_1674.jpg"",""2945_20250717_0002_R_1674.jpg"")","",""
2945,2946,145.725501903025,-16.8350591427426,"","=HYPERLINK(""Frames_for_Analysis/2946_20250717_0002_R_1670.jpg"",""2946_20250717_0002_R_1670.jpg"")","",""
2946,2947,145.725476109344,-16.8351408155175,"","=HYPERLINK(""Frames_for_Analysis/2947_20250717_0002_R_1665.jpg"",""2947_20250717_0002_R_1665.jpg"")","",""
2947,2948,145.725444718642,-16.8352213766595,"","=HYPERLINK(""Frames_for_Analysis/2948_20250717_0002_R_1660.jpg"",""2948_20250717_0002_R_1660.jpg"")","",""
2948,2949,145.725419972181,-16.8353033497832,"","=HYPERLINK(""Frames_for_Analysis/2949_20250717_0002_R_1655.jpg"",""2949_20250717_0002_R_1655.jpg"")","",""
2949,2950,145.725412792878,-16.8353890561951,"50","=HYPERLINK(""Frames_for_Analysis/2950_20250717_0002_R_1651.jpg"",""2950_20250717_0002_R_1651.jpg"")","",""
2950,2951,145.725405613576,-16.8354747625682,"","=HYPERLINK(""Frames_for_Analysis/2951_20250717_0002_R_1648.jpg"",""2951_20250717_0002_R_1648.jpg"")","",""
2951,2952,145.725375723795,-16.8355554842387,"","=HYPERLINK(""Frames_for_Analysis/2952_20250717_0002_R_1644.jpg"",""2952_20250717_0002_R_1644.jpg"")","",""
2952,2953,145.725345375561,-16.8356361204624,"","=HYPERLINK(""Frames_for_Analysis/2953_20250717_0002_R_1640.jpg"",""2953_20250717_0002_R_1640.jpg"")","",""
2953,2954,145.725336973081,-16.8357217248004,"","=HYPERLINK(""Frames_for_Analysis/2954_20250717_0002_R_1638.jpg"",""2954_20250717_0002_R_1638.jpg"")","",""
2954,2955,145.7253285706,-16.8358073290998,"50","=HYPERLINK(""Frames_for_Analysis/2955_20250717_0002_R_1631.jpg"",""2955_20250717_0002_R_1631.jpg"")","",""
2955,2956,145.72532016812,-16.8358929333605,"","=HYPERLINK(""Frames_for_Analysis/2956_20250717_0002_R_1627.jpg"",""2956_20250717_0002_R_1627.jpg"")","",""
2956,2957,145.725311765639,-16.8359785375825,"","=HYPERLINK(""Frames_for_Analysis/2957_20250717_0002_R_1623.jpg"",""2957_20250717_0002_R_1623.jpg"")","",""
2957,2958,145.725294942265,-16.8360629068848,"","=HYPERLINK(""Frames_for_Analysis/2958_20250717_0002_R_1618.jpg"",""2958_20250717_0002_R_1618.jpg"")","",""
2958,2959,145.725276182035,-16.8361469921197,"","=HYPERLINK(""Frames_for_Analysis/2959_20250717_0002_R_1615.jpg"",""2959_20250717_0002_R_1615.jpg"")","",""
2959,2960,145.725257421755,-16.836231077307,"50","=HYPERLINK(""Frames_for_Analysis/2960_20250717_0002_R_1611.jpg"",""2960_20250717_0002_R_1611.jpg"")","",""
2960,2961,145.725238661425,-16.8363151624469,"","=HYPERLINK(""Frames_for_Analysis/2961_20250717_0002_R_1607.jpg"",""2961_20250717_0002_R_1607.jpg"")","",""
2961,2962,145.725219901095,-16.8363992475493,"","=HYPERLINK(""Frames_for_Analysis/2962_20250717_0002_R_1603.jpg"",""2962_20250717_0002_R_1603.jpg"")","",""
2962,2963,145.725201140766,-16.8364833326145,"","=HYPERLINK(""Frames_for_Analysis/2963_20250717_0002_R_1599.jpg"",""2963_20250717_0002_R_1599.jpg"")","",""
2963,2964,145.725160413403,-16.8365591611301,"","=HYPERLINK(""Frames_for_Analysis/2964_20250717_0002_R_1596.jpg"",""2964_20250717_0002_R_1596.jpg"")","",""
2964,2965,145.725137424742,-16.8366418614065,"50","=HYPERLINK(""Frames_for_Analysis/2965_20250717_0002_R_1592.jpg"",""2965_20250717_0002_R_1592.jpg"")","",""
2965,2966,145.725117259562,-16.8367256479404,"","=HYPERLINK(""Frames_for_Analysis/2966_20250717_0002_R_1587.jpg"",""2966_20250717_0002_R_1587.jpg"")","",""
2966,2967,145.725093884061,-16.8368082724214,"","=HYPERLINK(""Frames_for_Analysis/2967_20250717_0002_R_1585.jpg"",""2967_20250717_0002_R_1585.jpg"")","",""
2967,2968,145.725051773481,-16.8368842084161,"","=HYPERLINK(""Frames_for_Analysis/2968_20250717_0002_R_1581.jpg"",""2968_20250717_0002_R_1581.jpg"")","",""
2968,2969,145.725011996566,-16.8369613007175,"","=HYPERLINK(""Frames_for_Analysis/2969_20250717_0002_R_1577.jpg"",""2969_20250717_0002_R_1577.jpg"")","",""
2969,2970,145.724971145574,-16.8370378294635,"50","=HYPERLINK(""Frames_for_Analysis/2970_20250717_0002_R_1574.jpg"",""2970_20250717_0002_R_1574.jpg"")","",""
2970,2971,145.724924641248,-16.8371113921069,"","=HYPERLINK(""Frames_for_Analysis/2971_20250717_0002_R_1570.jpg"",""2971_20250717_0002_R_1570.jpg"")","",""
2971,2972,145.724878136923,-16.8371849547218,"","=HYPERLINK(""Frames_for_Analysis/2972_20250717_0002_R_1566.jpg"",""2972_20250717_0002_R_1566.jpg"")","",""
2972,2973,145.724828672521,-16.837256497353,"","=HYPERLINK(""Frames_for_Analysis/2973_20250717_0002_R_1563.jpg"",""2973_20250717_0002_R_1563.jpg"")","",""
2973,2974,145.724771172961,-16.8373225567704,"","=HYPERLINK(""Frames_for_Analysis/2974_20250717_0002_R_1559.jpg"",""2974_20250717_0002_R_1559.jpg"")","",""
2974,2975,145.724713673401,-16.8373886161648,"50","=HYPERLINK(""Frames_for_Analysis/2975_20250717_0002_R_1555.jpg"",""2975_20250717_0002_R_1555.jpg"")","",""
2975,2976,145.724656173841,-16.8374546755361,"","=HYPERLINK(""Frames_for_Analysis/2976_20250717_0002_R_1552.jpg"",""2976_20250717_0002_R_1552.jpg"")","",""
2976,2977,145.724591279543,-16.8375133986631,"","=HYPERLINK(""Frames_for_Analysis/2977_20250717_0002_R_1549.jpg"",""2977_20250717_0002_R_1549.jpg"")","",""
2977,2978,145.724520244082,-16.8375660292068,"","=HYPERLINK(""Frames_for_Analysis/2978_20250717_0002_R_1545.jpg"",""2978_20250717_0002_R_1545.jpg"")","",""
2978,2979,145.724449208621,-16.8376186597359,"","=HYPERLINK(""Frames_for_Analysis/2979_20250717_0002_R_1542.jpg"",""2979_20250717_0002_R_1542.jpg"")","",""
2979,2980,145.72437662671,-16.8376692474543,"50","=HYPERLINK(""Frames_for_Analysis/2980_20250717_0002_R_1538.jpg"",""2980_20250717_0002_R_1538.jpg"")","",""
2980,2981,145.724302248668,-16.8377174625479,"","=HYPERLINK(""Frames_for_Analysis/2981_20250717_0002_R_1534.jpg"",""2981_20250717_0002_R_1534.jpg"")","",""
2981,2982,145.724227870626,-16.8377656776292,"","=HYPERLINK(""Frames_for_Analysis/2982_20250717_0002_R_1531.jpg"",""2982_20250717_0002_R_1531.jpg"")","",""
2982,2983,145.724152914063,-16.8378122673481,"","=HYPERLINK(""Frames_for_Analysis/2983_20250717_0002_R_1527.jpg"",""2983_20250717_0002_R_1527.jpg"")","",""
2983,2984,145.724072353564,-16.8378503089526,"","=HYPERLINK(""Frames_for_Analysis/2984_20250717_0002_R_1523.jpg"",""2984_20250717_0002_R_1523.jpg"")","",""
2984,2985,145.723991793064,-16.8378883505495,"50","=HYPERLINK(""Frames_for_Analysis/2985_20250717_0002_R_1520.jpg"",""2985_20250717_0002_R_1520.jpg"")","",""
2985,2986,145.723911232565,-16.8379263921388,"","=HYPERLINK(""Frames_for_Analysis/2986_20250717_0002_R_1514.jpg"",""2986_20250717_0002_R_1514.jpg"")","",""
2986,2987,145.723830129857,-16.8379632808722,"","=HYPERLINK(""Frames_for_Analysis/2987_20250717_0002_R_1511.jpg"",""2987_20250717_0002_R_1511.jpg"")","",""
2987,2988,145.723746963641,-16.8379957821437,"","=HYPERLINK(""Frames_for_Analysis/2988_20250717_0002_R_1506.jpg"",""2988_20250717_0002_R_1506.jpg"")","",""
2988,2989,145.723663797425,-16.8380282834097,"","=HYPERLINK(""Frames_for_Analysis/2989_20250717_0002_R_1502.jpg"",""2989_20250717_0002_R_1502.jpg"")","",""
2989,2990,145.723580631209,-16.8380607846701,"50","=HYPERLINK(""Frames_for_Analysis/2990_20250717_0002_R_1498.jpg"",""2990_20250717_0002_R_1498.jpg"")","",""
2990,2991,145.723498234391,-16.8380950262098,"","=HYPERLINK(""Frames_for_Analysis/2991_20250717_0002_R_1493.jpg"",""2991_20250717_0002_R_1493.jpg"")","",""
2991,2992,145.723415954783,-16.8381295328571,"","=HYPERLINK(""Frames_for_Analysis/2992_20250717_0002_R_1489.jpg"",""2992_20250717_0002_R_1489.jpg"")","",""
2992,2993,145.723333675175,-16.8381640394982,"","=HYPERLINK(""Frames_for_Analysis/2993_20250717_0002_R_1485.jpg"",""2993_20250717_0002_R_1485.jpg"")","",""
2993,2994,145.723251395567,-16.8381985461329,"","=HYPERLINK(""Frames_for_Analysis/2994_20250717_0002_R_1481.jpg"",""2994_20250717_0002_R_1481.jpg"")","",""
2994,2995,145.723183246973,-16.8382539832367,"50","=HYPERLINK(""Frames_for_Analysis/2995_20250717_0002_R_1476.jpg"",""2995_20250717_0002_R_1476.jpg"")","",""
2995,2996,145.723116572254,-16.838311603387,"","=HYPERLINK(""Frames_for_Analysis/2996_20250717_0002_R_1472.jpg"",""2996_20250717_0002_R_1472.jpg"")","",""
2996,2997,145.723049897534,-16.8383692235198,"","=HYPERLINK(""Frames_for_Analysis/2997_20250717_0002_R_1467.jpg"",""2997_20250717_0002_R_1467.jpg"")","",""
2997,2998,145.722986807361,-16.8384298493169,"","=HYPERLINK(""Frames_for_Analysis/2998_20250717_0002_R_1462.jpg"",""2998_20250717_0002_R_1462.jpg"")","",""
2998,2999,145.722935899702,-16.8385006902526,"","=HYPERLINK(""Frames_for_Analysis/2999_20250717_0002_R_1458.jpg"",""2999_20250717_0002_R_1458.jpg"")","",""
2999,3000,145.722884992297,-16.8385715313297,"50","=HYPERLINK(""Frames_for_Analysis/3000_20250717_0002_R_1452.jpg"",""3000_20250717_0002_R_1452.jpg"")","",""
3000,3001,145.722834084892,-16.8386423723802,"","=HYPERLINK(""Frames_for_Analysis/3001_20250717_0002_R_1448.jpg"",""3001_20250717_0002_R_1448.jpg"")","",""
3001,3002,145.722783177487,-16.8387132134042,"","=HYPERLINK(""Frames_for_Analysis/3002_20250717_0002_R_1443.jpg"",""3002_20250717_0002_R_1443.jpg"")","",""
3002,3003,145.722737768846,-16.838787150667,"","=HYPERLINK(""Frames_for_Analysis/3003_20250717_0002_R_1440.jpg"",""3003_20250717_0002_R_1440.jpg"")","",""
3003,3004,145.722697802741,-16.8388641525042,"","=HYPERLINK(""Frames_for_Analysis/3004_20250717_0002_R_1436.jpg"",""3004_20250717_0002_R_1436.jpg"")","",""
3004,3005,145.722657836637,-16.83894115431,"50","=HYPERLINK(""Frames_for_Analysis/3005_20250717_0002_R_1430.jpg"",""3005_20250717_0002_R_1430.jpg"")","",""
3005,3006,145.722625213715,-16.839021103517,"","=HYPERLINK(""Frames_for_Analysis/3006_20250717_0002_R_1424.jpg"",""3006_20250717_0002_R_1424.jpg"")","",""
3006,3007,145.722595840052,-16.8391023568886,"","=HYPERLINK(""Frames_for_Analysis/3007_20250717_0002_R_1419.jpg"",""3007_20250717_0002_R_1419.jpg"")","",""
3007,3008,145.722598409628,-16.8391866545625,"","=HYPERLINK(""Frames_for_Analysis/3008_20250717_0002_R_1414.jpg"",""3008_20250717_0002_R_1414.jpg"")","",""
3008,3009,145.722610466059,-16.8392718563549,"","=HYPERLINK(""Frames_for_Analysis/3009_20250717_0002_R_1408.jpg"",""3009_20250717_0002_R_1408.jpg"")","",""
3009,3010,145.722640166824,-16.839352270459,"50","=HYPERLINK(""Frames_for_Analysis/3010_20250717_0002_R_1402.jpg"",""3010_20250717_0002_R_1402.jpg"")","",""
3010,3011,145.722680230131,-16.8394288697784,"","=HYPERLINK(""Frames_for_Analysis/3011_20250717_0002_R_1397.jpg"",""3011_20250717_0002_R_1397.jpg"")","",""
3011,3012,145.722732735921,-16.8394986335693,"","=HYPERLINK(""Frames_for_Analysis/3012_20250717_0002_R_1393.jpg"",""3012_20250717_0002_R_1393.jpg"")","",""
3012,3013,145.722785241711,-16.8395683973345,"","=HYPERLINK(""Frames_for_Analysis/3013_20250717_0002_R_1389.jpg"",""3013_20250717_0002_R_1389.jpg"")","",""
3013,3014,145.722831333536,-16.8396420530498,"","=HYPERLINK(""Frames_for_Analysis/3014_20250717_0002_R_1385.jpg"",""3014_20250717_0002_R_1385.jpg"")","",""
3014,3015,145.722874858513,-16.8397172662914,"50","=HYPERLINK(""Frames_for_Analysis/3015_20250717_0002_R_1381.jpg"",""3015_20250717_0002_R_1381.jpg"")","",""
3015,3016,145.72291838349,-16.8397924795032,"","=HYPERLINK(""Frames_for_Analysis/3016_20250717_0002_R_1377.jpg"",""3016_20250717_0002_R_1377.jpg"")","",""
3016,3017,145.722960141457,-16.839868417586,"","=HYPERLINK(""Frames_for_Analysis/3017_20250717_0002_R_1372.jpg"",""3017_20250717_0002_R_1372.jpg"")","",""
3017,3018,145.722987036428,-16.8399504530578,"","=HYPERLINK(""Frames_for_Analysis/3018_20250717_0002_R_1368.jpg"",""3018_20250717_0002_R_1368.jpg"")","",""
3018,3019,145.723013931398,-16.840032488494,"","=HYPERLINK(""Frames_for_Analysis/3019_20250717_0002_R_1363.jpg"",""3019_20250717_0002_R_1363.jpg"")","",""
3019,3020,145.723041106001,-16.8401144385254,"50","=HYPERLINK(""Frames_for_Analysis/3020_20250717_0002_R_1359.jpg"",""3020_20250717_0002_R_1359.jpg"")","",""
3020,3021,145.723068807388,-16.8401962276984,"","=HYPERLINK(""Frames_for_Analysis/3021_20250717_0002_R_1355.jpg"",""3021_20250717_0002_R_1355.jpg"")","",""
3021,3022,145.723096508776,-16.8402780168361,"","=HYPERLINK(""Frames_for_Analysis/3022_20250717_0002_R_1350.jpg"",""3022_20250717_0002_R_1350.jpg"")","",""
3022,3023,145.723120205589,-16.8403607668664,"","=HYPERLINK(""Frames_for_Analysis/3023_20250717_0002_R_1346.jpg"",""3023_20250717_0002_R_1346.jpg"")","",""
3023,3024,145.723136094699,-16.8404453903769,"","=HYPERLINK(""Frames_for_Analysis/3024_20250717_0002_R_1342.jpg"",""3024_20250717_0002_R_1342.jpg"")","",""
3024,3025,145.723187188037,-16.8405160331294,"50","=HYPERLINK(""Frames_for_Analysis/3025_20250717_0002_R_1335.jpg"",""3025_20250717_0002_R_1335.jpg"")","",""
3025,3026,145.723238561338,-16.8405865646732,"","=HYPERLINK(""Frames_for_Analysis/3026_20250717_0002_R_1332.jpg"",""3026_20250717_0002_R_1332.jpg"")","",""
3026,3027,145.723287912071,-16.8406583917001,"","=HYPERLINK(""Frames_for_Analysis/3027_20250717_0002_R_1327.jpg"",""3027_20250717_0002_R_1327.jpg"")","",""
3027,3028,145.723338002372,-16.8407297040125,"","=HYPERLINK(""Frames_for_Analysis/3028_20250717_0002_R_1323.jpg"",""3028_20250717_0002_R_1323.jpg"")","",""
3028,3029,145.723392100567,-16.8407983437332,"","=HYPERLINK(""Frames_for_Analysis/3029_20250717_0002_R_1318.jpg"",""3029_20250717_0002_R_1318.jpg"")","",""
3029,3030,145.723446198762,-16.8408669834289,"50","=HYPERLINK(""Frames_for_Analysis/3030_20250717_0002_R_1315.jpg"",""3030_20250717_0002_R_1315.jpg"")","",""
3030,3031,145.723500296957,-16.8409356230998,"","=HYPERLINK(""Frames_for_Analysis/3031_20250717_0002_R_1311.jpg"",""3031_20250717_0002_R_1311.jpg"")","",""
3031,3032,145.723546716143,-16.8410091707203,"","=HYPERLINK(""Frames_for_Analysis/3032_20250717_0002_R_1307.jpg"",""3032_20250717_0002_R_1307.jpg"")","",""
3032,3033,145.723592227431,-16.8410832985878,"","=HYPERLINK(""Frames_for_Analysis/3033_20250717_0002_R_1303.jpg"",""3033_20250717_0002_R_1303.jpg"")","",""
3033,3034,145.72363773872,-16.8411574264262,"","=HYPERLINK(""Frames_for_Analysis/3034_20250717_0002_R_1298.jpg"",""3034_20250717_0002_R_1298.jpg"")","",""
3034,3035,145.723674757736,-16.8412345312721,"50","=HYPERLINK(""Frames_for_Analysis/3035_20250717_0002_R_1294.jpg"",""3035_20250717_0002_R_1294.jpg"")","",""
3035,3036,145.723690036579,-16.8413192572812,"","=HYPERLINK(""Frames_for_Analysis/3036_20250717_0002_R_1289.jpg"",""3036_20250717_0002_R_1289.jpg"")","",""
3036,3037,145.723705316366,-16.8414039830964,"","=HYPERLINK(""Frames_for_Analysis/3037_20250717_0002_R_1286.jpg"",""3037_20250717_0002_R_1286.jpg"")","",""
3037,3038,145.7236989834,-16.8414887552261,"","=HYPERLINK(""Frames_for_Analysis/3038_20250717_0002_R_1284.jpg"",""3038_20250717_0002_R_1284.jpg"")","",""
3038,3039,145.723684101269,-16.8415735457809,"","=HYPERLINK(""Frames_for_Analysis/3039_20250717_0002_R_1281.jpg"",""3039_20250717_0002_R_1281.jpg"")","",""
3039,3040,145.723668290825,-16.8416581688254,"50","=HYPERLINK(""Frames_for_Analysis/3040_20250717_0002_R_1277.jpg"",""3040_20250717_0002_R_1277.jpg"")","",""
3040,3041,145.723649900905,-16.8417423264813,"","=HYPERLINK(""Frames_for_Analysis/3041_20250717_0002_R_1272.jpg"",""3041_20250717_0002_R_1272.jpg"")","",""
3041,3042,145.723631510985,-16.8418264840999,"","=HYPERLINK(""Frames_for_Analysis/3042_20250717_0002_R_1268.jpg"",""3042_20250717_0002_R_1268.jpg"")","",""
3042,3043,145.723618837025,-16.8419115997934,"","=HYPERLINK(""Frames_for_Analysis/3043_20250717_0002_R_1266.jpg"",""3043_20250717_0002_R_1266.jpg"")","",""
3043,3044,145.723606250508,-16.8419967301059,"","=HYPERLINK(""Frames_for_Analysis/3044_20250717_0002_R_1262.jpg"",""3044_20250717_0002_R_1262.jpg"")","",""
3044,3045,145.723593663992,-16.8420818603801,"50","=HYPERLINK(""Frames_for_Analysis/3045_20250717_0002_R_1258.jpg"",""3045_20250717_0002_R_1258.jpg"")","",""
3045,3046,145.723567676621,-16.842163451059,"","=HYPERLINK(""Frames_for_Analysis/3046_20250717_0002_R_1255.jpg"",""3046_20250717_0002_R_1255.jpg"")","",""
3046,3047,145.723532863948,-16.8422427106831,"","=HYPERLINK(""Frames_for_Analysis/3047_20250717_0002_R_1249.jpg"",""3047_20250717_0002_R_1249.jpg"")","",""
3047,3048,145.723498051275,-16.842321970274,"","=HYPERLINK(""Frames_for_Analysis/3048_20250717_0002_R_1245.jpg"",""3048_20250717_0002_R_1245.jpg"")","",""
3048,3049,145.723455586906,-16.8423975391548,"","=HYPERLINK(""Frames_for_Analysis/3049_20250717_0002_R_1242.jpg"",""3049_20250717_0002_R_1242.jpg"")","",""
3049,3050,145.723409736606,-16.8424714748539,"50","=HYPERLINK(""Frames_for_Analysis/3050_20250717_0002_R_1235.jpg"",""3050_20250717_0002_R_1235.jpg"")","",""
3050,3051,145.723363886306,-16.842545410524,"","=HYPERLINK(""Frames_for_Analysis/3051_20250717_0002_R_1234.jpg"",""3051_20250717_0002_R_1234.jpg"")","",""
3051,3052,145.723318036006,-16.8426193461653,"","=HYPERLINK(""Frames_for_Analysis/3052_20250717_0002_R_1230.jpg"",""3052_20250717_0002_R_1230.jpg"")","",""
3052,3053,145.723272185705,-16.8426932817777,"","=HYPERLINK(""Frames_for_Analysis/3053_20250717_0002_R_1225.jpg"",""3053_20250717_0002_R_1225.jpg"")","",""
3053,3054,145.723226335405,-16.8427672173612,"","=HYPERLINK(""Frames_for_Analysis/3054_20250717_0002_R_1222.jpg"",""3054_20250717_0002_R_1222.jpg"")","",""
3054,3055,145.723181064128,-16.8428414786299,"50","=HYPERLINK(""Frames_for_Analysis/3055_20250717_0002_R_1216.jpg"",""3055_20250717_0002_R_1216.jpg"")","",""
3055,3056,145.723118201384,-16.8429003210118,"","=HYPERLINK(""Frames_for_Analysis/3056_20250717_0002_R_1211.jpg"",""3056_20250717_0002_R_1211.jpg"")","",""
3056,3057,145.72303187681,-16.8429223633936,"","=HYPERLINK(""Frames_for_Analysis/3057_20250717_0002_R_1209.jpg"",""3057_20250717_0002_R_1209.jpg"")","",""
3057,3058,145.722950412603,-16.8429579599756,"","=HYPERLINK(""Frames_for_Analysis/3058_20250717_0002_R_1205.jpg"",""3058_20250717_0002_R_1205.jpg"")","",""
3058,3059,145.722883469997,-16.8430132317359,"","=HYPERLINK(""Frames_for_Analysis/3059_20250717_0002_R_1202.jpg"",""3059_20250717_0002_R_1202.jpg"")","",""
3059,3060,145.722827384358,-16.8430802759616,"50","=HYPERLINK(""Frames_for_Analysis/3060_20250717_0002_R_1197.jpg"",""3060_20250717_0002_R_1197.jpg"")","",""
3060,3061,145.722774820071,-16.8431495745102,"","=HYPERLINK(""Frames_for_Analysis/3061_20250717_0002_R_1192.jpg"",""3061_20250717_0002_R_1192.jpg"")","",""
3061,3062,145.722699163676,-16.8431884885726,"","=HYPERLINK(""Frames_for_Analysis/3062_20250717_0002_R_1186.jpg"",""3062_20250717_0002_R_1186.jpg"")","",""
3062,3063,145.722650935333,-16.8432610247845,"","=HYPERLINK(""Frames_for_Analysis/3063_20250717_0002_R_1177.jpg"",""3063_20250717_0002_R_1177.jpg"")","",""
3063,3064,145.72262545531,-16.8433406452226,"","=HYPERLINK(""Frames_for_Analysis/3064_20250717_0002_R_1172.jpg"",""3064_20250717_0002_R_1172.jpg"")","",""
3064,3065,145.722619851939,-16.8434264555868,"50","=HYPERLINK(""Frames_for_Analysis/3065_20250717_0002_R_1167.jpg"",""3065_20250717_0002_R_1167.jpg"")","",""
3065,3066,145.722638377365,-16.8435055453949,"","=HYPERLINK(""Frames_for_Analysis/3066_20250717_0002_R_1162.jpg"",""3066_20250717_0002_R_1162.jpg"")","",""
3066,3067,145.722691213777,-16.8435750786432,"","=HYPERLINK(""Frames_for_Analysis/3067_20250717_0002_R_1156.jpg"",""3067_20250717_0002_R_1156.jpg"")","",""
3067,3068,145.722753893244,-16.8436358127017,"","=HYPERLINK(""Frames_for_Analysis/3068_20250717_0002_R_1149.jpg"",""3068_20250717_0002_R_1149.jpg"")","",""
3068,3069,145.722822773203,-16.8436910038342,"","=HYPERLINK(""Frames_for_Analysis/3069_20250717_0002_R_1141.jpg"",""3069_20250717_0002_R_1141.jpg"")","",""
3069,3070,145.722898562424,-16.8437353113712,"50","=HYPERLINK(""Frames_for_Analysis/3070_20250717_0002_R_1137.jpg"",""3070_20250717_0002_R_1137.jpg"")","",""
3070,3071,145.722981477632,-16.8437683939301,"","=HYPERLINK(""Frames_for_Analysis/3071_20250717_0002_R_1132.jpg"",""3071_20250717_0002_R_1132.jpg"")","",""
3071,3072,145.723064263631,-16.8438017310832,"","=HYPERLINK(""Frames_for_Analysis/3072_20250717_0002_R_1129.jpg"",""3072_20250717_0002_R_1129.jpg"")","",""
3072,3073,145.723142691583,-16.8438436554773,"","=HYPERLINK(""Frames_for_Analysis/3073_20250717_0002_R_1125.jpg"",""3073_20250717_0002_R_1125.jpg"")","",""
3073,3074,145.723221119534,-16.8438855798621,"","=HYPERLINK(""Frames_for_Analysis/3074_20250717_0002_R_1121.jpg"",""3074_20250717_0002_R_1121.jpg"")","",""
3074,3075,145.723299547486,-16.8439275042376,"50","=HYPERLINK(""Frames_for_Analysis/3075_20250717_0002_R_1118.jpg"",""3075_20250717_0002_R_1118.jpg"")","",""
3075,3076,145.723364436685,-16.8439838282663,"","=HYPERLINK(""Frames_for_Analysis/3076_20250717_0002_R_1114.jpg"",""3076_20250717_0002_R_1114.jpg"")","",""
3076,3077,145.723416241186,-16.8440540690076,"","=HYPERLINK(""Frames_for_Analysis/3077_20250717_0002_R_1110.jpg"",""3077_20250717_0002_R_1110.jpg"")","",""
3077,3078,145.723468045687,-16.8441243097229,"","=HYPERLINK(""Frames_for_Analysis/3078_20250717_0002_R_1105.jpg"",""3078_20250717_0002_R_1105.jpg"")","",""
3078,3079,145.723519850189,-16.8441945504121,"","=HYPERLINK(""Frames_for_Analysis/3079_20250717_0002_R_1104.jpg"",""3079_20250717_0002_R_1104.jpg"")","",""
3079,3080,145.723525880158,-16.8442775834201,"50","=HYPERLINK(""Frames_for_Analysis/3080_20250717_0002_R_1100.jpg"",""3080_20250717_0002_R_1100.jpg"")","",""
3080,3081,145.723521706507,-16.8443634679377,"","=HYPERLINK(""Frames_for_Analysis/3081_20250717_0002_R_1097.jpg"",""3081_20250717_0002_R_1097.jpg"")","",""
3081,3082,145.723517532856,-16.8444493524162,"","=HYPERLINK(""Frames_for_Analysis/3082_20250717_0002_R_1094.jpg"",""3082_20250717_0002_R_1094.jpg"")","",""
3082,3083,145.723513359204,-16.8445352368558,"","=HYPERLINK(""Frames_for_Analysis/3083_20250717_0002_R_1090.jpg"",""3083_20250717_0002_R_1090.jpg"")","",""
3083,3084,145.723509185553,-16.8446211212565,"","=HYPERLINK(""Frames_for_Analysis/3084_20250717_0002_R_1087.jpg"",""3084_20250717_0002_R_1087.jpg"")","",""
3084,3085,145.72351883195,-16.8447061222442,"50","=HYPERLINK(""Frames_for_Analysis/3085_20250717_0002_R_1084.jpg"",""3085_20250717_0002_R_1084.jpg"")","",""
3085,3086,145.723504612999,-16.8447856776302,"","=HYPERLINK(""Frames_for_Analysis/3086_20250717_0002_R_1081.jpg"",""3086_20250717_0002_R_1081.jpg"")","",""
3086,3087,145.72345968178,-16.8448601274715,"","=HYPERLINK(""Frames_for_Analysis/3087_20250717_0002_R_1076.jpg"",""3087_20250717_0002_R_1076.jpg"")","",""
3087,3088,145.72341475049,-16.8449345772445,"","=HYPERLINK(""Frames_for_Analysis/3088_20250717_0002_R_1073.jpg"",""3088_20250717_0002_R_1073.jpg"")","",""
3088,3089,145.723369819052,-16.8450090269063,"","=HYPERLINK(""Frames_for_Analysis/3089_20250717_0002_R_1070.jpg"",""3089_20250717_0002_R_1070.jpg"")","",""
3089,3090,145.723324887236,-16.8450834763296,"50","=HYPERLINK(""Frames_for_Analysis/3090_20250717_0002_R_1067.jpg"",""3090_20250717_0002_R_1067.jpg"")","",""
3090,3091,145.723272124941,-16.8451530363011,"","=HYPERLINK(""Frames_for_Analysis/3091_20250717_0002_R_1063.jpg"",""3091_20250717_0002_R_1063.jpg"")","",""
3091,3092,145.723207201593,-16.8452115049025,"","=HYPERLINK(""Frames_for_Analysis/3092_20250717_0002_R_1059.jpg"",""3092_20250717_0002_R_1059.jpg"")","",""
3092,3093,145.723131884097,-16.8452583630693,"","=HYPERLINK(""Frames_for_Analysis/3093_20250717_0002_R_1053.jpg"",""3093_20250717_0002_R_1053.jpg"")","",""
3093,3094,145.723056566602,-16.8453052212244,"","=HYPERLINK(""Frames_for_Analysis/3094_20250717_0002_R_1049.jpg"",""3094_20250717_0002_R_1049.jpg"")","",""
3094,3095,145.722981249106,-16.8453520793679,"50","=HYPERLINK(""Frames_for_Analysis/3095_20250717_0002_R_1045.jpg"",""3095_20250717_0002_R_1045.jpg"")","",""
3095,3096,145.722910780465,-16.8454050958644,"","=HYPERLINK(""Frames_for_Analysis/3096_20250717_0002_R_1040.jpg"",""3096_20250717_0002_R_1040.jpg"")","",""
3096,3097,145.722842959379,-16.8454614749151,"","=HYPERLINK(""Frames_for_Analysis/3097_20250717_0002_R_1036.jpg"",""3097_20250717_0002_R_1036.jpg"")","",""
3097,3098,145.722775138294,-16.8455178539491,"","=HYPERLINK(""Frames_for_Analysis/3098_20250717_0002_R_1032.jpg"",""3098_20250717_0002_R_1032.jpg"")","",""
3098,3099,145.722707317208,-16.8455742329662,"","=HYPERLINK(""Frames_for_Analysis/3099_20250717_0002_R_1028.jpg"",""3099_20250717_0002_R_1028.jpg"")","",""
3099,3100,145.722639496122,-16.8456306119666,"50","=HYPERLINK(""Frames_for_Analysis/3100_20250717_0002_R_1024.jpg"",""3100_20250717_0002_R_1024.jpg"")","",""
3100,3101,145.722563767487,-16.8456764718781,"","=HYPERLINK(""Frames_for_Analysis/3101_20250717_0002_R_1020.jpg"",""3101_20250717_0002_R_1020.jpg"")","",""
3101,3102,145.722486359632,-16.8457200979851,"","=HYPERLINK(""Frames_for_Analysis/3102_20250717_0002_R_1015.jpg"",""3102_20250717_0002_R_1015.jpg"")","",""
3102,3103,145.722408951777,-16.8457637240821,"","=HYPERLINK(""Frames_for_Analysis/3103_20250717_0002_R_1011.jpg"",""3103_20250717_0002_R_1011.jpg"")","",""
3103,3104,145.722331543921,-16.8458073501691,"","=HYPERLINK(""Frames_for_Analysis/3104_20250717_0002_R_1005.jpg"",""3104_20250717_0002_R_1005.jpg"")","",""
3104,3105,145.722254136066,-16.8458509762459,"50","=HYPERLINK(""Frames_for_Analysis/3105_20250717_0002_R_1000.jpg"",""3105_20250717_0002_R_1000.jpg"")","",""
3105,3106,145.722177134091,-16.845895162229,"","=HYPERLINK(""Frames_for_Analysis/3106_20250717_0002_R_0996.jpg"",""3106_20250717_0002_R_0996.jpg"")","",""
3106,3107,145.722107334586,-16.8459492840918,"","=HYPERLINK(""Frames_for_Analysis/3107_20250717_0002_R_0992.jpg"",""3107_20250717_0002_R_0992.jpg"")","",""
3107,3108,145.722037535082,-16.8460034059391,"","=HYPERLINK(""Frames_for_Analysis/3108_20250717_0002_R_0988.jpg"",""3108_20250717_0002_R_0988.jpg"")","",""
3108,3109,145.721967735577,-16.8460575277709,"","=HYPERLINK(""Frames_for_Analysis/3109_20250717_0002_R_0983.jpg"",""3109_20250717_0002_R_0983.jpg"")","",""
3109,3110,145.721897936073,-16.8461116495873,"50","=HYPERLINK(""Frames_for_Analysis/3110_20250717_0002_R_0979.jpg"",""3110_20250717_0002_R_0979.jpg"")","",""
3110,3111,145.721820210693,-16.8461525247452,"","=HYPERLINK(""Frames_for_Analysis/3111_20250717_0002_R_0975.jpg"",""3111_20250717_0002_R_0975.jpg"")","",""
3111,3112,145.721736113502,-16.8461827505837,"","=HYPERLINK(""Frames_for_Analysis/3112_20250717_0002_R_0971.jpg"",""3112_20250717_0002_R_0971.jpg"")","",""
3112,3113,145.721652016311,-16.8462129764174,"","=HYPERLINK(""Frames_for_Analysis/3113_20250717_0002_R_0968.jpg"",""3113_20250717_0002_R_0968.jpg"")","",""
3113,3114,145.721566609925,-16.8462392423225,"","=HYPERLINK(""Frames_for_Analysis/3114_20250717_0002_R_0964.jpg"",""3114_20250717_0002_R_0964.jpg"")","",""
3114,3115,145.721479653284,-16.8462608191669,"50","=HYPERLINK(""Frames_for_Analysis/3115_20250717_0002_R_0961.jpg"",""3115_20250717_0002_R_0961.jpg"")","",""
3115,3116,145.721392696643,-16.8462823960088,"","=HYPERLINK(""Frames_for_Analysis/3116_20250717_0002_R_0958.jpg"",""3116_20250717_0002_R_0958.jpg"")","",""
3116,3117,145.721305740002,-16.8463039728483,"","=HYPERLINK(""Frames_for_Analysis/3117_20250717_0002_R_0952.jpg"",""3117_20250717_0002_R_0952.jpg"")","",""
3117,3118,145.721216671131,-16.8463124511087,"","=HYPERLINK(""Frames_for_Analysis/3118_20250717_0002_R_0949.jpg"",""3118_20250717_0002_R_0949.jpg"")","",""
3118,3119,145.72112696376,-16.8463169698308,"","=HYPERLINK(""Frames_for_Analysis/3119_20250717_0002_R_0945.jpg"",""3119_20250717_0002_R_0945.jpg"")","",""
3119,3120,145.721037662856,-16.8463161252026,"50","=HYPERLINK(""Frames_for_Analysis/3120_20250717_0002_R_0942.jpg"",""3120_20250717_0002_R_0942.jpg"")","",""
3120,3121,145.720949575801,-16.8462992638042,"","=HYPERLINK(""Frames_for_Analysis/3121_20250717_0002_R_0939.jpg"",""3121_20250717_0002_R_0939.jpg"")","",""
3121,3122,145.72086297076,-16.8462780479658,"","=HYPERLINK(""Frames_for_Analysis/3122_20250717_0002_R_0936.jpg"",""3122_20250717_0002_R_0936.jpg"")","",""
3122,3123,145.720781407321,-16.8462420189423,"","=HYPERLINK(""Frames_for_Analysis/3123_20250717_0002_R_0932.jpg"",""3123_20250717_0002_R_0932.jpg"")","",""
3123,3124,145.720699843881,-16.8462059899118,"","=HYPERLINK(""Frames_for_Analysis/3124_20250717_0002_R_0927.jpg"",""3124_20250717_0002_R_0927.jpg"")","",""
3124,3125,145.720618280442,-16.8461699608746,"50","=HYPERLINK(""Frames_for_Analysis/3125_20250717_0002_R_0921.jpg"",""3125_20250717_0002_R_0921.jpg"")","",""
3125,3126,145.720535799008,-16.8461359943872,"","=HYPERLINK(""Frames_for_Analysis/3126_20250717_0002_R_0915.jpg"",""3126_20250717_0002_R_0915.jpg"")","",""
3126,3127,145.72045214406,-16.8461046645556,"","=HYPERLINK(""Frames_for_Analysis/3127_20250717_0002_R_0910.jpg"",""3127_20250717_0002_R_0910.jpg"")","",""
3127,3128,145.720368489112,-16.8460733347189,"","=HYPERLINK(""Frames_for_Analysis/3128_20250717_0002_R_0906.jpg"",""3128_20250717_0002_R_0906.jpg"")","",""
3128,3129,145.720283774616,-16.8460473792831,"","=HYPERLINK(""Frames_for_Analysis/3129_20250717_0002_R_0902.jpg"",""3129_20250717_0002_R_0902.jpg"")","",""
3129,3130,145.720193943088,-16.8460473792831,"50","=HYPERLINK(""Frames_for_Analysis/3130_20250717_0002_R_0897.jpg"",""3130_20250717_0002_R_0897.jpg"")","",""
3130,3131,145.72010411156,-16.8460473792831,"","=HYPERLINK(""Frames_for_Analysis/3131_20250717_0002_R_0892.jpg"",""3131_20250717_0002_R_0892.jpg"")","",""
3131,3132,145.720020453833,-16.8460664793211,"","=HYPERLINK(""Frames_for_Analysis/3132_20250717_0002_R_0887.jpg"",""3132_20250717_0002_R_0887.jpg"")","",""
3132,3133,145.719946315246,-16.8461150289371,"","=HYPERLINK(""Frames_for_Analysis/3133_20250717_0002_R_0882.jpg"",""3133_20250717_0002_R_0882.jpg"")","",""
3133,3134,145.719872176659,-16.8461635785407,"","=HYPERLINK(""Frames_for_Analysis/3134_20250717_0002_R_0876.jpg"",""3134_20250717_0002_R_0876.jpg"")","",""
3134,3135,145.719800983014,-16.846215645935,"50","=HYPERLINK(""Frames_for_Analysis/3135_20250717_0002_R_0867.jpg"",""3135_20250717_0002_R_0867.jpg"")","",""
3135,3136,145.719735311134,-16.8462743091927,"","=HYPERLINK(""Frames_for_Analysis/3136_20250717_0002_R_0860.jpg"",""3136_20250717_0002_R_0860.jpg"")","",""
3136,3137,145.719669639253,-16.8463329724323,"","=HYPERLINK(""Frames_for_Analysis/3137_20250717_0002_R_0855.jpg"",""3137_20250717_0002_R_0855.jpg"")","",""
3137,3138,145.71962822327,-16.8464063454942,"","=HYPERLINK(""Frames_for_Analysis/3138_20250717_0002_R_0851.jpg"",""3138_20250717_0002_R_0851.jpg"")","",""
3138,3139,145.71960084481,-16.846488231494,"","=HYPERLINK(""Frames_for_Analysis/3139_20250717_0002_R_0846.jpg"",""3139_20250717_0002_R_0846.jpg"")","",""
3139,3140,145.71957346635,-16.8465701174584,"50","=HYPERLINK(""Frames_for_Analysis/3140_20250717_0002_R_0842.jpg"",""3140_20250717_0002_R_0842.jpg"")","",""
3140,3141,145.719545254224,-16.8466517208774,"","=HYPERLINK(""Frames_for_Analysis/3141_20250717_0002_R_0837.jpg"",""3141_20250717_0002_R_0837.jpg"")","",""
3141,3142,145.71951269505,-16.8467318511509,"","=HYPERLINK(""Frames_for_Analysis/3142_20250717_0002_R_0833.jpg"",""3142_20250717_0002_R_0833.jpg"")","",""
3142,3143,145.719480135876,-16.8468119813905,"","=HYPERLINK(""Frames_for_Analysis/3143_20250717_0002_R_0829.jpg"",""3143_20250717_0002_R_0829.jpg"")","",""
3143,3144,145.719451664542,-16.8468934568247,"","=HYPERLINK(""Frames_for_Analysis/3144_20250717_0002_R_0825.jpg"",""3144_20250717_0002_R_0825.jpg"")","",""
3144,3145,145.719425851727,-16.8469758070903,"50","=HYPERLINK(""Frames_for_Analysis/3145_20250717_0002_R_0821.jpg"",""3145_20250717_0002_R_0821.jpg"")","",""
3145,3146,145.719400038913,-16.8470581573201,"","=HYPERLINK(""Frames_for_Analysis/3146_20250717_0002_R_0817.jpg"",""3146_20250717_0002_R_0817.jpg"")","",""
3146,3147,145.719355837518,-16.8471325417504,"","=HYPERLINK(""Frames_for_Analysis/3147_20250717_0002_R_0813.jpg"",""3147_20250717_0002_R_0813.jpg"")","",""
3147,3148,145.719308226891,-16.847205449304,"","=HYPERLINK(""Frames_for_Analysis/3148_20250717_0002_R_0809.jpg"",""3148_20250717_0002_R_0809.jpg"")","",""
3148,3149,145.719254465904,-16.8472735352748,"","=HYPERLINK(""Frames_for_Analysis/3149_20250717_0002_R_0805.jpg"",""3149_20250717_0002_R_0805.jpg"")","",""
3149,3150,145.719189157211,-16.847332568435,"50","=HYPERLINK(""Frames_for_Analysis/3150_20250717_0002_R_0801.jpg"",""3150_20250717_0002_R_0801.jpg"")","",""
3150,3151,145.719123848518,-16.8473916015767,"","=HYPERLINK(""Frames_for_Analysis/3151_20250717_0002_R_0797.jpg"",""3151_20250717_0002_R_0797.jpg"")","",""
3151,3152,145.719058272857,-16.8474503467566,"","=HYPERLINK(""Frames_for_Analysis/3152_20250717_0002_R_0793.jpg"",""3152_20250717_0002_R_0793.jpg"")","",""
3152,3153,145.718989262437,-16.8475053872873,"","=HYPERLINK(""Frames_for_Analysis/3153_20250717_0002_R_0789.jpg"",""3153_20250717_0002_R_0789.jpg"")","",""
3153,3154,145.718920162724,-16.8475602770443,"","=HYPERLINK(""Frames_for_Analysis/3154_20250717_0002_R_0785.jpg"",""3154_20250717_0002_R_0785.jpg"")","",""
3154,3155,145.718835374424,-16.8475886790495,"50","=HYPERLINK(""Frames_for_Analysis/3155_20250717_0002_R_0782.jpg"",""3155_20250717_0002_R_0782.jpg"")","",""
3155,3156,145.718750586125,-16.8476170810503,"","=HYPERLINK(""Frames_for_Analysis/3156_20250717_0002_R_0779.jpg"",""3156_20250717_0002_R_0779.jpg"")","",""
3156,3157,145.718664776864,-16.847639733287,"","=HYPERLINK(""Frames_for_Analysis/3157_20250717_0002_R_0776.jpg"",""3157_20250717_0002_R_0776.jpg"")","",""
3157,3158,145.718574945336,-16.847639733287,"","=HYPERLINK(""Frames_for_Analysis/3158_20250717_0002_R_0773.jpg"",""3158_20250717_0002_R_0773.jpg"")","",""
3158,3159,145.718485113807,-16.847639733287,"","=HYPERLINK(""Frames_for_Analysis/3159_20250717_0002_R_0768.jpg"",""3159_20250717_0002_R_0768.jpg"")","",""
3159,3160,145.718397119555,-16.8476228452312,"50","=HYPERLINK(""Frames_for_Analysis/3160_20250717_0002_R_0764.jpg"",""3160_20250717_0002_R_0764.jpg"")","",""
3160,3161,145.718309214934,-16.8476051332939,"","=HYPERLINK(""Frames_for_Analysis/3161_20250717_0002_R_0757.jpg"",""3161_20250717_0002_R_0757.jpg"")","",""
3161,3162,145.718220568776,-16.847594237484,"","=HYPERLINK(""Frames_for_Analysis/3162_20250717_0002_R_0752.jpg"",""3162_20250717_0002_R_0752.jpg"")","",""
3162,3163,145.718130737248,-16.847594237484,"","=HYPERLINK(""Frames_for_Analysis/3163_20250717_0002_R_0748.jpg"",""3163_20250717_0002_R_0748.jpg"")","",""
3163,3164,145.718040908666,-16.8475942790333,"","=HYPERLINK(""Frames_for_Analysis/3164_20250717_0002_R_0744.jpg"",""3164_20250717_0002_R_0744.jpg"")","",""
3164,3165,145.717951900896,-16.8476058956385,"50","=HYPERLINK(""Frames_for_Analysis/3165_20250717_0002_R_0739.jpg"",""3165_20250717_0002_R_0739.jpg"")","",""
3165,3166,145.717862893126,-16.8476175122431,"","=HYPERLINK(""Frames_for_Analysis/3166_20250717_0002_R_0735.jpg"",""3166_20250717_0002_R_0735.jpg"")","",""
3166,3167,145.71777383488,-16.8476281488357,"","=HYPERLINK(""Frames_for_Analysis/3167_20250717_0002_R_0731.jpg"",""3167_20250717_0002_R_0731.jpg"")","",""
3167,3168,145.717684064899,-16.8476249667754,"","=HYPERLINK(""Frames_for_Analysis/3168_20250717_0002_R_0726.jpg"",""3168_20250717_0002_R_0726.jpg"")","",""
3168,3169,145.717594294919,-16.8476217847151,"","=HYPERLINK(""Frames_for_Analysis/3169_20250717_0002_R_0722.jpg"",""3169_20250717_0002_R_0722.jpg"")","",""
3169,3170,145.717504524938,-16.8476186026547,"50","=HYPERLINK(""Frames_for_Analysis/3170_20250717_0002_R_0715.jpg"",""3170_20250717_0002_R_0715.jpg"")","",""
3170,3171,145.717414724682,-16.8476169858352,"","=HYPERLINK(""Frames_for_Analysis/3171_20250717_0002_R_0712.jpg"",""3171_20250717_0002_R_0712.jpg"")","",""
3171,3172,145.717324893154,-16.8476169858352,"","=HYPERLINK(""Frames_for_Analysis/3172_20250717_0002_R_0707.jpg"",""3172_20250717_0002_R_0707.jpg"")","",""
3172,3173,145.717235061625,-16.8476169858352,"","=HYPERLINK(""Frames_for_Analysis/3173_20250717_0002_R_0702.jpg"",""3173_20250717_0002_R_0702.jpg"")","",""
3173,3174,145.717145816788,-16.847623547396,"","=HYPERLINK(""Frames_for_Analysis/3174_20250717_0002_R_0697.jpg"",""3174_20250717_0002_R_0697.jpg"")","",""
3174,3175,145.717057291399,-16.8476381552863,"50","=HYPERLINK(""Frames_for_Analysis/3175_20250717_0002_R_0693.jpg"",""3175_20250717_0002_R_0693.jpg"")","",""
3175,3176,145.71696876601,-16.8476527631756,"","=HYPERLINK(""Frames_for_Analysis/3176_20250717_0002_R_0688.jpg"",""3176_20250717_0002_R_0688.jpg"")","",""
3176,3177,145.716880240621,-16.8476673710637,"","=HYPERLINK(""Frames_for_Analysis/3177_20250717_0002_R_0683.jpg"",""3177_20250717_0002_R_0683.jpg"")","",""
3177,3178,145.716795219392,-16.847693111055,"","=HYPERLINK(""Frames_for_Analysis/3178_20250717_0002_R_0678.jpg"",""3178_20250717_0002_R_0678.jpg"")","",""
3178,3179,145.716712995208,-16.84772773676,"","=HYPERLINK(""Frames_for_Analysis/3179_20250717_0002_R_0671.jpg"",""3179_20250717_0002_R_0671.jpg"")","",""
3179,3180,145.716630771023,-16.8477623624587,"50","=HYPERLINK(""Frames_for_Analysis/3180_20250717_0002_R_0665.jpg"",""3180_20250717_0002_R_0665.jpg"")","",""
3180,3181,145.716548546838,-16.8477969881511,"","=HYPERLINK(""Frames_for_Analysis/3181_20250717_0002_R_0661.jpg"",""3181_20250717_0002_R_0661.jpg"")","",""
3181,3182,145.716476827386,-16.8478485317473,"","=HYPERLINK(""Frames_for_Analysis/3182_20250717_0002_R_0656.jpg"",""3182_20250717_0002_R_0656.jpg"")","",""
3182,3183,145.716405745057,-16.8479011014188,"","=HYPERLINK(""Frames_for_Analysis/3183_20250717_0002_R_0653.jpg"",""3183_20250717_0002_R_0653.jpg"")","",""
3183,3184,145.716334662728,-16.8479536710756,"","=HYPERLINK(""Frames_for_Analysis/3184_20250717_0002_R_0649.jpg"",""3184_20250717_0002_R_0649.jpg"")","",""
3184,3185,145.716262231714,-16.8480043869488,"50","=HYPERLINK(""Frames_for_Analysis/3185_20250717_0002_R_0644.jpg"",""3185_20250717_0002_R_0644.jpg"")","",""
3185,3186,145.716186054734,-16.8480499539743,"","=HYPERLINK(""Frames_for_Analysis/3186_20250717_0002_R_0640.jpg"",""3186_20250717_0002_R_0640.jpg"")","",""
3186,3187,145.716109877755,-16.8480955209887,"","=HYPERLINK(""Frames_for_Analysis/3187_20250717_0002_R_0636.jpg"",""3187_20250717_0002_R_0636.jpg"")","",""
3187,3188,145.716033700775,-16.8481410879922,"","=HYPERLINK(""Frames_for_Analysis/3188_20250717_0002_R_0632.jpg"",""3188_20250717_0002_R_0632.jpg"")","",""
3188,3189,145.715957523796,-16.8481866549847,"","=HYPERLINK(""Frames_for_Analysis/3189_20250717_0002_R_0627.jpg"",""3189_20250717_0002_R_0627.jpg"")","",""
3189,3190,145.715883062107,-16.8482345263463,"50","=HYPERLINK(""Frames_for_Analysis/3190_20250717_0002_R_0623.jpg"",""3190_20250717_0002_R_0623.jpg"")","",""
3190,3191,145.715813178421,-16.8482885479416,"","=HYPERLINK(""Frames_for_Analysis/3191_20250717_0002_R_0617.jpg"",""3191_20250717_0002_R_0617.jpg"")","",""
3191,3192,145.715743294736,-16.8483425695215,"","=HYPERLINK(""Frames_for_Analysis/3192_20250717_0002_R_0613.jpg"",""3192_20250717_0002_R_0613.jpg"")","",""
3192,3193,145.715673411051,-16.848396591086,"","=HYPERLINK(""Frames_for_Analysis/3193_20250717_0002_R_0608.jpg"",""3193_20250717_0002_R_0608.jpg"")","",""
3193,3194,145.715603527366,-16.8484506126351,"","=HYPERLINK(""Frames_for_Analysis/3194_20250717_0002_R_0604.jpg"",""3194_20250717_0002_R_0604.jpg"")","",""
3194,3195,145.715545747383,-16.8485160901395,"50","=HYPERLINK(""Frames_for_Analysis/3195_20250717_0002_R_0600.jpg"",""3195_20250717_0002_R_0600.jpg"")","",""
3195,3196,145.715490083955,-16.848583570907,"","=HYPERLINK(""Frames_for_Analysis/3196_20250717_0002_R_0595.jpg"",""3196_20250717_0002_R_0595.jpg"")","",""
3196,3197,145.715434420527,-16.8486510516504,"","=HYPERLINK(""Frames_for_Analysis/3197_20250717_0002_R_0591.jpg"",""3197_20250717_0002_R_0591.jpg"")","",""
3197,3198,145.715375339977,-16.8487157391809,"","=HYPERLINK(""Frames_for_Analysis/3198_20250717_0002_R_0586.jpg"",""3198_20250717_0002_R_0586.jpg"")","",""
3198,3199,145.715314409011,-16.8487789141413,"","=HYPERLINK(""Frames_for_Analysis/3199_20250717_0002_R_0581.jpg"",""3199_20250717_0002_R_0581.jpg"")","",""
3199,3200,145.715259362734,-16.8488460670816,"50","=HYPERLINK(""Frames_for_Analysis/3200_20250717_0002_R_0575.jpg"",""3200_20250717_0002_R_0575.jpg"")","",""
3200,3201,145.71521752394,-16.8489221481418,"","=HYPERLINK(""Frames_for_Analysis/3201_20250717_0002_R_0570.jpg"",""3201_20250717_0002_R_0570.jpg"")","",""
3201,3202,145.715175685145,-16.8489982291714,"","=HYPERLINK(""Frames_for_Analysis/3202_20250717_0002_R_0566.jpg"",""3202_20250717_0002_R_0566.jpg"")","",""
3202,3203,145.71516607307,-16.8490770717813,"","=HYPERLINK(""Frames_for_Analysis/3203_20250717_0002_R_0560.jpg"",""3203_20250717_0002_R_0560.jpg"")","",""
3203,3204,145.71519312438,-16.8491590561601,"","=HYPERLINK(""Frames_for_Analysis/3204_20250717_0002_R_0552.jpg"",""3204_20250717_0002_R_0552.jpg"")","",""
3204,3205,145.71522017569,-16.8492410405033,"50","=HYPERLINK(""Frames_for_Analysis/3205_20250717_0002_R_0546.jpg"",""3205_20250717_0002_R_0546.jpg"")","",""
3205,3206,145.715277565705,-16.8493053962354,"","=HYPERLINK(""Frames_for_Analysis/3206_20250717_0002_R_0541.jpg"",""3206_20250717_0002_R_0541.jpg"")","",""
3206,3207,145.715341086233,-16.8493661897573,"","=HYPERLINK(""Frames_for_Analysis/3207_20250717_0002_R_0537.jpg"",""3207_20250717_0002_R_0537.jpg"")","",""
3207,3208,145.715403774848,-16.8494277541894,"","=HYPERLINK(""Frames_for_Analysis/3208_20250717_0002_R_0533.jpg"",""3208_20250717_0002_R_0533.jpg"")","",""
3208,3209,145.715465214253,-16.8494904762354,"","=HYPERLINK(""Frames_for_Analysis/3209_20250717_0002_R_0529.jpg"",""3209_20250717_0002_R_0529.jpg"")","",""
3209,3210,145.715526653659,-16.8495531982605,"50","=HYPERLINK(""Frames_for_Analysis/3210_20250717_0002_R_0524.jpg"",""3210_20250717_0002_R_0524.jpg"")","",""
3210,3211,145.715590600042,-16.8496134838407,"","=HYPERLINK(""Frames_for_Analysis/3211_20250717_0002_R_0519.jpg"",""3211_20250717_0002_R_0519.jpg"")","",""
3211,3212,145.71565706988,-16.8496713169624,"","=HYPERLINK(""Frames_for_Analysis/3212_20250717_0002_R_0514.jpg"",""3212_20250717_0002_R_0514.jpg"")","",""
3212,3213,145.715730918742,-16.8497188433734,"","=HYPERLINK(""Frames_for_Analysis/3213_20250717_0002_R_0505.jpg"",""3213_20250717_0002_R_0505.jpg"")","",""
3213,3214,145.715813299241,-16.8497523480177,"","=HYPERLINK(""Frames_for_Analysis/3214_20250717_0002_R_0501.jpg"",""3214_20250717_0002_R_0501.jpg"")","",""
3214,3215,145.715899480421,-16.8497766075275,"50","=HYPERLINK(""Frames_for_Analysis/3215_20250717_0002_R_0496.jpg"",""3215_20250717_0002_R_0496.jpg"")","",""
3215,3216,145.715985676175,-16.8498007887429,"","=HYPERLINK(""Frames_for_Analysis/3216_20250717_0002_R_0492.jpg"",""3216_20250717_0002_R_0492.jpg"")","",""
3216,3217,145.716075308743,-16.8498065076712,"","=HYPERLINK(""Frames_for_Analysis/3217_20250717_0002_R_0488.jpg"",""3217_20250717_0002_R_0488.jpg"")","",""
3217,3218,145.716164925516,-16.8498123565,"","=HYPERLINK(""Frames_for_Analysis/3218_20250717_0002_R_0484.jpg"",""3218_20250717_0002_R_0484.jpg"")","",""
3218,3219,145.716253534802,-16.8498264906093,"","=HYPERLINK(""Frames_for_Analysis/3219_20250717_0002_R_0480.jpg"",""3219_20250717_0002_R_0480.jpg"")","",""
3219,3220,145.716342144088,-16.8498406247175,"50","=HYPERLINK(""Frames_for_Analysis/3220_20250717_0002_R_0475.jpg"",""3220_20250717_0002_R_0475.jpg"")","",""
3220,3221,145.716430145065,-16.849857717198,"","=HYPERLINK(""Frames_for_Analysis/3221_20250717_0002_R_0471.jpg"",""3221_20250717_0002_R_0471.jpg"")","",""
3221,3222,145.716517742753,-16.8498767709825,"","=HYPERLINK(""Frames_for_Analysis/3222_20250717_0002_R_0467.jpg"",""3222_20250717_0002_R_0467.jpg"")","",""
3222,3223,145.716605340441,-16.8498958247651,"","=HYPERLINK(""Frames_for_Analysis/3223_20250717_0002_R_0462.jpg"",""3223_20250717_0002_R_0462.jpg"")","",""
3223,3224,145.716692542779,-16.8499164343221,"","=HYPERLINK(""Frames_for_Analysis/3224_20250717_0002_R_0457.jpg"",""3224_20250717_0002_R_0457.jpg"")","",""
3224,3225,145.716779499391,-16.8499380108546,"50","=HYPERLINK(""Frames_for_Analysis/3225_20250717_0002_R_0453.jpg"",""3225_20250717_0002_R_0453.jpg"")","",""
3225,3226,145.716866456003,-16.8499595873848,"","=HYPERLINK(""Frames_for_Analysis/3226_20250717_0002_R_0449.jpg"",""3226_20250717_0002_R_0449.jpg"")","",""
3226,3227,145.716953412615,-16.8499811639124,"","=HYPERLINK(""Frames_for_Analysis/3227_20250717_0002_R_0445.jpg"",""3227_20250717_0002_R_0445.jpg"")","",""
3227,3228,145.717029811858,-16.8500258295277,"","=HYPERLINK(""Frames_for_Analysis/3228_20250717_0002_R_0442.jpg"",""3228_20250717_0002_R_0442.jpg"")","",""
3228,3229,145.717105376244,-16.8500723209759,"","=HYPERLINK(""Frames_for_Analysis/3229_20250717_0002_R_0438.jpg"",""3229_20250717_0002_R_0438.jpg"")","",""
3229,3230,145.717171126366,-16.8501301932613,"50","=HYPERLINK(""Frames_for_Analysis/3230_20250717_0002_R_0435.jpg"",""3230_20250717_0002_R_0435.jpg"")","",""
3230,3231,145.717233152825,-16.8501923835742,"","=HYPERLINK(""Frames_for_Analysis/3231_20250717_0002_R_0430.jpg"",""3231_20250717_0002_R_0430.jpg"")","",""
3231,3232,145.717295179284,-16.8502545738667,"","=HYPERLINK(""Frames_for_Analysis/3232_20250717_0002_R_0425.jpg"",""3232_20250717_0002_R_0425.jpg"")","",""
3232,3233,145.717357205743,-16.8503167641387,"","=HYPERLINK(""Frames_for_Analysis/3233_20250717_0002_R_0422.jpg"",""3233_20250717_0002_R_0422.jpg"")","",""
3233,3234,145.717399816904,-16.8503910554662,"","=HYPERLINK(""Frames_for_Analysis/3234_20250717_0002_R_0418.jpg"",""3234_20250717_0002_R_0418.jpg"")","",""
3234,3235,145.71743416426,-16.8504704973883,"50","=HYPERLINK(""Frames_for_Analysis/3235_20250717_0002_R_0414.jpg"",""3235_20250717_0002_R_0414.jpg"")","",""
3235,3236,145.717468511615,-16.8505499392771,"","=HYPERLINK(""Frames_for_Analysis/3236_20250717_0002_R_0409.jpg"",""3236_20250717_0002_R_0409.jpg"")","",""
3236,3237,145.717502858971,-16.8506293811325,"","=HYPERLINK(""Frames_for_Analysis/3237_20250717_0002_R_0405.jpg"",""3237_20250717_0002_R_0405.jpg"")","",""
3237,3238,145.717538524443,-16.8507082793312,"","=HYPERLINK(""Frames_for_Analysis/3238_20250717_0002_R_0400.jpg"",""3238_20250717_0002_R_0400.jpg"")","",""
3238,3239,145.717575270547,-16.8507867318178,"","=HYPERLINK(""Frames_for_Analysis/3239_20250717_0002_R_0396.jpg"",""3239_20250717_0002_R_0396.jpg"")","",""
3239,3240,145.717612016651,-16.8508651842718,"50","=HYPERLINK(""Frames_for_Analysis/3240_20250717_0002_R_0391.jpg"",""3240_20250717_0002_R_0391.jpg"")","",""
3240,3241,145.717648762756,-16.8509436366933,"","=HYPERLINK(""Frames_for_Analysis/3241_20250717_0002_R_0386.jpg"",""3241_20250717_0002_R_0386.jpg"")","",""
3241,3242,145.71767941148,-16.8510240082906,"","=HYPERLINK(""Frames_for_Analysis/3242_20250717_0002_R_0382.jpg"",""3242_20250717_0002_R_0382.jpg"")","",""
3242,3243,145.717698494069,-16.8511080204033,"","=HYPERLINK(""Frames_for_Analysis/3243_20250717_0002_R_0377.jpg"",""3243_20250717_0002_R_0377.jpg"")","",""
3243,3244,145.717717576658,-16.8511920324788,"","=HYPERLINK(""Frames_for_Analysis/3244_20250717_0002_R_0373.jpg"",""3244_20250717_0002_R_0373.jpg"")","",""
3244,3245,145.717734419546,-16.8512763892679,"50","=HYPERLINK(""Frames_for_Analysis/3245_20250717_0002_R_0370.jpg"",""3245_20250717_0002_R_0370.jpg"")","",""
3245,3246,145.71774382363,-16.851361891053,"","=HYPERLINK(""Frames_for_Analysis/3246_20250717_0002_R_0367.jpg"",""3246_20250717_0002_R_0367.jpg"")","",""
3246,3247,145.717753227714,-16.8514473927995,"","=HYPERLINK(""Frames_for_Analysis/3247_20250717_0002_R_0363.jpg"",""3247_20250717_0002_R_0363.jpg"")","",""
3247,3248,145.71773110036,-16.8515283334318,"","=HYPERLINK(""Frames_for_Analysis/3248_20250717_0002_R_0358.jpg"",""3248_20250717_0002_R_0358.jpg"")","",""
3248,3249,145.717695714061,-16.8516073561015,"","=HYPERLINK(""Frames_for_Analysis/3249_20250717_0002_R_0355.jpg"",""3249_20250717_0002_R_0355.jpg"")","",""
3249,3250,145.717670991429,-16.8516896950676,"50","=HYPERLINK(""Frames_for_Analysis/3250_20250717_0002_R_0349.jpg"",""3250_20250717_0002_R_0349.jpg"")","",""
3250,3251,145.717651082809,-16.8517735311233,"","=HYPERLINK(""Frames_for_Analysis/3251_20250717_0002_R_0342.jpg"",""3251_20250717_0002_R_0342.jpg"")","",""
3251,3252,145.717631174189,-16.8518573671418,"","=HYPERLINK(""Frames_for_Analysis/3252_20250717_0002_R_0332.jpg"",""3252_20250717_0002_R_0332.jpg"")","",""
3252,3253,145.717594864941,-16.8519352494032,"","=HYPERLINK(""Frames_for_Analysis/3253_20250717_0002_R_0329.jpg"",""3253_20250717_0002_R_0329.jpg"")","",""
3253,3254,145.717551671004,-16.8520106323692,"","=HYPERLINK(""Frames_for_Analysis/3254_20250717_0002_R_0328.jpg"",""3254_20250717_0002_R_0328.jpg"")","",""
3254,3255,145.717508477068,-16.8520860153052,"50","=HYPERLINK(""Frames_for_Analysis/3255_20250717_0002_R_0323.jpg"",""3255_20250717_0002_R_0323.jpg"")","",""
3255,3256,145.717465283132,-16.8521613982112,"","=HYPERLINK(""Frames_for_Analysis/3256_20250717_0002_R_0319.jpg"",""3256_20250717_0002_R_0319.jpg"")","",""
3256,3257,145.717422114132,-16.8522367939945,"","=HYPERLINK(""Frames_for_Analysis/3257_20250717_0002_R_0314.jpg"",""3257_20250717_0002_R_0314.jpg"")","",""
3257,3258,145.717379840421,-16.8523126531593,"","=HYPERLINK(""Frames_for_Analysis/3258_20250717_0002_R_0309.jpg"",""3258_20250717_0002_R_0309.jpg"")","",""
3258,3259,145.717337566711,-16.8523885122936,"","=HYPERLINK(""Frames_for_Analysis/3259_20250717_0002_R_0304.jpg"",""3259_20250717_0002_R_0304.jpg"")","",""
3259,3260,145.717296927236,-16.8524651793105,"50","=HYPERLINK(""Frames_for_Analysis/3260_20250717_0002_R_0300.jpg"",""3260_20250717_0002_R_0300.jpg"")","",""
3260,3261,145.717256753709,-16.8525420766456,"","=HYPERLINK(""Frames_for_Analysis/3261_20250717_0002_R_0295.jpg"",""3261_20250717_0002_R_0295.jpg"")","",""
3261,3262,145.717223626181,-16.8526218515513,"","=HYPERLINK(""Frames_for_Analysis/3262_20250717_0002_R_0291.jpg"",""3262_20250717_0002_R_0291.jpg"")","",""
3262,3263,145.717193412503,-16.8527028164457,"","=HYPERLINK(""Frames_for_Analysis/3263_20250717_0002_R_0288.jpg"",""3263_20250717_0002_R_0288.jpg"")","",""
3263,3264,145.717138525737,-16.8527688379503,"","=HYPERLINK(""Frames_for_Analysis/3264_20250717_0002_R_0283.jpg"",""3264_20250717_0002_R_0283.jpg"")","",""
3264,3265,145.717075005212,-16.8528296303619,"50","=HYPERLINK(""Frames_for_Analysis/3265_20250717_0002_R_0278.jpg"",""3265_20250717_0002_R_0278.jpg"")","",""
3265,3266,145.717010772517,-16.8528897154584,"","=HYPERLINK(""Frames_for_Analysis/3266_20250717_0002_R_0271.jpg"",""3266_20250717_0002_R_0271.jpg"")","",""
3266,3267,145.71694494444,-16.852948216069,"","=HYPERLINK(""Frames_for_Analysis/3267_20250717_0002_R_0267.jpg"",""3267_20250717_0002_R_0267.jpg"")","",""
3267,3268,145.716879116362,-16.8530067166616,"","=HYPERLINK(""Frames_for_Analysis/3268_20250717_0002_R_0262.jpg"",""3268_20250717_0002_R_0262.jpg"")","",""
3268,3269,145.716830308176,-16.8530780535207,"","=HYPERLINK(""Frames_for_Analysis/3269_20250717_0002_R_0257.jpg"",""3269_20250717_0002_R_0257.jpg"")","",""
3269,3270,145.716786267311,-16.8531529858317,"50","=HYPERLINK(""Frames_for_Analysis/3270_20250717_0002_R_0251.jpg"",""3270_20250717_0002_R_0251.jpg"")","",""
3270,3271,145.716751230841,-16.8532311612677,"","=HYPERLINK(""Frames_for_Analysis/3271_20250717_0002_R_0245.jpg"",""3271_20250717_0002_R_0245.jpg"")","",""
3271,3272,145.716732724469,-16.8533152903898,"","=HYPERLINK(""Frames_for_Analysis/3272_20250717_0002_R_0239.jpg"",""3272_20250717_0002_R_0239.jpg"")","",""
3272,3273,145.716714218096,-16.8533994194744,"","=HYPERLINK(""Frames_for_Analysis/3273_20250717_0002_R_0231.jpg"",""3273_20250717_0002_R_0231.jpg"")","",""
3273,3274,145.716729568344,-16.8534824009412,"","=HYPERLINK(""Frames_for_Analysis/3274_20250717_0002_R_0224.jpg"",""3274_20250717_0002_R_0224.jpg"")","",""
3274,3275,145.716754247088,-16.8535650661795,"50","=HYPERLINK(""Frames_for_Analysis/3275_20250717_0002_R_0219.jpg"",""3275_20250717_0002_R_0219.jpg"")","",""
3275,3276,145.716802544728,-16.8536368323771,"","=HYPERLINK(""Frames_for_Analysis/3276_20250717_0002_R_0215.jpg"",""3276_20250717_0002_R_0215.jpg"")","",""
3276,3277,145.716854758338,-16.8537067915127,"","=HYPERLINK(""Frames_for_Analysis/3277_20250717_0002_R_0210.jpg"",""3277_20250717_0002_R_0210.jpg"")","",""
3277,3278,145.716902524679,-16.8537794769343,"","=HYPERLINK(""Frames_for_Analysis/3278_20250717_0002_R_0205.jpg"",""3278_20250717_0002_R_0205.jpg"")","",""
3278,3279,145.716947093598,-16.8538541224435,"","=HYPERLINK(""Frames_for_Analysis/3279_20250717_0002_R_0201.jpg"",""3279_20250717_0002_R_0201.jpg"")","",""
3279,3280,145.716980898644,-16.8539328242773,"50","=HYPERLINK(""Frames_for_Analysis/3280_20250717_0002_R_0196.jpg"",""3280_20250717_0002_R_0196.jpg"")","",""
3280,3281,145.717001473428,-16.8540165118868,"","=HYPERLINK(""Frames_for_Analysis/3281_20250717_0002_R_0190.jpg"",""3281_20250717_0002_R_0190.jpg"")","",""
3281,3282,145.717022364304,-16.8541001240785,"","=HYPERLINK(""Frames_for_Analysis/3282_20250717_0002_R_0184.jpg"",""3282_20250717_0002_R_0184.jpg"")","",""
3282,3283,145.717045225818,-16.8541832662836,"","=HYPERLINK(""Frames_for_Analysis/3283_20250730_0003_R_3054.jpg"",""3283_20250730_0003_R_3054.jpg"")","",""
3283,3284,145.717068087331,-16.8542664084521,"","=HYPERLINK(""Frames_for_Analysis/3284_20250730_0003_R_3051.jpg"",""3284_20250730_0003_R_3051.jpg"")","",""
3284,3285,145.717064382255,-16.8543490271,"50","=HYPERLINK(""Frames_for_Analysis/3285_20250730_0003_R_3046.jpg"",""3285_20250730_0003_R_3046.jpg"")","",""
3285,3286,145.717037964342,-16.8544311981646,"","=HYPERLINK(""Frames_for_Analysis/3286_20250730_0003_R_3061.jpg"",""3286_20250730_0003_R_3061.jpg"")","",""
3286,3287,145.717026943384,-16.8545160576014,"","=HYPERLINK(""Frames_for_Analysis/3287_20250730_0003_R_3041.jpg"",""3287_20250730_0003_R_3041.jpg"")","",""
3287,3288,145.717021339589,-16.8546018628716,"","=HYPERLINK(""Frames_for_Analysis/3288_20250717_0002_R_0158.jpg"",""3288_20250717_0002_R_0158.jpg"")","",""
3288,3289,145.716997302387,-16.8546834693488,"","=HYPERLINK(""Frames_for_Analysis/3289_20250717_0002_R_0154.jpg"",""3289_20250717_0002_R_0154.jpg"")","",""
3289,3290,145.716961916082,-16.8547624906975,"50","=HYPERLINK(""Frames_for_Analysis/3290_20250730_0003_R_3037.jpg"",""3290_20250730_0003_R_3037.jpg"")","",""
3290,3291,145.716919988353,-16.8548383110015,"","=HYPERLINK(""Frames_for_Analysis/3291_20250717_0002_R_0145.jpg"",""3291_20250717_0002_R_0145.jpg"")","",""
3291,3292,145.71687377057,-16.8549120319597,"","=HYPERLINK(""Frames_for_Analysis/3292_20250717_0002_R_0140.jpg"",""3292_20250717_0002_R_0140.jpg"")","",""
3292,3293,145.716821355506,-16.8549807957171,"","=HYPERLINK(""Frames_for_Analysis/3293_20250717_0002_R_0136.jpg"",""3293_20250717_0002_R_0136.jpg"")","",""
3293,3294,145.716753750409,-16.8550374090285,"","=HYPERLINK(""Frames_for_Analysis/3294_20250717_0002_R_0130.jpg"",""3294_20250717_0002_R_0130.jpg"")","",""
3294,3295,145.716676495888,-16.8550808921936,"50","=HYPERLINK(""Frames_for_Analysis/3295_20250717_0001_R_2307.jpg"",""3295_20250717_0001_R_2307.jpg"")","",""
3295,3296,145.716616272075,-16.8551401163694,"","=HYPERLINK(""Frames_for_Analysis/3296_20250717_0002_R_0110.jpg"",""3296_20250717_0002_R_0110.jpg"")","",""
3296,3297,145.716600683075,-16.8552222430319,"","=HYPERLINK(""Frames_for_Analysis/3297_20250730_0003_R_3027.jpg"",""3297_20250730_0003_R_3027.jpg"")","",""
3297,3298,145.716612212224,-16.8553069851599,"","=HYPERLINK(""Frames_for_Analysis/3298_20250717_0002_R_0090.jpg"",""3298_20250717_0002_R_0090.jpg"")","",""
3298,3299,145.716631998454,-16.855390846147,"","=HYPERLINK(""Frames_for_Analysis/3299_20250730_0003_R_3020.jpg"",""3299_20250730_0003_R_3020.jpg"")","",""
3299,3300,145.716656192799,-16.8554736290152,"50","=HYPERLINK(""Frames_for_Analysis/3300_20250730_0003_R_3017.jpg"",""3300_20250730_0003_R_3017.jpg"")","",""
3300,3301,145.716680871691,-16.8555562933428,"","=HYPERLINK(""Frames_for_Analysis/3301_20250717_0002_R_0058.jpg"",""3301_20250717_0002_R_0058.jpg"")","",""
3301,3302,145.716707245868,-16.8556384762993,"","=HYPERLINK(""Frames_for_Analysis/3302_20250717_0002_R_0014.jpg"",""3302_20250717_0002_R_0014.jpg"")","",""
3302,3303,145.716733865152,-16.8557205870434,"","=HYPERLINK(""Frames_for_Analysis/3303_20250717_0002_R_0005.jpg"",""3303_20250717_0002_R_0005.jpg"")","",""
3303,3304,145.716763297843,-16.8558017899218,"","=HYPERLINK(""Frames_for_Analysis/3304_20250730_0003_R_3004.jpg"",""3304_20250730_0003_R_3004.jpg"")","",""
3304,3305,145.716794162431,-16.855882528264,"50","=HYPERLINK(""Frames_for_Analysis/3305_20250730_0003_R_3000.jpg"",""3305_20250730_0003_R_3000.jpg"")","",""
3305,3306,145.716826405148,-16.8559627472237,"","=HYPERLINK(""Frames_for_Analysis/3306_20250730_0003_R_2997.jpg"",""3306_20250730_0003_R_2997.jpg"")","",""
3306,3307,145.716861347088,-16.8560419489463,"","=HYPERLINK(""Frames_for_Analysis/3307_20250730_0003_R_2993.jpg"",""3307_20250730_0003_R_2993.jpg"")","",""
3307,3308,145.716896289028,-16.8561211506357,"","=HYPERLINK(""Frames_for_Analysis/3308_20250730_0003_R_2989.jpg"",""3308_20250730_0003_R_2989.jpg"")","",""
3308,3309,145.71693267854,-16.8561997482097,"","=HYPERLINK(""Frames_for_Analysis/3309_20250730_0003_R_2986.jpg"",""3309_20250730_0003_R_2986.jpg"")","",""
3309,3310,145.716957389522,-16.856281783671,"50","=HYPERLINK(""Frames_for_Analysis/3310_20250730_0003_R_2982.jpg"",""3310_20250730_0003_R_2982.jpg"")","",""
3310,3311,145.716972900958,-16.8563664398201,"","=HYPERLINK(""Frames_for_Analysis/3311_20250730_0003_R_2979.jpg"",""3311_20250730_0003_R_2979.jpg"")","",""
3311,3312,145.716983197639,-16.8564518450632,"","=HYPERLINK(""Frames_for_Analysis/3312_20250730_0003_R_2976.jpg"",""3312_20250730_0003_R_2976.jpg"")","",""
3312,3313,145.717001746281,-16.8565358397433,"","=HYPERLINK(""Frames_for_Analysis/3313_20250730_0003_R_2972.jpg"",""3313_20250730_0003_R_2972.jpg"")","",""
3313,3314,145.71702297818,-16.8566193757318,"","=HYPERLINK(""Frames_for_Analysis/3314_20250730_0003_R_2968.jpg"",""3314_20250730_0003_R_2968.jpg"")","",""
3314,3315,145.717047030797,-16.856702191873,"50","=HYPERLINK(""Frames_for_Analysis/3315_20250730_0003_R_2964.jpg"",""3315_20250730_0003_R_2964.jpg"")","",""
3315,3316,145.717072354885,-16.8567846618919,"","=HYPERLINK(""Frames_for_Analysis/3316_20250730_0003_R_2960.jpg"",""3316_20250730_0003_R_2960.jpg"")","",""
3316,3317,145.717106248225,-16.8568642795371,"","=HYPERLINK(""Frames_for_Analysis/3317_20250730_0003_R_2955.jpg"",""3317_20250730_0003_R_2955.jpg"")","",""
3317,3318,145.717153107955,-16.8569360765982,"","=HYPERLINK(""Frames_for_Analysis/3318_20250730_0003_R_2950.jpg"",""3318_20250730_0003_R_2950.jpg"")","",""
3318,3319,145.71719651251,-16.8570102748823,"","=HYPERLINK(""Frames_for_Analysis/3319_20250730_0003_R_2947.jpg"",""3319_20250730_0003_R_2947.jpg"")","",""
3319,3320,145.717230185943,-16.8570898588149,"50","=HYPERLINK(""Frames_for_Analysis/3320_20250730_0003_R_2944.jpg"",""3320_20250730_0003_R_2944.jpg"")","",""
3320,3321,145.71725660399,-16.857172028649,"","=HYPERLINK(""Frames_for_Analysis/3321_20250730_0003_R_2940.jpg"",""3321_20250730_0003_R_2940.jpg"")","",""
3321,3322,145.717284123093,-16.8572538651252,"","=HYPERLINK(""Frames_for_Analysis/3322_20250730_0003_R_2937.jpg"",""3322_20250730_0003_R_2937.jpg"")","",""
3322,3323,145.717311888477,-16.8573356270096,"","=HYPERLINK(""Frames_for_Analysis/3323_20250730_0003_R_2933.jpg"",""3323_20250730_0003_R_2933.jpg"")","",""
3323,3324,145.717345322809,-16.8574152751731,"","=HYPERLINK(""Frames_for_Analysis/3324_20250730_0003_R_2929.jpg"",""3324_20250730_0003_R_2929.jpg"")","",""
3324,3325,145.717382671248,-16.8574934639161,"50","=HYPERLINK(""Frames_for_Analysis/3325_20250730_0003_R_2925.jpg"",""3325_20250730_0003_R_2925.jpg"")","",""
3325,3326,145.717408476701,-16.8575751555565,"","=HYPERLINK(""Frames_for_Analysis/3326_20250730_0003_R_2922.jpg"",""3326_20250730_0003_R_2922.jpg"")","",""
3326,3327,145.717425031836,-16.8576596543376,"","=HYPERLINK(""Frames_for_Analysis/3327_20250730_0003_R_2917.jpg"",""3327_20250730_0003_R_2917.jpg"")","",""
3327,3328,145.717442471133,-16.8577439891408,"","=HYPERLINK(""Frames_for_Analysis/3328_20250730_0003_R_2913.jpg"",""3328_20250730_0003_R_2913.jpg"")","",""
3328,3329,145.717470512024,-16.8578249360375,"","=HYPERLINK(""Frames_for_Analysis/3329_20250730_0003_R_2910.jpg"",""3329_20250730_0003_R_2910.jpg"")","",""
3329,3330,145.71750970314,-16.8579022941435,"50","=HYPERLINK(""Frames_for_Analysis/3330_20250730_0003_R_2906.jpg"",""3330_20250730_0003_R_2906.jpg"")","",""
3330,3331,145.71755466531,-16.8579764919279,"","=HYPERLINK(""Frames_for_Analysis/3331_20250730_0003_R_2903.jpg"",""3331_20250730_0003_R_2903.jpg"")","",""
3331,3332,145.717595333516,-16.858052210336,"","=HYPERLINK(""Frames_for_Analysis/3332_20250730_0003_R_2899.jpg"",""3332_20250730_0003_R_2899.jpg"")","",""
3332,3333,145.717622127814,-16.8581342680935,"","=HYPERLINK(""Frames_for_Analysis/3333_20250730_0003_R_2895.jpg"",""3333_20250730_0003_R_2895.jpg"")","",""
3333,3334,145.717637284539,-16.8582185460751,"","=HYPERLINK(""Frames_for_Analysis/3334_20250730_0003_R_2891.jpg"",""3334_20250730_0003_R_2891.jpg"")","",""
3334,3335,145.71764541751,-16.8583041640367,"50","=HYPERLINK(""Frames_for_Analysis/3335_20250730_0003_R_2888.jpg"",""3335_20250730_0003_R_2888.jpg"")","",""
3335,3336,145.717652779601,-16.858389837838,"","=HYPERLINK(""Frames_for_Analysis/3336_20250730_0003_R_2884.jpg"",""3336_20250730_0003_R_2884.jpg"")","",""
3336,3337,145.717658214205,-16.8584756513176,"","=HYPERLINK(""Frames_for_Analysis/3337_20250730_0003_R_2881.jpg"",""3337_20250730_0003_R_2881.jpg"")","",""
3337,3338,145.717667284715,-16.8585611210119,"","=HYPERLINK(""Frames_for_Analysis/3338_20250730_0003_R_2877.jpg"",""3338_20250730_0003_R_2877.jpg"")","",""
3338,3339,145.71767949992,-16.8586462933616,"","=HYPERLINK(""Frames_for_Analysis/3339_20250730_0003_R_2873.jpg"",""3339_20250730_0003_R_2873.jpg"")","",""
3339,3340,145.717691715126,-16.8587314656729,"50","=HYPERLINK(""Frames_for_Analysis/3340_20250730_0003_R_2869.jpg"",""3340_20250730_0003_R_2869.jpg"")","",""
3340,3341,145.717709708557,-16.8588156508694,"","=HYPERLINK(""Frames_for_Analysis/3341_20250730_0003_R_2865.jpg"",""3341_20250730_0003_R_2865.jpg"")","",""
3341,3342,145.71772903836,-16.8588996077402,"","=HYPERLINK(""Frames_for_Analysis/3342_20250730_0003_R_2861.jpg"",""3342_20250730_0003_R_2861.jpg"")","",""
3342,3343,145.717748368163,-16.8589835645738,"","=HYPERLINK(""Frames_for_Analysis/3343_20250730_0003_R_2857.jpg"",""3343_20250730_0003_R_2857.jpg"")","",""
3343,3344,145.717768565448,-16.8590673314228,"","=HYPERLINK(""Frames_for_Analysis/3344_20250730_0003_R_2853.jpg"",""3344_20250730_0003_R_2853.jpg"")","",""
3344,3345,145.717789305357,-16.8591509794194,"50","=HYPERLINK(""Frames_for_Analysis/3345_20250730_0003_R_2849.jpg"",""3345_20250730_0003_R_2849.jpg"")","",""
3345,3346,145.717810045267,-16.859234627379,"","=HYPERLINK(""Frames_for_Analysis/3346_20250730_0003_R_2846.jpg"",""3346_20250730_0003_R_2846.jpg"")","",""
3346,3347,145.717829692433,-16.8593185065779,"","=HYPERLINK(""Frames_for_Analysis/3347_20250730_0003_R_2842.jpg"",""3347_20250730_0003_R_2842.jpg"")","",""
3347,3348,145.717847743558,-16.8594027235379,"","=HYPERLINK(""Frames_for_Analysis/3348_20250730_0003_R_2838.jpg"",""3348_20250730_0003_R_2838.jpg"")","",""
3348,3349,145.717865664756,-16.8594869656477,"","=HYPERLINK(""Frames_for_Analysis/3349_20250730_0003_R_2833.jpg"",""3349_20250730_0003_R_2833.jpg"")","",""
3349,3350,145.717883282334,-16.8595712665788,"50","=HYPERLINK(""Frames_for_Analysis/3350_20250730_0003_R_2830.jpg"",""3350_20250730_0003_R_2830.jpg"")","",""
3350,3351,145.717911793185,-16.8596527549546,"","=HYPERLINK(""Frames_for_Analysis/3351_20250730_0003_R_2826.jpg"",""3351_20250730_0003_R_2826.jpg"")","",""
3351,3352,145.717940870531,-16.8597340970328,"","=HYPERLINK(""Frames_for_Analysis/3352_20250730_0003_R_2821.jpg"",""3352_20250730_0003_R_2821.jpg"")","",""
3352,3353,145.717958138384,-16.8598182934732,"","=HYPERLINK(""Frames_for_Analysis/3353_20250730_0003_R_2818.jpg"",""3353_20250730_0003_R_2818.jpg"")","",""
3353,3354,145.717972906515,-16.859903094068,"","=HYPERLINK(""Frames_for_Analysis/3354_20250730_0003_R_2815.jpg"",""3354_20250730_0003_R_2815.jpg"")","",""
3354,3355,145.717991070414,-16.8599872397368,"50","=HYPERLINK(""Frames_for_Analysis/3355_20250730_0003_R_2811.jpg"",""3355_20250730_0003_R_2811.jpg"")","",""
3355,3356,145.718011773647,-16.8600708956473,"","=HYPERLINK(""Frames_for_Analysis/3356_20250730_0003_R_2807.jpg"",""3356_20250730_0003_R_2807.jpg"")","",""
3356,3357,145.718033960106,-16.8601541899692,"","=HYPERLINK(""Frames_for_Analysis/3357_20250730_0003_R_2803.jpg"",""3357_20250730_0003_R_2803.jpg"")","",""
3357,3358,145.718057596454,-16.8602371308292,"","=HYPERLINK(""Frames_for_Analysis/3358_20250730_0003_R_2800.jpg"",""3358_20250730_0003_R_2800.jpg"")","",""
3358,3359,145.718062292392,-16.8603221311869,"","=HYPERLINK(""Frames_for_Analysis/3359_20250730_0003_R_2796.jpg"",""3359_20250730_0003_R_2796.jpg"")","",""
3359,3360,145.718063827386,-16.8604078514455,"50","=HYPERLINK(""Frames_for_Analysis/3360_20250730_0003_R_2790.jpg"",""3360_20250730_0003_R_2790.jpg"")","",""
3360,3361,145.718074027438,-16.8604932654825,"","=HYPERLINK(""Frames_for_Analysis/3361_20250730_0003_R_2787.jpg"",""3361_20250730_0003_R_2787.jpg"")","",""
3361,3362,145.718087991998,-16.8605781143575,"","=HYPERLINK(""Frames_for_Analysis/3362_20250730_0003_R_2783.jpg"",""3362_20250730_0003_R_2783.jpg"")","",""
3362,3363,145.718105609434,-16.8606624148293,"","=HYPERLINK(""Frames_for_Analysis/3363_20250730_0003_R_2779.jpg"",""3363_20250730_0003_R_2779.jpg"")","",""
3363,3364,145.7181198345,-16.8607471817183,"","=HYPERLINK(""Frames_for_Analysis/3364_20250730_0003_R_2776.jpg"",""3364_20250730_0003_R_2776.jpg"")","",""
3364,3365,145.718127730009,-16.8608328188903,"50","=HYPERLINK(""Frames_for_Analysis/3365_20250730_0003_R_2772.jpg"",""3365_20250730_0003_R_2772.jpg"")","",""
3365,3366,145.718138485534,-16.8609181328124,"","=HYPERLINK(""Frames_for_Analysis/3366_20250730_0003_R_2768.jpg"",""3366_20250730_0003_R_2768.jpg"")","",""
3366,3367,145.718151264302,-16.8610032208754,"","=HYPERLINK(""Frames_for_Analysis/3367_20250730_0003_R_2764.jpg"",""3367_20250730_0003_R_2764.jpg"")","",""
3367,3368,145.718160508328,-16.861088734248,"","=HYPERLINK(""Frames_for_Analysis/3368_20250730_0003_R_2760.jpg"",""3368_20250730_0003_R_2760.jpg"")","",""
3368,3369,145.718176264652,-16.8611731821604,"","=HYPERLINK(""Frames_for_Analysis/3369_20250730_0003_R_2756.jpg"",""3369_20250730_0003_R_2756.jpg"")","",""
3369,3370,145.718195004716,-16.8612571458866,"50","=HYPERLINK(""Frames_for_Analysis/3370_20250730_0003_R_2751.jpg"",""3370_20250730_0003_R_2751.jpg"")","",""
3370,3371,145.71820457456,-16.8613426263118,"","=HYPERLINK(""Frames_for_Analysis/3371_20250730_0003_R_2746.jpg"",""3371_20250730_0003_R_2746.jpg"")","",""
3371,3372,145.718222258255,-16.861426759438,"","=HYPERLINK(""Frames_for_Analysis/3372_20250730_0003_R_2742.jpg"",""3372_20250730_0003_R_2742.jpg"")","",""
3372,3373,145.718241926792,-16.861510565683,"","=HYPERLINK(""Frames_for_Analysis/3373_20250730_0003_R_2738.jpg"",""3373_20250730_0003_R_2738.jpg"")","",""
3373,3374,145.718251847038,-16.8615960093997,"","=HYPERLINK(""Frames_for_Analysis/3374_20250730_0003_R_2734.jpg"",""3374_20250730_0003_R_2734.jpg"")","",""
3374,3375,145.718262023421,-16.8616814241409,"50","=HYPERLINK(""Frames_for_Analysis/3375_20250730_0003_R_2730.jpg"",""3375_20250730_0003_R_2730.jpg"")","",""
3375,3376,145.718273165485,-16.861766729747,"","=HYPERLINK(""Frames_for_Analysis/3376_20250730_0003_R_2726.jpg"",""3376_20250730_0003_R_2726.jpg"")","",""
3376,3377,145.718284307542,-16.8618520353152,"","=HYPERLINK(""Frames_for_Analysis/3377_20250730_0003_R_2722.jpg"",""3377_20250730_0003_R_2722.jpg"")","",""
3377,3378,145.718294483355,-16.8619374486141,"","=HYPERLINK(""Frames_for_Analysis/3378_20250730_0003_R_2717.jpg"",""3378_20250730_0003_R_2717.jpg"")","",""
3378,3379,145.718304138581,-16.8620229199376,"","=HYPERLINK(""Frames_for_Analysis/3379_20250730_0003_R_2713.jpg"",""3379_20250730_0003_R_2713.jpg"")","",""
3379,3380,145.718316660753,-16.86210802877,"50","=HYPERLINK(""Frames_for_Analysis/3380_20250730_0003_R_2709.jpg"",""3380_20250730_0003_R_2709.jpg"")","",""
3380,3381,145.718330528771,-16.8621929674164,"","=HYPERLINK(""Frames_for_Analysis/3381_20250730_0003_R_2704.jpg"",""3381_20250730_0003_R_2704.jpg"")","",""
3381,3382,145.718360884656,-16.8622738228221,"","=HYPERLINK(""Frames_for_Analysis/3382_20250730_0003_R_2700.jpg"",""3382_20250730_0003_R_2700.jpg"")","",""
3382,3383,145.718393634202,-16.8623538168333,"","=HYPERLINK(""Frames_for_Analysis/3383_20250730_0003_R_2696.jpg"",""3383_20250730_0003_R_2696.jpg"")","",""
3383,3384,145.718431175514,-16.8624319188907,"","=HYPERLINK(""Frames_for_Analysis/3384_20250730_0003_R_2691.jpg"",""3384_20250730_0003_R_2691.jpg"")","",""
3384,3385,145.718468716825,-16.8625100209158,"50","=HYPERLINK(""Frames_for_Analysis/3385_20250730_0003_R_2686.jpg"",""3385_20250730_0003_R_2686.jpg"")","",""
3385,3386,145.718506081831,-16.8625881999171,"","=HYPERLINK(""Frames_for_Analysis/3386_20250730_0003_R_2682.jpg"",""3386_20250730_0003_R_2682.jpg"")","",""
3386,3387,145.718543138048,-16.8626665137609,"","=HYPERLINK(""Frames_for_Analysis/3387_20250730_0003_R_2677.jpg"",""3387_20250730_0003_R_2677.jpg"")","",""
3387,3388,145.718580194265,-16.8627448275722,"","=HYPERLINK(""Frames_for_Analysis/3388_20250730_0003_R_2673.jpg"",""3388_20250730_0003_R_2673.jpg"")","",""
3388,3389,145.718621305769,-16.8628209372688,"","=HYPERLINK(""Frames_for_Analysis/3389_20250730_0003_R_2668.jpg"",""3389_20250730_0003_R_2668.jpg"")","",""
3389,3390,145.718672605325,-16.8628915096432,"50","=HYPERLINK(""Frames_for_Analysis/3390_20250730_0003_R_2663.jpg"",""3390_20250730_0003_R_2663.jpg"")","",""
3390,3391,145.718718212189,-16.8629655061166,"","=HYPERLINK(""Frames_for_Analysis/3391_20250730_0003_R_2659.jpg"",""3391_20250730_0003_R_2659.jpg"")","",""
3391,3392,145.718763228844,-16.8630398934514,"","=HYPERLINK(""Frames_for_Analysis/3392_20250730_0003_R_2654.jpg"",""3392_20250730_0003_R_2654.jpg"")","",""
3392,3393,145.718809446578,-16.8631136112397,"","=HYPERLINK(""Frames_for_Analysis/3393_20250730_0003_R_2651.jpg"",""3393_20250730_0003_R_2651.jpg"")","",""
3393,3394,145.718855664313,-16.8631873289992,"","=HYPERLINK(""Frames_for_Analysis/3394_20250730_0003_R_2645.jpg"",""3394_20250730_0003_R_2645.jpg"")","",""
3394,3395,145.718908722335,-16.8632555670647,"50","=HYPERLINK(""Frames_for_Analysis/3395_20250730_0003_R_2639.jpg"",""3395_20250730_0003_R_2639.jpg"")","",""
3395,3396,145.718976416662,-16.8633120801566,"","=HYPERLINK(""Frames_for_Analysis/3396_20250730_0003_R_2634.jpg"",""3396_20250730_0003_R_2634.jpg"")","",""
3396,3397,145.71904411099,-16.8633685932315,"","=HYPERLINK(""Frames_for_Analysis/3397_20250730_0003_R_2629.jpg"",""3397_20250730_0003_R_2629.jpg"")","",""
3397,3398,145.719111842668,-16.8634250638052,"","=HYPERLINK(""Frames_for_Analysis/3398_20250730_0003_R_2622.jpg"",""3398_20250730_0003_R_2622.jpg"")","",""
3398,3399,145.719181602513,-16.863479227466,"","=HYPERLINK(""Frames_for_Analysis/3399_20250730_0003_R_2616.jpg"",""3399_20250730_0003_R_2616.jpg"")","",""
3399,3400,145.719251362358,-16.8635333911113,"50","=HYPERLINK(""Frames_for_Analysis/3400_20250730_0003_R_2610.jpg"",""3400_20250730_0003_R_2610.jpg"")","",""
3400,3401,145.719321122203,-16.863587554741,"","=HYPERLINK(""Frames_for_Analysis/3401_20250730_0003_R_2602.jpg"",""3401_20250730_0003_R_2602.jpg"")","",""
3401,3402,145.719391971873,-16.8636403666538,"","=HYPERLINK(""Frames_for_Analysis/3402_20250730_0003_R_2598.jpg"",""3402_20250730_0003_R_2598.jpg"")","",""
3402,3403,145.719464412441,-16.863691205376,"","=HYPERLINK(""Frames_for_Analysis/3403_20250730_0003_R_2589.jpg"",""3403_20250730_0003_R_2589.jpg"")","",""
3403,3404,145.719536853008,-16.8637420440846,"","=HYPERLINK(""Frames_for_Analysis/3404_20250730_0003_R_2586.jpg"",""3404_20250730_0003_R_2586.jpg"")","",""
3404,3405,145.719609293575,-16.8637928827795,"50","=HYPERLINK(""Frames_for_Analysis/3405_20250730_0003_R_2581.jpg"",""3405_20250730_0003_R_2581.jpg"")","",""
3405,3406,145.71968639962,-16.8638359493988,"","=HYPERLINK(""Frames_for_Analysis/3406_20250730_0003_R_2577.jpg"",""3406_20250730_0003_R_2577.jpg"")","",""
3406,3407,145.719768781386,-16.8638702273635,"","=HYPERLINK(""Frames_for_Analysis/3407_20250730_0003_R_2573.jpg"",""3407_20250730_0003_R_2573.jpg"")","",""
3407,3408,145.719851163152,-16.863904505322,"","=HYPERLINK(""Frames_for_Analysis/3408_20250730_0003_R_2569.jpg"",""3408_20250730_0003_R_2569.jpg"")","",""
3408,3409,145.719936229674,-16.8639319103361,"","=HYPERLINK(""Frames_for_Analysis/3409_20250730_0003_R_2566.jpg"",""3409_20250730_0003_R_2566.jpg"")","",""
3409,3410,145.720021905532,-16.8639577554535,"50","=HYPERLINK(""Frames_for_Analysis/3410_20250730_0003_R_2562.jpg"",""3410_20250730_0003_R_2562.jpg"")","",""
3410,3411,145.720107581391,-16.8639836005674,"","=HYPERLINK(""Frames_for_Analysis/3411_20250730_0003_R_2559.jpg"",""3411_20250730_0003_R_2559.jpg"")","",""
3411,3412,145.720193257249,-16.8640094456777,"","=HYPERLINK(""Frames_for_Analysis/3412_20250730_0003_R_2555.jpg"",""3412_20250730_0003_R_2555.jpg"")","",""
3412,3413,145.720278933107,-16.8640352907845,"","=HYPERLINK(""Frames_for_Analysis/3413_20250730_0003_R_2552.jpg"",""3413_20250730_0003_R_2552.jpg"")","",""
3413,3414,145.720366800446,-16.8640521779756,"","=HYPERLINK(""Frames_for_Analysis/3414_20250730_0003_R_2548.jpg"",""3414_20250730_0003_R_2548.jpg"")","",""
3414,3415,145.720455560575,-16.864065415787,"50","=HYPERLINK(""Frames_for_Analysis/3415_20250730_0003_R_2544.jpg"",""3415_20250730_0003_R_2544.jpg"")","",""
3415,3416,145.720544320705,-16.8640786535974,"","=HYPERLINK(""Frames_for_Analysis/3416_20250730_0003_R_2540.jpg"",""3416_20250730_0003_R_2540.jpg"")","",""
3416,3417,145.720633080834,-16.864091891407,"","=HYPERLINK(""Frames_for_Analysis/3417_20250730_0003_R_2536.jpg"",""3417_20250730_0003_R_2536.jpg"")","",""
3417,3418,145.72072138371,-16.8641075481245,"","=HYPERLINK(""Frames_for_Analysis/3418_20250730_0003_R_2532.jpg"",""3418_20250730_0003_R_2532.jpg"")","",""
3418,3419,145.720809364554,-16.8641249084185,"","=HYPERLINK(""Frames_for_Analysis/3419_20250730_0003_R_2528.jpg"",""3419_20250730_0003_R_2528.jpg"")","",""
3419,3420,145.720897345398,-16.864142268711,"50","=HYPERLINK(""Frames_for_Analysis/3420_20250730_0003_R_2526.jpg"",""3420_20250730_0003_R_2526.jpg"")","",""
3420,3421,145.720985326242,-16.8641596290018,"","=HYPERLINK(""Frames_for_Analysis/3421_20250730_0003_R_2523.jpg"",""3421_20250730_0003_R_2523.jpg"")","",""
3421,3422,145.721073307085,-16.8641769892911,"","=HYPERLINK(""Frames_for_Analysis/3422_20250730_0003_R_2519.jpg"",""3422_20250730_0003_R_2519.jpg"")","",""
3422,3423,145.721161745592,-16.8641915625766,"","=HYPERLINK(""Frames_for_Analysis/3423_20250730_0003_R_2515.jpg"",""3423_20250730_0003_R_2515.jpg"")","",""
3423,3424,145.72125104969,-16.864200864729,"","=HYPERLINK(""Frames_for_Analysis/3424_20250730_0003_R_2512.jpg"",""3424_20250730_0003_R_2512.jpg"")","",""
3424,3425,145.721340353787,-16.8642101668809,"50","=HYPERLINK(""Frames_for_Analysis/3425_20250730_0003_R_2508.jpg"",""3425_20250730_0003_R_2508.jpg"")","",""
3425,3426,145.721429657885,-16.8642194690324,"","=HYPERLINK(""Frames_for_Analysis/3426_20250730_0003_R_2504.jpg"",""3426_20250730_0003_R_2504.jpg"")","",""
3426,3427,145.721518961983,-16.8642287711834,"","=HYPERLINK(""Frames_for_Analysis/3427_20250730_0003_R_2501.jpg"",""3427_20250730_0003_R_2501.jpg"")","",""
3427,3428,145.72160826608,-16.864238073334,"","=HYPERLINK(""Frames_for_Analysis/3428_20250730_0003_R_2497.jpg"",""3428_20250730_0003_R_2497.jpg"")","",""
3428,3429,145.721697570178,-16.8642473754841,"","=HYPERLINK(""Frames_for_Analysis/3429_20250730_0003_R_2493.jpg"",""3429_20250730_0003_R_2493.jpg"")","",""
3429,3430,145.721786874275,-16.8642566776338,"50","=HYPERLINK(""Frames_for_Analysis/3430_20250730_0003_R_2491.jpg"",""3430_20250730_0003_R_2491.jpg"")","",""
3430,3431,145.721875926692,-16.8642678326026,"","=HYPERLINK(""Frames_for_Analysis/3431_20250730_0003_R_2487.jpg"",""3431_20250730_0003_R_2487.jpg"")","",""
3431,3432,145.72196474786,-16.8642806899868,"","=HYPERLINK(""Frames_for_Analysis/3432_20250730_0003_R_2484.jpg"",""3432_20250730_0003_R_2484.jpg"")","",""
3432,3433,145.722053569027,-16.8642935473702,"","=HYPERLINK(""Frames_for_Analysis/3433_20250730_0003_R_2481.jpg"",""3433_20250730_0003_R_2481.jpg"")","",""
3433,3434,145.722142390194,-16.8643064047527,"","=HYPERLINK(""Frames_for_Analysis/3434_20250730_0003_R_2477.jpg"",""3434_20250730_0003_R_2477.jpg"")","",""
3434,3435,145.722231211361,-16.8643192621343,"50","=HYPERLINK(""Frames_for_Analysis/3435_20250730_0003_R_2470.jpg"",""3435_20250730_0003_R_2470.jpg"")","",""
3435,3436,145.722320032529,-16.864332119515,"","=HYPERLINK(""Frames_for_Analysis/3436_20250730_0003_R_2466.jpg"",""3436_20250730_0003_R_2466.jpg"")","",""
3436,3437,145.722408906562,-16.8643446068316,"","=HYPERLINK(""Frames_for_Analysis/3437_20250730_0003_R_2461.jpg"",""3437_20250730_0003_R_2461.jpg"")","",""
3437,3438,145.722498074547,-16.8643550364867,"","=HYPERLINK(""Frames_for_Analysis/3438_20250730_0003_R_2457.jpg"",""3438_20250730_0003_R_2457.jpg"")","",""
3438,3439,145.722587242532,-16.8643654661412,"","=HYPERLINK(""Frames_for_Analysis/3439_20250730_0003_R_2453.jpg"",""3439_20250730_0003_R_2453.jpg"")","",""
3439,3440,145.722676410517,-16.8643758957952,"50","=HYPERLINK(""Frames_for_Analysis/3440_20250730_0003_R_2450.jpg"",""3440_20250730_0003_R_2450.jpg"")","",""
3440,3441,145.722765578502,-16.8643863254486,"","=HYPERLINK(""Frames_for_Analysis/3441_20250730_0003_R_2445.jpg"",""3441_20250730_0003_R_2445.jpg"")","",""
3441,3442,145.722854603288,-16.8643977420634,"","=HYPERLINK(""Frames_for_Analysis/3442_20250730_0003_R_2442.jpg"",""3442_20250730_0003_R_2442.jpg"")","",""
3442,3443,145.722943367303,-16.8644109559648,"","=HYPERLINK(""Frames_for_Analysis/3443_20250730_0003_R_2438.jpg"",""3443_20250730_0003_R_2438.jpg"")","",""
3443,3444,145.723032131319,-16.8644241698653,"","=HYPERLINK(""Frames_for_Analysis/3444_20250730_0003_R_2435.jpg"",""3444_20250730_0003_R_2435.jpg"")","",""
3444,3445,145.723120895335,-16.8644373837648,"50","=HYPERLINK(""Frames_for_Analysis/3445_20250730_0003_R_2431.jpg"",""3445_20250730_0003_R_2431.jpg"")","",""
3445,3446,145.72320965935,-16.8644505976635,"","=HYPERLINK(""Frames_for_Analysis/3446_20250730_0003_R_2427.jpg"",""3446_20250730_0003_R_2427.jpg"")","",""
3446,3447,145.723298764976,-16.8644612311793,"","=HYPERLINK(""Frames_for_Analysis/3447_20250730_0003_R_2423.jpg"",""3447_20250730_0003_R_2423.jpg"")","",""
3447,3448,145.723388167881,-16.8644696191642,"","=HYPERLINK(""Frames_for_Analysis/3448_20250730_0003_R_2419.jpg"",""3448_20250730_0003_R_2419.jpg"")","",""
3448,3449,145.723477570786,-16.8644780071488,"","=HYPERLINK(""Frames_for_Analysis/3449_20250730_0003_R_2414.jpg"",""3449_20250730_0003_R_2414.jpg"")","",""
3449,3450,145.723566973691,-16.8644863951329,"50","=HYPERLINK(""Frames_for_Analysis/3450_20250730_0003_R_2410.jpg"",""3450_20250730_0003_R_2410.jpg"")","",""
3450,3451,145.723656376597,-16.8644947831167,"","=HYPERLINK(""Frames_for_Analysis/3451_20250730_0003_R_2406.jpg"",""3451_20250730_0003_R_2406.jpg"")","",""
3451,3452,145.723745796729,-16.8645029840521,"","=HYPERLINK(""Frames_for_Analysis/3452_20250730_0003_R_2403.jpg"",""3452_20250730_0003_R_2403.jpg"")","",""
3452,3453,145.723835354415,-16.8645096915124,"","=HYPERLINK(""Frames_for_Analysis/3453_20250730_0003_R_2398.jpg"",""3453_20250730_0003_R_2398.jpg"")","",""
3453,3454,145.7239249121,-16.8645163989724,"","=HYPERLINK(""Frames_for_Analysis/3454_20250730_0003_R_2395.jpg"",""3454_20250730_0003_R_2395.jpg"")","",""
3454,3455,145.724014469785,-16.8645231064323,"50","=HYPERLINK(""Frames_for_Analysis/3455_20250730_0003_R_2392.jpg"",""3455_20250730_0003_R_2392.jpg"")","",""
3455,3456,145.72410402747,-16.8645298138918,"","=HYPERLINK(""Frames_for_Analysis/3456_20250730_0003_R_2388.jpg"",""3456_20250730_0003_R_2388.jpg"")","",""
3456,3457,145.724193585156,-16.8645365213512,"","=HYPERLINK(""Frames_for_Analysis/3457_20250730_0003_R_2384.jpg"",""3457_20250730_0003_R_2384.jpg"")","",""
3457,3458,145.724283144504,-16.864543160183,"","=HYPERLINK(""Frames_for_Analysis/3458_20250730_0003_R_2381.jpg"",""3458_20250730_0003_R_2381.jpg"")","",""
3458,3459,145.724372930798,-16.8645404323759,"","=HYPERLINK(""Frames_for_Analysis/3459_20250730_0003_R_2377.jpg"",""3459_20250730_0003_R_2377.jpg"")","",""
3459,3460,145.724462717093,-16.8645377045689,"50","=HYPERLINK(""Frames_for_Analysis/3460_20250730_0003_R_2374.jpg"",""3460_20250730_0003_R_2374.jpg"")","",""
3460,3461,145.724552503388,-16.8645349767617,"","=HYPERLINK(""Frames_for_Analysis/3461_20250730_0003_R_2371.jpg"",""3461_20250730_0003_R_2371.jpg"")","",""
3461,3462,145.724642011881,-16.86453991098,"","=HYPERLINK(""Frames_for_Analysis/3462_20250730_0003_R_2368.jpg"",""3462_20250730_0003_R_2368.jpg"")","",""
3462,3463,145.724731384677,-16.8645485878485,"","=HYPERLINK(""Frames_for_Analysis/3463_20250730_0003_R_2364.jpg"",""3463_20250730_0003_R_2364.jpg"")","",""
3463,3464,145.724820757473,-16.8645572647165,"","=HYPERLINK(""Frames_for_Analysis/3464_20250730_0003_R_2361.jpg"",""3464_20250730_0003_R_2361.jpg"")","",""
3464,3465,145.724910129872,-16.8645659449616,"50","=HYPERLINK(""Frames_for_Analysis/3465_20250730_0003_R_2357.jpg"",""3465_20250730_0003_R_2357.jpg"")","",""
3465,3466,145.724999286369,-16.8645764641629,"","=HYPERLINK(""Frames_for_Analysis/3466_20250730_0003_R_2353.jpg"",""3466_20250730_0003_R_2353.jpg"")","",""
3466,3467,145.725088442866,-16.8645869833637,"","=HYPERLINK(""Frames_for_Analysis/3467_20250730_0003_R_2350.jpg"",""3467_20250730_0003_R_2350.jpg"")","",""
3467,3468,145.725177599363,-16.8645975025638,"","=HYPERLINK(""Frames_for_Analysis/3468_20250730_0003_R_2347.jpg"",""3468_20250730_0003_R_2347.jpg"")","",""
3468,3469,145.725266692418,-16.8646084376501,"","=HYPERLINK(""Frames_for_Analysis/3469_20250730_0003_R_2344.jpg"",""3469_20250730_0003_R_2344.jpg"")","",""
3469,3470,145.725355270388,-16.8646227493087,"50","=HYPERLINK(""Frames_for_Analysis/3470_20250730_0003_R_2341.jpg"",""3470_20250730_0003_R_2341.jpg"")","",""
3470,3471,145.725443848359,-16.8646370609661,"","=HYPERLINK(""Frames_for_Analysis/3471_20250730_0003_R_2338.jpg"",""3471_20250730_0003_R_2338.jpg"")","",""
3471,3472,145.725532426329,-16.8646513726225,"","=HYPERLINK(""Frames_for_Analysis/3472_20250730_0003_R_2335.jpg"",""3472_20250730_0003_R_2335.jpg"")","",""
3472,3473,145.725621004299,-16.8646656842778,"","=HYPERLINK(""Frames_for_Analysis/3473_20250730_0003_R_2332.jpg"",""3473_20250730_0003_R_2332.jpg"")","",""
3473,3474,145.725708858582,-16.8646836131743,"","=HYPERLINK(""Frames_for_Analysis/3474_20250730_0003_R_2329.jpg"",""3474_20250730_0003_R_2329.jpg"")","",""
3474,3475,145.725796845137,-16.8647009299423,"50","=HYPERLINK(""Frames_for_Analysis/3475_20250730_0003_R_2327.jpg"",""3475_20250730_0003_R_2327.jpg"")","",""
3475,3476,145.725885005132,-16.8647174368498,"","=HYPERLINK(""Frames_for_Analysis/3476_20250730_0003_R_2324.jpg"",""3476_20250730_0003_R_2324.jpg"")","",""
3476,3477,145.725973165127,-16.8647339437558,"","=HYPERLINK(""Frames_for_Analysis/3477_20250730_0003_R_2321.jpg"",""3477_20250730_0003_R_2321.jpg"")","",""
3477,3478,145.726052716844,-16.8647737351098,"","=HYPERLINK(""Frames_for_Analysis/3478_20250730_0003_R_2317.jpg"",""3478_20250730_0003_R_2317.jpg"")","",""
3478,3479,145.726132108765,-16.8648139586853,"","=HYPERLINK(""Frames_for_Analysis/3479_20250730_0003_R_2314.jpg"",""3479_20250730_0003_R_2314.jpg"")","",""
3479,3480,145.726211500686,-16.8648541822522,"50","=HYPERLINK(""Frames_for_Analysis/3480_20250730_0003_R_2311.jpg"",""3480_20250730_0003_R_2311.jpg"")","",""
3480,3481,145.726286928725,-16.864900826281,"","=HYPERLINK(""Frames_for_Analysis/3481_20250730_0003_R_2308.jpg"",""3481_20250730_0003_R_2308.jpg"")","",""
3481,3482,145.726362049926,-16.8649479672978,"","=HYPERLINK(""Frames_for_Analysis/3482_20250730_0003_R_2304.jpg"",""3482_20250730_0003_R_2304.jpg"")","",""
3482,3483,145.726437171127,-16.8649951083028,"","=HYPERLINK(""Frames_for_Analysis/3483_20250730_0003_R_2301.jpg"",""3483_20250730_0003_R_2301.jpg"")","",""
3483,3484,145.72651199718,-16.865042643437,"","=HYPERLINK(""Frames_for_Analysis/3484_20250730_0003_R_2299.jpg"",""3484_20250730_0003_R_2299.jpg"")","",""
3484,3485,145.726582786468,-16.8650955692602,"50","=HYPERLINK(""Frames_for_Analysis/3485_20250730_0003_R_2296.jpg"",""3485_20250730_0003_R_2296.jpg"")","",""
3485,3486,145.726653575756,-16.8651484950686,"","=HYPERLINK(""Frames_for_Analysis/3486_20250730_0003_R_2294.jpg"",""3486_20250730_0003_R_2294.jpg"")","",""
3486,3487,145.726704481746,-16.865218911899,"","=HYPERLINK(""Frames_for_Analysis/3487_20250730_0003_R_2292.jpg"",""3487_20250730_0003_R_2292.jpg"")","",""
3487,3488,145.726753642116,-16.8652908642977,"","=HYPERLINK(""Frames_for_Analysis/3488_20250730_0003_R_2289.jpg"",""3488_20250730_0003_R_2289.jpg"")","",""
3488,3489,145.726802802485,-16.865362816669,"","=HYPERLINK(""Frames_for_Analysis/3489_20250730_0003_R_2286.jpg"",""3489_20250730_0003_R_2286.jpg"")","",""
3489,3490,145.726849340452,-16.8654363143547,"50","=HYPERLINK(""Frames_for_Analysis/3490_20250730_0003_R_2283.jpg"",""3490_20250730_0003_R_2283.jpg"")","",""
3490,3491,145.726894349036,-16.8655107132524,"","=HYPERLINK(""Frames_for_Analysis/3491_20250730_0003_R_2281.jpg"",""3491_20250730_0003_R_2281.jpg"")","",""
3491,3492,145.726940292169,-16.8655845704968,"","=HYPERLINK(""Frames_for_Analysis/3492_20250730_0003_R_2278.jpg"",""3492_20250730_0003_R_2278.jpg"")","",""
3492,3493,145.726988333938,-16.8656572114335,"","=HYPERLINK(""Frames_for_Analysis/3493_20250730_0003_R_2275.jpg"",""3493_20250730_0003_R_2275.jpg"")","",""
3493,3494,145.727036375708,-16.8657298523422,"","=HYPERLINK(""Frames_for_Analysis/3494_20250730_0003_R_2272.jpg"",""3494_20250730_0003_R_2272.jpg"")","",""
3494,3495,145.727084417477,-16.865802493223,"50","=HYPERLINK(""Frames_for_Analysis/3495_20250730_0003_R_2269.jpg"",""3495_20250730_0003_R_2269.jpg"")","",""
3495,3496,145.727132459246,-16.8658751340759,"","=HYPERLINK(""Frames_for_Analysis/3496_20250730_0003_R_2266.jpg"",""3496_20250730_0003_R_2266.jpg"")","",""
3496,3497,145.727182083677,-16.865946752589,"","=HYPERLINK(""Frames_for_Analysis/3497_20250730_0003_R_2262.jpg"",""3497_20250730_0003_R_2262.jpg"")","",""
3497,3498,145.727234512639,-16.8660165595041,"","=HYPERLINK(""Frames_for_Analysis/3498_20250730_0003_R_2259.jpg"",""3498_20250730_0003_R_2259.jpg"")","",""
3498,3499,145.7272869416,-16.8660863663933,"","=HYPERLINK(""Frames_for_Analysis/3499_20250730_0003_R_2256.jpg"",""3499_20250730_0003_R_2256.jpg"")","",""
3499,3500,145.727339370561,-16.8661561732568,"50","=HYPERLINK(""Frames_for_Analysis/3500_20250730_0003_R_2253.jpg"",""3500_20250730_0003_R_2253.jpg"")","",""
3500,3501,145.727391943596,-16.8662258799009,"","=HYPERLINK(""Frames_for_Analysis/3501_20250730_0003_R_2250.jpg"",""3501_20250730_0003_R_2250.jpg"")","",""
3501,3502,145.727445130672,-16.8662951594955,"","=HYPERLINK(""Frames_for_Analysis/3502_20250730_0003_R_2247.jpg"",""3502_20250730_0003_R_2247.jpg"")","",""
3502,3503,145.727498317748,-16.8663644390647,"","=HYPERLINK(""Frames_for_Analysis/3503_20250730_0003_R_2245.jpg"",""3503_20250730_0003_R_2245.jpg"")","",""
3503,3504,145.727551504824,-16.8664337186085,"","=HYPERLINK(""Frames_for_Analysis/3504_20250730_0003_R_2242.jpg"",""3504_20250730_0003_R_2242.jpg"")","",""
3504,3505,145.727588923451,-16.8665118176861,"50","=HYPERLINK(""Frames_for_Analysis/3505_20250730_0003_R_2239.jpg"",""3505_20250730_0003_R_2239.jpg"")","",""
3505,3506,145.727625896927,-16.8665901657119,"","=HYPERLINK(""Frames_for_Analysis/3506_20250730_0003_R_2236.jpg"",""3506_20250730_0003_R_2236.jpg"")","",""
3506,3507,145.727662870403,-16.8666685137052,"","=HYPERLINK(""Frames_for_Analysis/3507_20250730_0003_R_2233.jpg"",""3507_20250730_0003_R_2233.jpg"")","",""
3507,3508,145.727695025232,-16.8667485322572,"","=HYPERLINK(""Frames_for_Analysis/3508_20250730_0003_R_2231.jpg"",""3508_20250730_0003_R_2231.jpg"")","",""
3508,3509,145.727719067999,-16.8668313631686,"","=HYPERLINK(""Frames_for_Analysis/3509_20250730_0003_R_2228.jpg"",""3509_20250730_0003_R_2228.jpg"")","",""
3509,3510,145.727743110766,-16.8669141940437,"50","=HYPERLINK(""Frames_for_Analysis/3510_20250730_0003_R_2225.jpg"",""3510_20250730_0003_R_2225.jpg"")","",""
3510,3511,145.727762007396,-16.8669980184671,"","=HYPERLINK(""Frames_for_Analysis/3511_20250730_0003_R_2222.jpg"",""3511_20250730_0003_R_2222.jpg"")","",""
3511,3512,145.727773404568,-16.8670832908024,"","=HYPERLINK(""Frames_for_Analysis/3512_20250730_0003_R_2219.jpg"",""3512_20250730_0003_R_2219.jpg"")","",""
3512,3513,145.72778480174,-16.8671685630992,"","=HYPERLINK(""Frames_for_Analysis/3513_20250730_0003_R_2216.jpg"",""3513_20250730_0003_R_2216.jpg"")","",""
3513,3514,145.727796198912,-16.8672538353575,"","=HYPERLINK(""Frames_for_Analysis/3514_20250730_0003_R_2213.jpg"",""3514_20250730_0003_R_2213.jpg"")","",""
3514,3515,145.727807596084,-16.8673391075774,"50","=HYPERLINK(""Frames_for_Analysis/3515_20250730_0003_R_2210.jpg"",""3515_20250730_0003_R_2210.jpg"")","",""
3515,3516,145.727815825399,-16.8674247009816,"","=HYPERLINK(""Frames_for_Analysis/3516_20250730_0003_R_2208.jpg"",""3516_20250730_0003_R_2208.jpg"")","",""
3516,3517,145.727823354774,-16.8675103653216,"","=HYPERLINK(""Frames_for_Analysis/3517_20250730_0003_R_2205.jpg"",""3517_20250730_0003_R_2205.jpg"")","",""
3517,3518,145.727830884148,-16.8675960296229,"","=HYPERLINK(""Frames_for_Analysis/3518_20250730_0003_R_2202.jpg"",""3518_20250730_0003_R_2202.jpg"")","",""
3518,3519,145.727838413523,-16.8676816938852,"","=HYPERLINK(""Frames_for_Analysis/3519_20250730_0003_R_2199.jpg"",""3519_20250730_0003_R_2199.jpg"")","",""
3519,3520,145.727845942897,-16.8677673581087,"50","=HYPERLINK(""Frames_for_Analysis/3520_20250730_0003_R_2196.jpg"",""3520_20250730_0003_R_2196.jpg"")","",""
3520,3521,145.727852813779,-16.8678530583181,"","=HYPERLINK(""Frames_for_Analysis/3521_20250730_0003_R_2193.jpg"",""3521_20250730_0003_R_2193.jpg"")","",""
3521,3522,145.727855534819,-16.8679389855167,"","=HYPERLINK(""Frames_for_Analysis/3522_20250730_0003_R_2190.jpg"",""3522_20250730_0003_R_2190.jpg"")","",""
3522,3523,145.727858255859,-16.8680249126764,"","=HYPERLINK(""Frames_for_Analysis/3523_20250730_0003_R_2187.jpg"",""3523_20250730_0003_R_2187.jpg"")","",""
3523,3524,145.727860976898,-16.8681108397969,"","=HYPERLINK(""Frames_for_Analysis/3524_20250730_0003_R_2184.jpg"",""3524_20250730_0003_R_2184.jpg"")","",""
3524,3525,145.72786194877,-16.8681967922359,"50","=HYPERLINK(""Frames_for_Analysis/3525_20250730_0003_R_2181.jpg"",""3525_20250730_0003_R_2181.jpg"")","",""
3525,3526,145.72786194877,-16.868282758725,"","=HYPERLINK(""Frames_for_Analysis/3526_20250730_0003_R_2178.jpg"",""3526_20250730_0003_R_2178.jpg"")","",""
3526,3527,145.72786194877,-16.868368725175,"","=HYPERLINK(""Frames_for_Analysis/3527_20250730_0003_R_2175.jpg"",""3527_20250730_0003_R_2175.jpg"")","",""
3527,3528,145.72786194877,-16.8684546915859,"","=HYPERLINK(""Frames_for_Analysis/3528_20250730_0003_R_2172.jpg"",""3528_20250730_0003_R_2172.jpg"")","",""
3528,3529,145.727852397414,-16.8685397952,"","=HYPERLINK(""Frames_for_Analysis/3529_20250730_0003_R_2169.jpg"",""3529_20250730_0003_R_2169.jpg"")","",""
3529,3530,145.727835588847,-16.8686242432446,"50","=HYPERLINK(""Frames_for_Analysis/3530_20250730_0003_R_2166.jpg"",""3530_20250730_0003_R_2166.jpg"")","",""
3530,3531,145.727818780279,-16.8687086912513,"","=HYPERLINK(""Frames_for_Analysis/3531_20250730_0003_R_2163.jpg"",""3531_20250730_0003_R_2163.jpg"")","",""
3531,3532,145.727797126068,-16.8687914271399,"","=HYPERLINK(""Frames_for_Analysis/3532_20250730_0003_R_2161.jpg"",""3532_20250730_0003_R_2161.jpg"")","",""
3532,3533,145.72778178531,-16.8688744179916,"","=HYPERLINK(""Frames_for_Analysis/3533_20250730_0003_R_2158.jpg"",""3533_20250730_0003_R_2158.jpg"")","",""
3533,3534,145.727776295458,-16.8689602234904,"","=HYPERLINK(""Frames_for_Analysis/3534_20250730_0003_R_2155.jpg"",""3534_20250730_0003_R_2155.jpg"")","",""
3534,3535,145.727768452232,-16.8690456897439,"50","=HYPERLINK(""Frames_for_Analysis/3535_20250730_0003_R_2152.jpg"",""3535_20250730_0003_R_2152.jpg"")","",""
3535,3536,145.727747287913,-16.8691292359086,"","=HYPERLINK(""Frames_for_Analysis/3536_20250730_0003_R_2148.jpg"",""3536_20250730_0003_R_2148.jpg"")","",""
3536,3537,145.727738309408,-16.8692133009581,"","=HYPERLINK(""Frames_for_Analysis/3537_20250730_0003_R_2145.jpg"",""3537_20250730_0003_R_2145.jpg"")","",""
3537,3538,145.727749017316,-16.8692985600119,"","=HYPERLINK(""Frames_for_Analysis/3538_20250730_0003_R_2142.jpg"",""3538_20250730_0003_R_2142.jpg"")","",""
3538,3539,145.727747665992,-16.8693832713619,"","=HYPERLINK(""Frames_for_Analysis/3539_20250730_0003_R_2139.jpg"",""3539_20250730_0003_R_2139.jpg"")","",""
3539,3540,145.727705635084,-16.8694592471126,"50","=HYPERLINK(""Frames_for_Analysis/3540_20250730_0003_R_2137.jpg"",""3540_20250730_0003_R_2137.jpg"")","",""
3540,3541,145.727661427078,-16.8695335458989,"","=HYPERLINK(""Frames_for_Analysis/3541_20250730_0003_R_2135.jpg"",""3541_20250730_0003_R_2135.jpg"")","",""
3541,3542,145.727596468012,-16.869592110394,"","=HYPERLINK(""Frames_for_Analysis/3542_20250730_0003_R_2132.jpg"",""3542_20250730_0003_R_2132.jpg"")","",""
3542,3543,145.727555932151,-16.869667750707,"","=HYPERLINK(""Frames_for_Analysis/3543_20250730_0003_R_2129.jpg"",""3543_20250730_0003_R_2129.jpg"")","",""
3543,3544,145.727534145075,-16.8697511498674,"","=HYPERLINK(""Frames_for_Analysis/3544_20250730_0003_R_2126.jpg"",""3544_20250730_0003_R_2126.jpg"")","",""
3544,3545,145.72751274497,-16.869834640441,"50","=HYPERLINK(""Frames_for_Analysis/3545_20250730_0003_R_2123.jpg"",""3545_20250730_0003_R_2123.jpg"")","",""
3545,3546,145.727491458578,-16.8699181578504,"","=HYPERLINK(""Frames_for_Analysis/3546_20250730_0003_R_2120.jpg"",""3546_20250730_0003_R_2120.jpg"")","",""
3546,3547,145.727465879013,-16.8700004698038,"","=HYPERLINK(""Frames_for_Analysis/3547_20250730_0003_R_2117.jpg"",""3547_20250730_0003_R_2117.jpg"")","",""
3547,3548,145.72743663795,-16.8700817536616,"","=HYPERLINK(""Frames_for_Analysis/3548_20250730_0003_R_2114.jpg"",""3548_20250730_0003_R_2114.jpg"")","",""
3548,3549,145.727407396886,-16.8701630374843,"","=HYPERLINK(""Frames_for_Analysis/3549_20250730_0003_R_2111.jpg"",""3549_20250730_0003_R_2111.jpg"")","",""
3549,3550,145.727379618629,-16.8702447003784,"50","=HYPERLINK(""Frames_for_Analysis/3550_20250730_0003_R_2108.jpg"",""3550_20250730_0003_R_2108.jpg"")","",""
3550,3551,145.727362001002,-16.870328996502,"","=HYPERLINK(""Frames_for_Analysis/3551_20250730_0003_R_2104.jpg"",""3551_20250730_0003_R_2104.jpg"")","",""
3551,3552,145.727344383375,-16.8704132925879,"","=HYPERLINK(""Frames_for_Analysis/3552_20250730_0003_R_2101.jpg"",""3552_20250730_0003_R_2101.jpg"")","",""
3552,3553,145.727324792558,-16.8704970667036,"","=HYPERLINK(""Frames_for_Analysis/3553_20250730_0003_R_2097.jpg"",""3553_20250730_0003_R_2097.jpg"")","",""
3553,3554,145.727294669715,-16.870578054935,"","=HYPERLINK(""Frames_for_Analysis/3554_20250730_0003_R_2095.jpg"",""3554_20250730_0003_R_2095.jpg"")","",""
3554,3555,145.727264546873,-16.8706590431316,"50","=HYPERLINK(""Frames_for_Analysis/3555_20250730_0003_R_2092.jpg"",""3555_20250730_0003_R_2092.jpg"")","",""
3555,3556,145.72723442403,-16.8707400312936,"","=HYPERLINK(""Frames_for_Analysis/3556_20250730_0003_R_2090.jpg"",""3556_20250730_0003_R_2090.jpg"")","",""
3556,3557,145.727195005551,-16.870817165582,"","=HYPERLINK(""Frames_for_Analysis/3557_20250730_0003_R_2087.jpg"",""3557_20250730_0003_R_2087.jpg"")","",""
3557,3558,145.727153866801,-16.8708935866397,"","=HYPERLINK(""Frames_for_Analysis/3558_20250730_0003_R_2084.jpg"",""3558_20250730_0003_R_2084.jpg"")","",""
3558,3559,145.727112728052,-16.8709700076665,"","=HYPERLINK(""Frames_for_Analysis/3559_20250730_0003_R_2081.jpg"",""3559_20250730_0003_R_2081.jpg"")","",""
3559,3560,145.727071589302,-16.8710464286625,"50","=HYPERLINK(""Frames_for_Analysis/3560_20250730_0003_R_2078.jpg"",""3560_20250730_0003_R_2078.jpg"")","",""
3560,3561,145.727031333437,-16.8711232784506,"","=HYPERLINK(""Frames_for_Analysis/3561_20250730_0003_R_2074.jpg"",""3561_20250730_0003_R_2074.jpg"")","",""
3561,3562,145.72699115944,-16.8712001679712,"","=HYPERLINK(""Frames_for_Analysis/3562_20250730_0003_R_2072.jpg"",""3562_20250730_0003_R_2072.jpg"")","",""
3562,3563,145.726950985443,-16.8712770574606,"","=HYPERLINK(""Frames_for_Analysis/3563_20250730_0003_R_2069.jpg"",""3563_20250730_0003_R_2069.jpg"")","",""
3563,3564,145.726916524223,-16.8713564019098,"","=HYPERLINK(""Frames_for_Analysis/3564_20250730_0003_R_2066.jpg"",""3564_20250730_0003_R_2066.jpg"")","",""
3564,3565,145.726882145498,-16.8714358126891,"50","=HYPERLINK(""Frames_for_Analysis/3565_20250730_0003_R_2062.jpg"",""3565_20250730_0003_R_2062.jpg"")","",""
3565,3566,145.726846327268,-16.8715146486096,"","=HYPERLINK(""Frames_for_Analysis/3566_20250730_0003_R_2059.jpg"",""3566_20250730_0003_R_2059.jpg"")","",""
3566,3567,145.726810509038,-16.8715934844972,"","=HYPERLINK(""Frames_for_Analysis/3567_20250730_0003_R_2056.jpg"",""3567_20250730_0003_R_2056.jpg"")","",""
3567,3568,145.726774690808,-16.8716723203519,"","=HYPERLINK(""Frames_for_Analysis/3568_20250730_0003_R_2053.jpg"",""3568_20250730_0003_R_2053.jpg"")","",""
3568,3569,145.726738399758,-16.8717509558569,"","=HYPERLINK(""Frames_for_Analysis/3569_20250730_0003_R_2049.jpg"",""3569_20250730_0003_R_2049.jpg"")","",""
3569,3570,145.726701488082,-16.8718293283918,"50","=HYPERLINK(""Frames_for_Analysis/3570_20250730_0003_R_2046.jpg"",""3570_20250730_0003_R_2046.jpg"")","",""
3570,3571,145.726664576406,-16.8719077008943,"","=HYPERLINK(""Frames_for_Analysis/3571_20250730_0003_R_2043.jpg"",""3571_20250730_0003_R_2043.jpg"")","",""
3571,3572,145.72662766473,-16.8719860733642,"","=HYPERLINK(""Frames_for_Analysis/3572_20250730_0003_R_2040.jpg"",""3572_20250730_0003_R_2040.jpg"")","",""
3572,3573,145.726590671892,-16.8720644106471,"","=HYPERLINK(""Frames_for_Analysis/3573_20250730_0003_R_2037.jpg"",""3573_20250730_0003_R_2037.jpg"")","",""
3573,3574,145.726553499546,-16.872142670146,"","=HYPERLINK(""Frames_for_Analysis/3574_20250730_0003_R_2034.jpg"",""3574_20250730_0003_R_2034.jpg"")","",""
3574,3575,145.726515147052,-16.8722203908324,"50","=HYPERLINK(""Frames_for_Analysis/3575_20250730_0003_R_2031.jpg"",""3575_20250730_0003_R_2031.jpg"")","",""
3575,3576,145.726474973079,-16.8722972799184,"","=HYPERLINK(""Frames_for_Analysis/3576_20250730_0003_R_2028.jpg"",""3576_20250730_0003_R_2028.jpg"")","",""
3576,3577,145.726434799107,-16.872374168973,"","=HYPERLINK(""Frames_for_Analysis/3577_20250730_0003_R_2024.jpg"",""3577_20250730_0003_R_2024.jpg"")","",""
3577,3578,145.726426362786,-16.8724582277411,"","=HYPERLINK(""Frames_for_Analysis/3578_20250730_0003_R_2021.jpg"",""3578_20250730_0003_R_2021.jpg"")","",""
3578,3579,145.726426362786,-16.8725441922912,"","=HYPERLINK(""Frames_for_Analysis/3579_20250730_0003_R_2018.jpg"",""3579_20250730_0003_R_2018.jpg"")","",""
3579,3580,145.726395109934,-16.8726247335703,"50","=HYPERLINK(""Frames_for_Analysis/3580_20250730_0003_R_2015.jpg"",""3580_20250730_0003_R_2015.jpg"")","",""
3580,3581,145.726363568144,-16.8727052246765,"","=HYPERLINK(""Frames_for_Analysis/3581_20250730_0003_R_2012.jpg"",""3581_20250730_0003_R_2012.jpg"")","",""
3581,3582,145.726335066515,-16.8727867260409,"","=HYPERLINK(""Frames_for_Analysis/3582_20250730_0003_R_2009.jpg"",""3582_20250730_0003_R_2009.jpg"")","",""
3582,3583,145.726321691472,-16.8728696550798,"","=HYPERLINK(""Frames_for_Analysis/3583_20250730_0003_R_2006.jpg"",""3583_20250730_0003_R_2006.jpg"")","",""
3583,3584,145.726335351031,-16.8729546198189,"","=HYPERLINK(""Frames_for_Analysis/3584_20250730_0003_R_2002.jpg"",""3584_20250730_0003_R_2002.jpg"")","",""
3584,3585,145.726314737984,-16.8730379448813,"50","=HYPERLINK(""Frames_for_Analysis/3585_20250730_0003_R_1998.jpg"",""3585_20250730_0003_R_1998.jpg"")","",""
3585,3586,145.726295052627,-16.8731216934981,"","=HYPERLINK(""Frames_for_Analysis/3586_20250730_0003_R_1995.jpg"",""3586_20250730_0003_R_1995.jpg"")","",""
3586,3587,145.726283986458,-16.873206945198,"","=HYPERLINK(""Frames_for_Analysis/3587_20250730_0003_R_1991.jpg"",""3587_20250730_0003_R_1991.jpg"")","",""
3587,3588,145.726292371749,-16.8732925340757,"","=HYPERLINK(""Frames_for_Analysis/3588_20250730_0003_R_1988.jpg"",""3588_20250730_0003_R_1988.jpg"")","",""
3588,3589,145.726300036364,-16.8733781790156,"","=HYPERLINK(""Frames_for_Analysis/3589_20250730_0003_R_1984.jpg"",""3589_20250730_0003_R_1984.jpg"")","",""
3589,3590,145.726306216959,-16.8734639394405,"50","=HYPERLINK(""Frames_for_Analysis/3590_20250730_0003_R_1981.jpg"",""3590_20250730_0003_R_1981.jpg"")","",""
3590,3591,145.726312397554,-16.8735496998265,"","=HYPERLINK(""Frames_for_Analysis/3591_20250730_0003_R_1977.jpg"",""3591_20250730_0003_R_1977.jpg"")","",""
3591,3592,145.72632299524,-16.8736347406362,"","=HYPERLINK(""Frames_for_Analysis/3592_20250730_0003_R_1971.jpg"",""3592_20250730_0003_R_1971.jpg"")","",""
3592,3593,145.726346814588,-16.8737176276204,"","=HYPERLINK(""Frames_for_Analysis/3593_20250730_0003_R_1968.jpg"",""3593_20250730_0003_R_1968.jpg"")","",""
3593,3594,145.726370521817,-16.8738005427282,"","=HYPERLINK(""Frames_for_Analysis/3594_20250730_0003_R_1964.jpg"",""3594_20250730_0003_R_1964.jpg"")","",""
3594,3595,145.726392557042,-16.873883878725,"50","=HYPERLINK(""Frames_for_Analysis/3595_20250730_0003_R_1959.jpg"",""3595_20250730_0003_R_1959.jpg"")","",""
3595,3596,145.726424031474,-16.8739635656685,"","=HYPERLINK(""Frames_for_Analysis/3596_20250730_0003_R_1955.jpg"",""3596_20250730_0003_R_1955.jpg"")","",""
3596,3597,145.726435870419,-16.8740463914386,"","=HYPERLINK(""Frames_for_Analysis/3597_20250730_0003_R_1952.jpg"",""3597_20250730_0003_R_1952.jpg"")","",""
3597,3598,145.726474012043,-16.8741225748942,"","=HYPERLINK(""Frames_for_Analysis/3598_20250730_0003_R_1949.jpg"",""3598_20250730_0003_R_1949.jpg"")","",""
3598,3599,145.726539923786,-16.8741790701822,"","=HYPERLINK(""Frames_for_Analysis/3599_20250730_0003_R_1946.jpg"",""3599_20250730_0003_R_1946.jpg"")","",""
3599,3600,145.726572675908,-16.8742584854961,"50","=HYPERLINK(""Frames_for_Analysis/3600_20250730_0003_R_1942.jpg"",""3600_20250730_0003_R_1942.jpg"")","",""
3600,3601,145.72664966478,-16.8742760909635,"","=HYPERLINK(""Frames_for_Analysis/3601_20250730_0003_R_1939.jpg"",""3601_20250730_0003_R_1939.jpg"")","",""
3601,3602,145.726679764326,-16.8743406191697,"","=HYPERLINK(""Frames_for_Analysis/3602_20250730_0003_R_1936.jpg"",""3602_20250730_0003_R_1936.jpg"")","",""
3602,3603,145.726723220497,-16.8744146188137,"","=HYPERLINK(""Frames_for_Analysis/3603_20250730_0003_R_1930.jpg"",""3603_20250730_0003_R_1930.jpg"")","",""
3603,3604,145.726797722976,-16.8744603617915,"","=HYPERLINK(""Frames_for_Analysis/3604_20250730_0003_R_1923.jpg"",""3604_20250730_0003_R_1923.jpg"")","",""
3604,3605,145.726879687982,-16.8744952371067,"50","=HYPERLINK(""Frames_for_Analysis/3605_20250730_0003_R_1917.jpg"",""3605_20250730_0003_R_1917.jpg"")","",""
3605,3606,145.72696392736,-16.874525093578,"","=HYPERLINK(""Frames_for_Analysis/3606_20250730_0003_R_1911.jpg"",""3606_20250730_0003_R_1911.jpg"")","",""
3606,3607,145.727053123958,-16.8745304475901,"","=HYPERLINK(""Frames_for_Analysis/3607_20250730_0003_R_1908.jpg"",""3607_20250730_0003_R_1908.jpg"")","",""
3607,3608,145.727142920852,-16.8745328344725,"","=HYPERLINK(""Frames_for_Analysis/3608_20250730_0003_R_1905.jpg"",""3608_20250730_0003_R_1905.jpg"")","",""
3608,3609,145.727231989143,-16.8745217662047,"","=HYPERLINK(""Frames_for_Analysis/3609_20250730_0003_R_1901.jpg"",""3609_20250730_0003_R_1901.jpg"")","",""
3609,3610,145.727321047274,-16.8745105103148,"50","=HYPERLINK(""Frames_for_Analysis/3610_20250730_0003_R_1898.jpg"",""3610_20250730_0003_R_1898.jpg"")","",""
3610,3611,145.727409761805,-16.8744975836796,"","=HYPERLINK(""Frames_for_Analysis/3611_20250730_0003_R_1895.jpg"",""3611_20250730_0003_R_1895.jpg"")","",""
3611,3612,145.727496635602,-16.8744757065559,"","=HYPERLINK(""Frames_for_Analysis/3612_20250730_0003_R_1893.jpg"",""3612_20250730_0003_R_1893.jpg"")","",""
3612,3613,145.727583509399,-16.8744538294298,"","=HYPERLINK(""Frames_for_Analysis/3613_20250730_0003_R_1889.jpg"",""3613_20250730_0003_R_1889.jpg"")","",""
3613,3614,145.727670383196,-16.874431952301,"","=HYPERLINK(""Frames_for_Analysis/3614_20250730_0003_R_1886.jpg"",""3614_20250730_0003_R_1886.jpg"")","",""
3614,3615,145.727757256993,-16.8744100751698,"50","=HYPERLINK(""Frames_for_Analysis/3615_20250730_0003_R_1883.jpg"",""3615_20250730_0003_R_1883.jpg"")","",""
3615,3616,145.727837357569,-16.8743711670706,"","=HYPERLINK(""Frames_for_Analysis/3616_20250730_0003_R_1880.jpg"",""3616_20250730_0003_R_1880.jpg"")","",""
3616,3617,145.727917449376,-16.8743322369166,"","=HYPERLINK(""Frames_for_Analysis/3617_20250730_0003_R_1878.jpg"",""3617_20250730_0003_R_1878.jpg"")","",""
3617,3618,145.727997541183,-16.8742933067546,"","=HYPERLINK(""Frames_for_Analysis/3618_20250730_0003_R_1875.jpg"",""3618_20250730_0003_R_1875.jpg"")","",""
3618,3619,145.728078735781,-16.8742567999205,"","=HYPERLINK(""Frames_for_Analysis/3619_20250730_0003_R_1872.jpg"",""3619_20250730_0003_R_1872.jpg"")","",""
3619,3620,145.72816307648,-16.8742272065104,"50","=HYPERLINK(""Frames_for_Analysis/3620_20250730_0003_R_1869.jpg"",""3620_20250730_0003_R_1869.jpg"")","",""
3620,3621,145.72824741718,-16.8741976130955,"","=HYPERLINK(""Frames_for_Analysis/3621_20250730_0003_R_1865.jpg"",""3621_20250730_0003_R_1865.jpg"")","",""
3621,3622,145.728331757879,-16.8741680196761,"","=HYPERLINK(""Frames_for_Analysis/3622_20250730_0003_R_1862.jpg"",""3622_20250730_0003_R_1862.jpg"")","",""
3622,3623,145.728416792905,-16.8741403155371,"","=HYPERLINK(""Frames_for_Analysis/3623_20250730_0003_R_1859.jpg"",""3623_20250730_0003_R_1859.jpg"")","",""
3623,3624,145.728501924562,-16.8741128743297,"","=HYPERLINK(""Frames_for_Analysis/3624_20250730_0003_R_1856.jpg"",""3624_20250730_0003_R_1856.jpg"")","",""
3624,3625,145.728587056218,-16.8740854331184,"50","=HYPERLINK(""Frames_for_Analysis/3625_20250730_0003_R_1854.jpg"",""3625_20250730_0003_R_1854.jpg"")","",""
3625,3626,145.728672187875,-16.874057991903,"","=HYPERLINK(""Frames_for_Analysis/3626_20250730_0003_R_1851.jpg"",""3626_20250730_0003_R_1851.jpg"")","",""
3626,3627,145.728757319531,-16.8740305506837,"","=HYPERLINK(""Frames_for_Analysis/3627_20250730_0003_R_1848.jpg"",""3627_20250730_0003_R_1848.jpg"")","",""
3627,3628,145.728843728101,-16.8740073584298,"","=HYPERLINK(""Frames_for_Analysis/3628_20250730_0003_R_1846.jpg"",""3628_20250730_0003_R_1846.jpg"")","",""
3628,3629,145.728931087402,-16.8739873297664,"","=HYPERLINK(""Frames_for_Analysis/3629_20250730_0003_R_1843.jpg"",""3629_20250730_0003_R_1843.jpg"")","",""
3629,3630,145.729018446703,-16.873967301101,"50","=HYPERLINK(""Frames_for_Analysis/3630_20250730_0003_R_1839.jpg"",""3630_20250730_0003_R_1839.jpg"")","",""
3630,3631,145.729105806005,-16.8739472724334,"","=HYPERLINK(""Frames_for_Analysis/3631_20250730_0003_R_1836.jpg"",""3631_20250730_0003_R_1836.jpg"")","",""
3631,3632,145.729193165306,-16.8739272437636,"","=HYPERLINK(""Frames_for_Analysis/3632_20250730_0003_R_1833.jpg"",""3632_20250730_0003_R_1833.jpg"")","",""
3632,3633,145.729280656759,-16.8739077657381,"","=HYPERLINK(""Frames_for_Analysis/3633_20250730_0003_R_1830.jpg"",""3633_20250730_0003_R_1830.jpg"")","",""
3633,3634,145.729368394248,-16.8738893128927,"","=HYPERLINK(""Frames_for_Analysis/3634_20250730_0003_R_1827.jpg"",""3634_20250730_0003_R_1827.jpg"")","",""
3634,3635,145.729456131738,-16.8738708600454,"50","=HYPERLINK(""Frames_for_Analysis/3635_20250730_0003_R_1824.jpg"",""3635_20250730_0003_R_1824.jpg"")","",""
3635,3636,145.729543869228,-16.8738524071964,"","=HYPERLINK(""Frames_for_Analysis/3636_20250730_0003_R_1821.jpg"",""3636_20250730_0003_R_1821.jpg"")","",""
3636,3637,145.729631606717,-16.8738339543456,"","=HYPERLINK(""Frames_for_Analysis/3637_20250730_0003_R_1818.jpg"",""3637_20250730_0003_R_1818.jpg"")","",""
3637,3638,145.729719125505,-16.8738146041389,"","=HYPERLINK(""Frames_for_Analysis/3638_20250730_0003_R_1816.jpg"",""3638_20250730_0003_R_1816.jpg"")","",""
3638,3639,145.729806341133,-16.8737940100477,"","=HYPERLINK(""Frames_for_Analysis/3639_20250730_0003_R_1813.jpg"",""3639_20250730_0003_R_1813.jpg"")","",""
3639,3640,145.729893556762,-16.8737734159542,"50","=HYPERLINK(""Frames_for_Analysis/3640_20250730_0003_R_1810.jpg"",""3640_20250730_0003_R_1810.jpg"")","",""
3640,3641,145.729980772391,-16.8737528218584,"","=HYPERLINK(""Frames_for_Analysis/3641_20250730_0003_R_1807.jpg"",""3641_20250730_0003_R_1807.jpg"")","",""
3641,3642,145.730068060727,-16.8737325195618,"","=HYPERLINK(""Frames_for_Analysis/3642_20250730_0003_R_1804.jpg"",""3642_20250730_0003_R_1804.jpg"")","",""
3642,3643,145.730155603455,-16.8737132382289,"","=HYPERLINK(""Frames_for_Analysis/3643_20250730_0003_R_1800.jpg"",""3643_20250730_0003_R_1800.jpg"")","",""
3643,3644,145.730243146183,-16.873693956894,"","=HYPERLINK(""Frames_for_Analysis/3644_20250730_0003_R_1798.jpg"",""3644_20250730_0003_R_1798.jpg"")","",""
3644,3645,145.730330688911,-16.8736746755571,"50","=HYPERLINK(""Frames_for_Analysis/3645_20250730_0003_R_1795.jpg"",""3645_20250730_0003_R_1795.jpg"")","",""
3645,3646,145.730418231639,-16.8736553942183,"","=HYPERLINK(""Frames_for_Analysis/3646_20250730_0003_R_1792.jpg"",""3646_20250730_0003_R_1792.jpg"")","",""
3646,3647,145.730505774367,-16.8736361128775,"","=HYPERLINK(""Frames_for_Analysis/3647_20250730_0003_R_1789.jpg"",""3647_20250730_0003_R_1789.jpg"")","",""
3647,3648,145.730593317095,-16.8736168315347,"","=HYPERLINK(""Frames_for_Analysis/3648_20250730_0003_R_1786.jpg"",""3648_20250730_0003_R_1786.jpg"")","",""
3648,3649,145.730680836598,-16.8735974542892,"","=HYPERLINK(""Frames_for_Analysis/3649_20250730_0003_R_1783.jpg"",""3649_20250730_0003_R_1783.jpg"")","",""
3649,3650,145.730768318281,-16.8735779208664,"50","=HYPERLINK(""Frames_for_Analysis/3650_20250730_0003_R_1780.jpg"",""3650_20250730_0003_R_1780.jpg"")","",""
3650,3651,145.730855799963,-16.8735583874415,"","=HYPERLINK(""Frames_for_Analysis/3651_20250730_0003_R_1777.jpg"",""3651_20250730_0003_R_1777.jpg"")","",""
3651,3652,145.730943404373,-16.8735394312747,"","=HYPERLINK(""Frames_for_Analysis/3652_20250730_0003_R_1774.jpg"",""3652_20250730_0003_R_1774.jpg"")","",""
3652,3653,145.731031907456,-16.8735247021173,"","=HYPERLINK(""Frames_for_Analysis/3653_20250730_0003_R_1771.jpg"",""3653_20250730_0003_R_1771.jpg"")","",""
3653,3654,145.731120410539,-16.8735099729587,"","=HYPERLINK(""Frames_for_Analysis/3654_20250730_0003_R_1768.jpg"",""3654_20250730_0003_R_1768.jpg"")","",""
3654,3655,145.731208913622,-16.873495243799,"50","=HYPERLINK(""Frames_for_Analysis/3655_20250730_0003_R_1765.jpg"",""3655_20250730_0003_R_1765.jpg"")","",""
3655,3656,145.731297416705,-16.8734805146381,"","=HYPERLINK(""Frames_for_Analysis/3656_20250730_0003_R_1762.jpg"",""3656_20250730_0003_R_1762.jpg"")","",""
3656,3657,145.731385319015,-16.8734635185534,"","=HYPERLINK(""Frames_for_Analysis/3657_20250730_0003_R_1759.jpg"",""3657_20250730_0003_R_1759.jpg"")","",""
3657,3658,145.731470460769,-16.8734361059511,"","=HYPERLINK(""Frames_for_Analysis/3658_20250730_0003_R_1755.jpg"",""3658_20250730_0003_R_1755.jpg"")","",""
3658,3659,145.731555602523,-16.8734086933448,"","=HYPERLINK(""Frames_for_Analysis/3659_20250730_0003_R_1752.jpg"",""3659_20250730_0003_R_1752.jpg"")","",""
3659,3660,145.731640744277,-16.8733812807346,"50","=HYPERLINK(""Frames_for_Analysis/3660_20250730_0003_R_1748.jpg"",""3660_20250730_0003_R_1748.jpg"")","",""
3660,3661,145.731725886031,-16.8733538681204,"","=HYPERLINK(""Frames_for_Analysis/3661_20250730_0003_R_1745.jpg"",""3661_20250730_0003_R_1745.jpg"")","",""
3661,3662,145.731811027785,-16.8733264555023,"","=HYPERLINK(""Frames_for_Analysis/3662_20250730_0003_R_1742.jpg"",""3662_20250730_0003_R_1742.jpg"")","",""
3662,3663,145.731895692996,-16.8732978357835,"","=HYPERLINK(""Frames_for_Analysis/3663_20250730_0003_R_1739.jpg"",""3663_20250730_0003_R_1739.jpg"")","",""
3663,3664,145.731978507463,-16.8732645280796,"","=HYPERLINK(""Frames_for_Analysis/3664_20250730_0003_R_1736.jpg"",""3664_20250730_0003_R_1736.jpg"")","",""
3664,3665,145.732061321931,-16.8732312203698,"50","=HYPERLINK(""Frames_for_Analysis/3665_20250730_0003_R_1733.jpg"",""3665_20250730_0003_R_1733.jpg"")","",""
3665,3666,145.732144136398,-16.8731979126541,"","=HYPERLINK(""Frames_for_Analysis/3666_20250730_0003_R_1730.jpg"",""3666_20250730_0003_R_1730.jpg"")","",""
3666,3667,145.732225792459,-16.8731623543934,"","=HYPERLINK(""Frames_for_Analysis/3667_20250730_0003_R_1728.jpg"",""3667_20250730_0003_R_1728.jpg"")","",""
3667,3668,145.732303861819,-16.8731198279246,"","=HYPERLINK(""Frames_for_Analysis/3668_20250730_0003_R_1725.jpg"",""3668_20250730_0003_R_1725.jpg"")","",""
3668,3669,145.732381931179,-16.8730773014462,"","=HYPERLINK(""Frames_for_Analysis/3669_20250730_0003_R_1722.jpg"",""3669_20250730_0003_R_1722.jpg"")","",""
3669,3670,145.73246000054,-16.8730347749582,"50","=HYPERLINK(""Frames_for_Analysis/3670_20250730_0003_R_1719.jpg"",""3670_20250730_0003_R_1719.jpg"")","",""
3670,3671,145.732538459056,-16.872992927299,"","=HYPERLINK(""Frames_for_Analysis/3671_20250730_0003_R_1716.jpg"",""3671_20250730_0003_R_1716.jpg"")","",""
3671,3672,145.732617887597,-16.8729527717265,"","=HYPERLINK(""Frames_for_Analysis/3672_20250730_0003_R_1713.jpg"",""3672_20250730_0003_R_1713.jpg"")","",""
3672,3673,145.732697316138,-16.8729126161454,"","=HYPERLINK(""Frames_for_Analysis/3673_20250730_0003_R_1709.jpg"",""3673_20250730_0003_R_1709.jpg"")","",""
3673,3674,145.732775863247,-16.8728711331584,"","=HYPERLINK(""Frames_for_Analysis/3674_20250730_0003_R_1706.jpg"",""3674_20250730_0003_R_1706.jpg"")","",""
3674,3675,145.732847587094,-16.8728193746275,"50","=HYPERLINK(""Frames_for_Analysis/3675_20250730_0003_R_1703.jpg"",""3675_20250730_0003_R_1703.jpg"")","",""
3675,3676,145.732919310941,-16.8727676160823,"","=HYPERLINK(""Frames_for_Analysis/3676_20250730_0003_R_1699.jpg"",""3676_20250730_0003_R_1699.jpg"")","",""
3676,3677,145.732991034788,-16.8727158575231,"","=HYPERLINK(""Frames_for_Analysis/3677_20250730_0003_R_1696.jpg"",""3677_20250730_0003_R_1696.jpg"")","",""
3677,3678,145.733062550568,-16.8726638487195,"","=HYPERLINK(""Frames_for_Analysis/3678_20250730_0003_R_1693.jpg"",""3678_20250730_0003_R_1693.jpg"")","",""
3678,3679,145.73313136618,-16.8726085925737,"","=HYPERLINK(""Frames_for_Analysis/3679_20250730_0003_R_1690.jpg"",""3679_20250730_0003_R_1690.jpg"")","",""
3679,3680,145.733200181791,-16.8725533364116,"50","=HYPERLINK(""Frames_for_Analysis/3680_20250730_0003_R_1687.jpg"",""3680_20250730_0003_R_1687.jpg"")","",""
3680,3681,145.733268997403,-16.8724980802334,"","=HYPERLINK(""Frames_for_Analysis/3681_20250730_0003_R_1684.jpg"",""3681_20250730_0003_R_1684.jpg"")","",""
3681,3682,145.733337813014,-16.8724428240391,"","=HYPERLINK(""Frames_for_Analysis/3682_20250730_0003_R_1681.jpg"",""3682_20250730_0003_R_1681.jpg"")","",""
3682,3683,145.733406628626,-16.8723875678286,"","=HYPERLINK(""Frames_for_Analysis/3683_20250730_0003_R_1678.jpg"",""3683_20250730_0003_R_1678.jpg"")","",""
3683,3684,145.733475193133,-16.8723320441461,"","=HYPERLINK(""Frames_for_Analysis/3684_20250730_0003_R_1675.jpg"",""3684_20250730_0003_R_1675.jpg"")","",""
3684,3685,145.733539946611,-16.8722724612461,"50","=HYPERLINK(""Frames_for_Analysis/3685_20250730_0003_R_1672.jpg"",""3685_20250730_0003_R_1672.jpg"")","",""
3685,3686,145.733604700088,-16.8722128783273,"","=HYPERLINK(""Frames_for_Analysis/3686_20250730_0003_R_1669.jpg"",""3686_20250730_0003_R_1669.jpg"")","",""
3686,3687,145.733669453566,-16.8721532953898,"","=HYPERLINK(""Frames_for_Analysis/3687_20250730_0003_R_1666.jpg"",""3687_20250730_0003_R_1666.jpg"")","",""
3687,3688,145.733734207043,-16.8720937124335,"","=HYPERLINK(""Frames_for_Analysis/3688_20250730_0003_R_1663.jpg"",""3688_20250730_0003_R_1663.jpg"")","",""
3688,3689,145.733798960521,-16.8720341294584,"","=HYPERLINK(""Frames_for_Analysis/3689_20250730_0003_R_1659.jpg"",""3689_20250730_0003_R_1659.jpg"")","",""
3689,3690,145.733861853713,-16.8719728464685,"50","=HYPERLINK(""Frames_for_Analysis/3690_20250730_0003_R_1656.jpg"",""3690_20250730_0003_R_1656.jpg"")","",""
3690,3691,145.733921067264,-16.8719082008698,"","=HYPERLINK(""Frames_for_Analysis/3691_20250730_0003_R_1654.jpg"",""3691_20250730_0003_R_1654.jpg"")","",""
3691,3692,145.733980280816,-16.8718435552491,"","=HYPERLINK(""Frames_for_Analysis/3692_20250730_0003_R_1650.jpg"",""3692_20250730_0003_R_1650.jpg"")","",""
3692,3693,145.734039494368,-16.8717789096062,"","=HYPERLINK(""Frames_for_Analysis/3693_20250730_0003_R_1647.jpg"",""3693_20250730_0003_R_1647.jpg"")","",""
3693,3694,145.734098707919,-16.8717142639413,"","=HYPERLINK(""Frames_for_Analysis/3694_20250730_0003_R_1644.jpg"",""3694_20250730_0003_R_1644.jpg"")","",""
3694,3695,145.734157921471,-16.8716496182542,"50","=HYPERLINK(""Frames_for_Analysis/3695_20250730_0003_R_1641.jpg"",""3695_20250730_0003_R_1641.jpg"")","",""
3695,3696,145.734214937747,-16.871583220533,"","=HYPERLINK(""Frames_for_Analysis/3696_20250730_0003_R_1638.jpg"",""3696_20250730_0003_R_1638.jpg"")","",""
3696,3697,145.734270696416,-16.8715158200279,"","=HYPERLINK(""Frames_for_Analysis/3697_20250730_0003_R_1635.jpg"",""3697_20250730_0003_R_1635.jpg"")","",""
3697,3698,145.734326455085,-16.8714484194988,"","=HYPERLINK(""Frames_for_Analysis/3698_20250730_0003_R_1632.jpg"",""3698_20250730_0003_R_1632.jpg"")","",""
3698,3699,145.734382213754,-16.8713810189456,"","=HYPERLINK(""Frames_for_Analysis/3699_20250730_0003_R_1629.jpg"",""3699_20250730_0003_R_1629.jpg"")","",""
3699,3700,145.734437972423,-16.8713136183684,"50","=HYPERLINK(""Frames_for_Analysis/3700_20250730_0003_R_1626.jpg"",""3700_20250730_0003_R_1626.jpg"")","",""
3700,3701,145.734488830844,-16.8712428253755,"","=HYPERLINK(""Frames_for_Analysis/3701_20250730_0003_R_1623.jpg"",""3701_20250730_0003_R_1623.jpg"")","",""
3701,3702,145.734538279387,-16.8711710563114,"","=HYPERLINK(""Frames_for_Analysis/3702_20250730_0003_R_1620.jpg"",""3702_20250730_0003_R_1620.jpg"")","",""
3702,3703,145.73458772793,-16.87109928722,"","=HYPERLINK(""Frames_for_Analysis/3703_20250730_0003_R_1617.jpg"",""3703_20250730_0003_R_1617.jpg"")","",""
3703,3704,145.734637176473,-16.8710275181014,"","=HYPERLINK(""Frames_for_Analysis/3704_20250730_0003_R_1614.jpg"",""3704_20250730_0003_R_1614.jpg"")","",""
3704,3705,145.734686625016,-16.8709557489554,"50","=HYPERLINK(""Frames_for_Analysis/3705_20250730_0003_R_1611.jpg"",""3705_20250730_0003_R_1611.jpg"")","",""
3705,3706,145.734736016228,-16.8708839469054,"","=HYPERLINK(""Frames_for_Analysis/3706_20250730_0003_R_1608.jpg"",""3706_20250730_0003_R_1608.jpg"")","",""
3706,3707,145.734778832138,-16.8708083742085,"","=HYPERLINK(""Frames_for_Analysis/3707_20250730_0003_R_1605.jpg"",""3707_20250730_0003_R_1605.jpg"")","",""
3707,3708,145.734821648048,-16.8707328014814,"","=HYPERLINK(""Frames_for_Analysis/3708_20250730_0003_R_1602.jpg"",""3708_20250730_0003_R_1602.jpg"")","",""
3708,3709,145.734864463958,-16.8706572287241,"","=HYPERLINK(""Frames_for_Analysis/3709_20250730_0003_R_1599.jpg"",""3709_20250730_0003_R_1599.jpg"")","",""
3709,3710,145.734907279868,-16.8705816559365,"50","=HYPERLINK(""Frames_for_Analysis/3710_20250730_0003_R_1595.jpg"",""3710_20250730_0003_R_1595.jpg"")","",""
3710,3711,145.734950058141,-16.8705060644582,"","=HYPERLINK(""Frames_for_Analysis/3711_20250730_0003_R_1592.jpg"",""3711_20250730_0003_R_1592.jpg"")","",""
3711,3712,145.734989877705,-16.8704290059976,"","=HYPERLINK(""Frames_for_Analysis/3712_20250730_0003_R_1589.jpg"",""3712_20250730_0003_R_1589.jpg"")","",""
3712,3713,145.735029697269,-16.8703519475056,"","=HYPERLINK(""Frames_for_Analysis/3713_20250730_0003_R_1586.jpg"",""3713_20250730_0003_R_1586.jpg"")","",""
3713,3714,145.735069516832,-16.8702748889822,"","=HYPERLINK(""Frames_for_Analysis/3714_20250730_0003_R_1583.jpg"",""3714_20250730_0003_R_1583.jpg"")","",""
3714,3715,145.735109336396,-16.8701978304273,"50","=HYPERLINK(""Frames_for_Analysis/3715_20250730_0003_R_1580.jpg"",""3715_20250730_0003_R_1580.jpg"")","",""
3715,3716,145.73514915596,-16.8701207718411,"","=HYPERLINK(""Frames_for_Analysis/3716_20250730_0003_R_1577.jpg"",""3716_20250730_0003_R_1577.jpg"")","",""
3716,3717,145.735184579408,-16.8700418474191,"","=HYPERLINK(""Frames_for_Analysis/3717_20250730_0003_R_1574.jpg"",""3717_20250730_0003_R_1574.jpg"")","",""
3717,3718,145.735217535747,-16.8699618758701,"","=HYPERLINK(""Frames_for_Analysis/3718_20250730_0003_R_1571.jpg"",""3718_20250730_0003_R_1571.jpg"")","",""
3718,3719,145.735250492086,-16.8698819042873,"","=HYPERLINK(""Frames_for_Analysis/3719_20250730_0003_R_1568.jpg"",""3719_20250730_0003_R_1568.jpg"")","",""
3719,3720,145.735283448425,-16.8698019326706,"50","=HYPERLINK(""Frames_for_Analysis/3720_20250730_0003_R_1565.jpg"",""3720_20250730_0003_R_1565.jpg"")","",""
3720,3721,145.735316815391,-16.8697221178489,"","=HYPERLINK(""Frames_for_Analysis/3721_20250730_0003_R_1561.jpg"",""3721_20250730_0003_R_1561.jpg"")","",""
3721,3722,145.73535045402,-16.8696424067478,"","=HYPERLINK(""Frames_for_Analysis/3722_20250730_0003_R_1558.jpg"",""3722_20250730_0003_R_1558.jpg"")","",""
3722,3723,145.735384092648,-16.869562695613,"","=HYPERLINK(""Frames_for_Analysis/3723_20250730_0003_R_1556.jpg"",""3723_20250730_0003_R_1556.jpg"")","",""
3723,3724,145.735417731277,-16.8694829844446,"","=HYPERLINK(""Frames_for_Analysis/3724_20250730_0003_R_1553.jpg"",""3724_20250730_0003_R_1553.jpg"")","",""
3724,3725,145.735451369905,-16.8694032732425,"50","=HYPERLINK(""Frames_for_Analysis/3725_20250730_0003_R_1551.jpg"",""3725_20250730_0003_R_1551.jpg"")","",""
3725,3726,145.735485008534,-16.8693235620069,"","=HYPERLINK(""Frames_for_Analysis/3726_20250730_0003_R_1548.jpg"",""3726_20250730_0003_R_1548.jpg"")","",""
3726,3727,145.73552074342,-16.8692447056169,"","=HYPERLINK(""Frames_for_Analysis/3727_20250730_0003_R_1544.jpg"",""3727_20250730_0003_R_1544.jpg"")","",""
3727,3728,145.735557526472,-16.869166276649,"","=HYPERLINK(""Frames_for_Analysis/3728_20250730_0003_R_1540.jpg"",""3728_20250730_0003_R_1540.jpg"")","",""
3728,3729,145.735594309523,-16.8690878476485,"","=HYPERLINK(""Frames_for_Analysis/3729_20250730_0003_R_1538.jpg"",""3729_20250730_0003_R_1538.jpg"")","",""
3729,3730,145.735631092575,-16.8690094186155,"50","=HYPERLINK(""Frames_for_Analysis/3730_20250730_0003_R_1534.jpg"",""3730_20250730_0003_R_1534.jpg"")","",""
3730,3731,145.735667875627,-16.8689309895499,"","=HYPERLINK(""Frames_for_Analysis/3731_20250730_0003_R_1531.jpg"",""3731_20250730_0003_R_1531.jpg"")","",""
3731,3732,145.735704658679,-16.8688525604517,"","=HYPERLINK(""Frames_for_Analysis/3732_20250730_0003_R_1528.jpg"",""3732_20250730_0003_R_1528.jpg"")","",""
3732,3733,145.73574144173,-16.868774131321,"","=HYPERLINK(""Frames_for_Analysis/3733_20250730_0003_R_1527.jpg"",""3733_20250730_0003_R_1527.jpg"")","",""
3733,3734,145.735771760535,-16.8686938135981,"","=HYPERLINK(""Frames_for_Analysis/3734_20250730_0003_R_1524.jpg"",""3734_20250730_0003_R_1524.jpg"")","",""
3734,3735,145.735787023693,-16.8686090972628,"50","=HYPERLINK(""Frames_for_Analysis/3735_20250730_0003_R_1520.jpg"",""3735_20250730_0003_R_1520.jpg"")","",""
3735,3736,145.735811493938,-16.8685265540851,"","=HYPERLINK(""Frames_for_Analysis/3736_20250730_0003_R_1519.jpg"",""3736_20250730_0003_R_1519.jpg"")","",""
3736,3737,145.735839146216,-16.868444761943,"","=HYPERLINK(""Frames_for_Analysis/3737_20250730_0003_R_1516.jpg"",""3737_20250730_0003_R_1516.jpg"")","",""
3737,3738,145.735905278503,-16.8683905975788,"","=HYPERLINK(""Frames_for_Analysis/3738_20250730_0003_R_1514.jpg"",""3738_20250730_0003_R_1514.jpg"")","",""
3738,3739,145.735988421831,-16.8683580479381,"","=HYPERLINK(""Frames_for_Analysis/3739_20250730_0003_R_1511.jpg"",""3739_20250730_0003_R_1511.jpg"")","",""
3739,3740,145.736024996865,-16.8682818168894,"50","=HYPERLINK(""Frames_for_Analysis/3740_20250730_0003_R_1508.jpg"",""3740_20250730_0003_R_1508.jpg"")","",""
3740,3741,145.736057731455,-16.8682017612327,"","=HYPERLINK(""Frames_for_Analysis/3741_20250730_0003_R_1505.jpg"",""3741_20250730_0003_R_1505.jpg"")","",""
3741,3742,145.736102233023,-16.8681272385097,"","=HYPERLINK(""Frames_for_Analysis/3742_20250730_0003_R_1502.jpg"",""3742_20250730_0003_R_1502.jpg"")","",""
3742,3743,145.736148451157,-16.8680535229067,"","=HYPERLINK(""Frames_for_Analysis/3743_20250730_0003_R_1498.jpg"",""3743_20250730_0003_R_1498.jpg"")","",""
3743,3744,145.73620014419,-16.8679833302097,"","=HYPERLINK(""Frames_for_Analysis/3744_20250730_0003_R_1496.jpg"",""3744_20250730_0003_R_1496.jpg"")","",""
3744,3745,145.736254043039,-16.867914556863,"50","=HYPERLINK(""Frames_for_Analysis/3745_20250730_0003_R_1493.jpg"",""3745_20250730_0003_R_1493.jpg"")","",""
3745,3746,145.736309319879,-16.8678467958648,"","=HYPERLINK(""Frames_for_Analysis/3746_20250730_0003_R_1490.jpg"",""3746_20250730_0003_R_1490.jpg"")","",""
3746,3747,145.736364819705,-16.8677791986642,"","=HYPERLINK(""Frames_for_Analysis/3747_20250730_0003_R_1487.jpg"",""3747_20250730_0003_R_1487.jpg"")","",""
3747,3748,145.736415401472,-16.8677081609718,"","=HYPERLINK(""Frames_for_Analysis/3748_20250730_0003_R_1484.jpg"",""3748_20250730_0003_R_1484.jpg"")","",""
3748,3749,145.736465864442,-16.8676370401475,"","=HYPERLINK(""Frames_for_Analysis/3749_20250730_0003_R_1482.jpg"",""3749_20250730_0003_R_1482.jpg"")","",""
3749,3750,145.736516327412,-16.8675659192965,"50","=HYPERLINK(""Frames_for_Analysis/3750_20250730_0003_R_1478.jpg"",""3750_20250730_0003_R_1478.jpg"")","",""
3750,3751,145.736566790382,-16.8674947984187,"","=HYPERLINK(""Frames_for_Analysis/3751_20250730_0003_R_1475.jpg"",""3751_20250730_0003_R_1475.jpg"")","",""
3751,3752,145.736617253352,-16.8674236775142,"","=HYPERLINK(""Frames_for_Analysis/3752_20250730_0003_R_1472.jpg"",""3752_20250730_0003_R_1472.jpg"")","",""
3752,3753,145.736669350354,-16.8673536505683,"","=HYPERLINK(""Frames_for_Analysis/3753_20250730_0003_R_1469.jpg"",""3753_20250730_0003_R_1469.jpg"")","",""
3753,3754,145.736721867617,-16.8672839049612,"","=HYPERLINK(""Frames_for_Analysis/3754_20250730_0003_R_1466.jpg"",""3754_20250730_0003_R_1466.jpg"")","",""
3754,3755,145.73677438488,-16.8672141593284,"50","=HYPERLINK(""Frames_for_Analysis/3755_20250730_0003_R_1464.jpg"",""3755_20250730_0003_R_1464.jpg"")","",""
3755,3756,145.736826902143,-16.8671444136698,"","=HYPERLINK(""Frames_for_Analysis/3756_20250730_0003_R_1461.jpg"",""3756_20250730_0003_R_1461.jpg"")","",""
3756,3757,145.736879858589,-16.8670749762489,"","=HYPERLINK(""Frames_for_Analysis/3757_20250730_0003_R_1458.jpg"",""3757_20250730_0003_R_1458.jpg"")","",""
3757,3758,145.736933595156,-16.8670060863702,"","=HYPERLINK(""Frames_for_Analysis/3758_20250730_0003_R_1455.jpg"",""3758_20250730_0003_R_1455.jpg"")","",""
3758,3759,145.736987331723,-16.8669371964665,"","=HYPERLINK(""Frames_for_Analysis/3759_20250730_0003_R_1452.jpg"",""3759_20250730_0003_R_1452.jpg"")","",""
3759,3760,145.737041068289,-16.8668683065376,"50","=HYPERLINK(""Frames_for_Analysis/3760_20250730_0003_R_1448.jpg"",""3760_20250730_0003_R_1448.jpg"")","",""
3760,3761,145.737094804856,-16.8667994165836,"","=HYPERLINK(""Frames_for_Analysis/3761_20250730_0003_R_1446.jpg"",""3761_20250730_0003_R_1446.jpg"")","",""
3761,3762,145.737150876048,-16.8667322815937,"","=HYPERLINK(""Frames_for_Analysis/3762_20250730_0003_R_1443.jpg"",""3762_20250730_0003_R_1443.jpg"")","",""
3762,3763,145.737208088032,-16.8666660041396,"","=HYPERLINK(""Frames_for_Analysis/3763_20250730_0003_R_1440.jpg"",""3763_20250730_0003_R_1440.jpg"")","",""
3763,3764,145.737265300017,-16.8665997266623,"","=HYPERLINK(""Frames_for_Analysis/3764_20250730_0003_R_1437.jpg"",""3764_20250730_0003_R_1437.jpg"")","",""
3764,3765,145.737322512002,-16.8665334491616,"50","=HYPERLINK(""Frames_for_Analysis/3765_20250730_0003_R_1434.jpg"",""3765_20250730_0003_R_1434.jpg"")","",""
3765,3766,145.737379723987,-16.8664671716378,"","=HYPERLINK(""Frames_for_Analysis/3766_20250730_0003_R_1430.jpg"",""3766_20250730_0003_R_1430.jpg"")","",""
3766,3767,145.737436935971,-16.8664008940907,"","=HYPERLINK(""Frames_for_Analysis/3767_20250730_0003_R_1427.jpg"",""3767_20250730_0003_R_1427.jpg"")","",""
3767,3768,145.737495999432,-16.866336199458,"","=HYPERLINK(""Frames_for_Analysis/3768_20250730_0003_R_1424.jpg"",""3768_20250730_0003_R_1424.jpg"")","",""
3768,3769,145.737558395938,-16.8662743544246,"","=HYPERLINK(""Frames_for_Analysis/3769_20250730_0003_R_1422.jpg"",""3769_20250730_0003_R_1422.jpg"")","",""
3769,3770,145.737620792443,-16.8662125093709,"50","=HYPERLINK(""Frames_for_Analysis/3770_20250730_0003_R_1419.jpg"",""3770_20250730_0003_R_1419.jpg"")","",""
3770,3771,145.737683188949,-16.866150664297,"","=HYPERLINK(""Frames_for_Analysis/3771_20250730_0003_R_1417.jpg"",""3771_20250730_0003_R_1417.jpg"")","",""
3771,3772,145.737743757619,-16.8660875467544,"","=HYPERLINK(""Frames_for_Analysis/3772_20250730_0003_R_1413.jpg"",""3772_20250730_0003_R_1413.jpg"")","",""
3772,3773,145.737786031199,-16.8660116930497,"","=HYPERLINK(""Frames_for_Analysis/3773_20250730_0003_R_1410.jpg"",""3773_20250730_0003_R_1410.jpg"")","",""
3773,3774,145.73783325276,-16.865939113781,"","=HYPERLINK(""Frames_for_Analysis/3774_20250730_0003_R_1406.jpg"",""3774_20250730_0003_R_1406.jpg"")","",""
3774,3775,145.737892491176,-16.8658744869835,"50","=HYPERLINK(""Frames_for_Analysis/3775_20250730_0003_R_1403.jpg"",""3775_20250730_0003_R_1403.jpg"")","",""
3775,3776,145.737951729593,-16.8658098601638,"","=HYPERLINK(""Frames_for_Analysis/3776_20250730_0003_R_1401.jpg"",""3776_20250730_0003_R_1401.jpg"")","",""
3776,3777,145.738010968009,-16.865745233322,"","=HYPERLINK(""Frames_for_Analysis/3777_20250730_0003_R_1398.jpg"",""3777_20250730_0003_R_1398.jpg"")","",""
3777,3778,145.738068958292,-16.865679624879,"","=HYPERLINK(""Frames_for_Analysis/3778_20250730_0003_R_1395.jpg"",""3778_20250730_0003_R_1395.jpg"")","",""
3778,3779,145.738123729504,-16.8656114848147,"","=HYPERLINK(""Frames_for_Analysis/3779_20250730_0003_R_1392.jpg"",""3779_20250730_0003_R_1392.jpg"")","",""
3779,3780,145.738178500717,-16.8655433447259,"50","=HYPERLINK(""Frames_for_Analysis/3780_20250730_0003_R_1389.jpg"",""3780_20250730_0003_R_1389.jpg"")","",""
3780,3781,145.738233271929,-16.8654752046124,"","=HYPERLINK(""Frames_for_Analysis/3781_20250730_0003_R_1385.jpg"",""3781_20250730_0003_R_1385.jpg"")","",""
3781,3782,145.738288043142,-16.8654070644745,"","=HYPERLINK(""Frames_for_Analysis/3782_20250730_0003_R_1383.jpg"",""3782_20250730_0003_R_1383.jpg"")","",""
3782,3783,145.738340995843,-16.8653376225003,"","=HYPERLINK(""Frames_for_Analysis/3783_20250730_0003_R_1380.jpg"",""3783_20250730_0003_R_1380.jpg"")","",""
3783,3784,145.73839383225,-16.8652680972485,"","=HYPERLINK(""Frames_for_Analysis/3784_20250730_0003_R_1377.jpg"",""3784_20250730_0003_R_1377.jpg"")","",""
3784,3785,145.738446668656,-16.8651985719711,"50","=HYPERLINK(""Frames_for_Analysis/3785_20250730_0003_R_1374.jpg"",""3785_20250730_0003_R_1374.jpg"")","",""
3785,3786,145.738499505063,-16.8651290466682,"","=HYPERLINK(""Frames_for_Analysis/3786_20250730_0003_R_1371.jpg"",""3786_20250730_0003_R_1371.jpg"")","",""
3786,3787,145.738552341469,-16.8650595213396,"","=HYPERLINK(""Frames_for_Analysis/3787_20250730_0003_R_1368.jpg"",""3787_20250730_0003_R_1368.jpg"")","",""
3787,3788,145.738603522275,-16.8649888737636,"","=HYPERLINK(""Frames_for_Analysis/3788_20250730_0003_R_1365.jpg"",""3788_20250730_0003_R_1365.jpg"")","",""
3788,3789,145.738654522551,-16.8649181037915,"","=HYPERLINK(""Frames_for_Analysis/3789_20250730_0003_R_1362.jpg"",""3789_20250730_0003_R_1362.jpg"")","",""
3789,3790,145.738705522827,-16.864847333793,"50","=HYPERLINK(""Frames_for_Analysis/3790_20250730_0003_R_1359.jpg"",""3790_20250730_0003_R_1359.jpg"")","",""
3790,3791,145.738756523104,-16.8647765637679,"","=HYPERLINK(""Frames_for_Analysis/3791_20250730_0003_R_1356.jpg"",""3791_20250730_0003_R_1356.jpg"")","",""
3791,3792,145.73880752338,-16.8647057937163,"","=HYPERLINK(""Frames_for_Analysis/3792_20250730_0003_R_1353.jpg"",""3792_20250730_0003_R_1353.jpg"")","",""
3792,3793,145.738857110644,-16.8646341502607,"","=HYPERLINK(""Frames_for_Analysis/3793_20250730_0003_R_1351.jpg"",""3793_20250730_0003_R_1351.jpg"")","",""
3793,3794,145.738903541741,-16.8645605559624,"","=HYPERLINK(""Frames_for_Analysis/3794_20250730_0003_R_1347.jpg"",""3794_20250730_0003_R_1347.jpg"")","",""
3794,3795,145.738949972839,-16.8644869616354,"50","=HYPERLINK(""Frames_for_Analysis/3795_20250730_0003_R_1345.jpg"",""3795_20250730_0003_R_1345.jpg"")","",""
3795,3796,145.738996551623,-16.8644134584178,"","=HYPERLINK(""Frames_for_Analysis/3796_20250730_0003_R_1342.jpg"",""3796_20250730_0003_R_1342.jpg"")","",""
3796,3797,145.739047443816,-16.8643426170076,"","=HYPERLINK(""Frames_for_Analysis/3797_20250730_0003_R_1339.jpg"",""3797_20250730_0003_R_1339.jpg"")","",""
3797,3798,145.73909833601,-16.8642717755708,"","=HYPERLINK(""Frames_for_Analysis/3798_20250730_0003_R_1336.jpg"",""3798_20250730_0003_R_1336.jpg"")","",""
3798,3799,145.739149228203,-16.8642009341075,"","=HYPERLINK(""Frames_for_Analysis/3799_20250730_0003_R_1334.jpg"",""3799_20250730_0003_R_1334.jpg"")","",""
3799,3800,145.739200120396,-16.8641300926176,"50","=HYPERLINK(""Frames_for_Analysis/3800_20250730_0003_R_1331.jpg"",""3800_20250730_0003_R_1331.jpg"")","",""
3800,3801,145.73925101259,-16.8640592511012,"","=HYPERLINK(""Frames_for_Analysis/3801_20250730_0003_R_1327.jpg"",""3801_20250730_0003_R_1327.jpg"")","",""
3801,3802,145.739301904783,-16.8639884095582,"","=HYPERLINK(""Frames_for_Analysis/3802_20250730_0003_R_1324.jpg"",""3802_20250730_0003_R_1324.jpg"")","",""
3802,3803,145.739352821935,-16.8639175844168,"","=HYPERLINK(""Frames_for_Analysis/3803_20250730_0003_R_1321.jpg"",""3803_20250730_0003_R_1321.jpg"")","",""
3803,3804,145.739403742871,-16.8638467617393,"","=HYPERLINK(""Frames_for_Analysis/3804_20250730_0003_R_1317.jpg"",""3804_20250730_0003_R_1317.jpg"")","",""
3804,3805,145.739454663807,-16.8637759390353,"50","=HYPERLINK(""Frames_for_Analysis/3805_20250730_0003_R_1314.jpg"",""3805_20250730_0003_R_1314.jpg"")","",""
3805,3806,145.739505584742,-16.8637051163047,"","=HYPERLINK(""Frames_for_Analysis/3806_20250730_0003_R_1311.jpg"",""3806_20250730_0003_R_1311.jpg"")","",""
3806,3807,145.739556505678,-16.8636342935476,"","=HYPERLINK(""Frames_for_Analysis/3807_20250730_0003_R_1309.jpg"",""3807_20250730_0003_R_1309.jpg"")","",""
3807,3808,145.739607426614,-16.863563470764,"","=HYPERLINK(""Frames_for_Analysis/3808_20250730_0003_R_1306.jpg"",""3808_20250730_0003_R_1306.jpg"")","",""
3808,3809,145.73965834755,-16.8634926479538,"","=HYPERLINK(""Frames_for_Analysis/3809_20250730_0003_R_1303.jpg"",""3809_20250730_0003_R_1303.jpg"")","",""
3809,3810,145.739706063596,-16.8634198239625,"50","=HYPERLINK(""Frames_for_Analysis/3810_20250730_0003_R_1301.jpg"",""3810_20250730_0003_R_1301.jpg"")","",""
3810,3811,145.739753287719,-16.8633466927823,"","=HYPERLINK(""Frames_for_Analysis/3811_20250730_0003_R_1298.jpg"",""3811_20250730_0003_R_1298.jpg"")","",""
3811,3812,145.739800511841,-16.8632735615738,"","=HYPERLINK(""Frames_for_Analysis/3812_20250730_0003_R_1295.jpg"",""3812_20250730_0003_R_1295.jpg"")","",""
3812,3813,145.739847735964,-16.863200430337,"","=HYPERLINK(""Frames_for_Analysis/3813_20250730_0003_R_1292.jpg"",""3813_20250730_0003_R_1292.jpg"")","",""
3813,3814,145.739894960086,-16.863127299072,"","=HYPERLINK(""Frames_for_Analysis/3814_20250730_0003_R_1290.jpg"",""3814_20250730_0003_R_1290.jpg"")","",""
3814,3815,145.739944554895,-16.8630557265066,"50","=HYPERLINK(""Frames_for_Analysis/3815_20250730_0003_R_1287.jpg"",""3815_20250730_0003_R_1287.jpg"")","",""
3815,3816,145.739998949758,-16.8629873099545,"","=HYPERLINK(""Frames_for_Analysis/3816_20250730_0003_R_1283.jpg"",""3816_20250730_0003_R_1283.jpg"")","",""
3816,3817,145.740053344622,-16.8629188933776,"","=HYPERLINK(""Frames_for_Analysis/3817_20250730_0003_R_1280.jpg"",""3817_20250730_0003_R_1280.jpg"")","",""
3817,3818,145.740107739485,-16.862850476776,"","=HYPERLINK(""Frames_for_Analysis/3818_20250730_0003_R_1277.jpg"",""3818_20250730_0003_R_1277.jpg"")","",""
3818,3819,145.740162134348,-16.8627820601496,"","=HYPERLINK(""Frames_for_Analysis/3819_20250730_0003_R_1274.jpg"",""3819_20250730_0003_R_1274.jpg"")","",""
3819,3820,145.740216529212,-16.8627136434985,"50","=HYPERLINK(""Frames_for_Analysis/3820_20250730_0003_R_1271.jpg"",""3820_20250730_0003_R_1271.jpg"")","",""
3820,3821,145.740270185715,-16.8626447152592,"","=HYPERLINK(""Frames_for_Analysis/3821_20250730_0003_R_1268.jpg"",""3821_20250730_0003_R_1268.jpg"")","",""
3821,3822,145.740321118686,-16.8625739000314,"","=HYPERLINK(""Frames_for_Analysis/3822_20250730_0003_R_1265.jpg"",""3822_20250730_0003_R_1265.jpg"")","",""
3822,3823,145.740372051657,-16.862503084777,"","=HYPERLINK(""Frames_for_Analysis/3823_20250730_0003_R_1263.jpg"",""3823_20250730_0003_R_1263.jpg"")","",""
3823,3824,145.740422984628,-16.8624322694961,"","=HYPERLINK(""Frames_for_Analysis/3824_20250730_0003_R_1260.jpg"",""3824_20250730_0003_R_1260.jpg"")","",""
3824,3825,145.740473917599,-16.8623614541886,"50","=HYPERLINK(""Frames_for_Analysis/3825_20250730_0003_R_1257.jpg"",""3825_20250730_0003_R_1257.jpg"")","",""
3825,3826,145.740525570163,-16.862291131848,"","=HYPERLINK(""Frames_for_Analysis/3826_20250730_0003_R_1254.jpg"",""3826_20250730_0003_R_1254.jpg"")","",""
3826,3827,145.740579200562,-16.8622221644978,"","=HYPERLINK(""Frames_for_Analysis/3827_20250730_0003_R_1251.jpg"",""3827_20250730_0003_R_1251.jpg"")","",""
3827,3828,145.740632830962,-16.8621531971224,"","=HYPERLINK(""Frames_for_Analysis/3828_20250730_0003_R_1248.jpg"",""3828_20250730_0003_R_1248.jpg"")","",""
3828,3829,145.740686191022,-16.8620840389297,"","=HYPERLINK(""Frames_for_Analysis/3829_20250730_0003_R_1245.jpg"",""3829_20250730_0003_R_1245.jpg"")","",""
3829,3830,145.74073919333,-16.8620146282275,"50","=HYPERLINK(""Frames_for_Analysis/3830_20250730_0003_R_1242.jpg"",""3830_20250730_0003_R_1242.jpg"")","",""
3830,3831,145.740803413267,-16.8619551922849,"","=HYPERLINK(""Frames_for_Analysis/3831_20250730_0003_R_1240.jpg"",""3831_20250730_0003_R_1240.jpg"")","",""
3831,3832,145.740872789177,-16.8619006144483,"","=HYPERLINK(""Frames_for_Analysis/3832_20250730_0003_R_1237.jpg"",""3832_20250730_0003_R_1237.jpg"")","",""
3832,3833,145.740943991699,-16.8618481978618,"","=HYPERLINK(""Frames_for_Analysis/3833_20250730_0003_R_1234.jpg"",""3833_20250730_0003_R_1234.jpg"")","",""
3833,3834,145.741002561696,-16.8617844269574,"","=HYPERLINK(""Frames_for_Analysis/3834_20250730_0003_R_1231.jpg"",""3834_20250730_0003_R_1231.jpg"")","",""
3834,3835,145.741052764534,-16.8617131355,"50","=HYPERLINK(""Frames_for_Analysis/3835_20250730_0003_R_1228.jpg"",""3835_20250730_0003_R_1228.jpg"")","",""
3835,3836,145.741102967372,-16.8616418440156,"","=HYPERLINK(""Frames_for_Analysis/3836_20250730_0003_R_1225.jpg"",""3836_20250730_0003_R_1225.jpg"")","",""
3836,3837,145.741157907935,-16.8615739456895,"","=HYPERLINK(""Frames_for_Analysis/3837_20250730_0003_R_1223.jpg"",""3837_20250730_0003_R_1223.jpg"")","",""
3837,3838,145.741215222067,-16.8615077473022,"","=HYPERLINK(""Frames_for_Analysis/3838_20250730_0003_R_1220.jpg"",""3838_20250730_0003_R_1220.jpg"")","",""
3838,3839,145.741277261507,-16.8614466368697,"","=HYPERLINK(""Frames_for_Analysis/3839_20250730_0003_R_1217.jpg"",""3839_20250730_0003_R_1217.jpg"")","",""
3839,3840,145.74135278216,-16.861400084649,"50","=HYPERLINK(""Frames_for_Analysis/3840_20250730_0003_R_1214.jpg"",""3840_20250730_0003_R_1214.jpg"")","",""
3840,3841,145.741428729303,-16.8613541721457,"","=HYPERLINK(""Frames_for_Analysis/3841_20250730_0003_R_1211.jpg"",""3841_20250730_0003_R_1211.jpg"")","",""
3841,3842,145.741492249946,-16.8612933825866,"","=HYPERLINK(""Frames_for_Analysis/3842_20250730_0003_R_1209.jpg"",""3842_20250730_0003_R_1209.jpg"")","",""
3842,3843,145.74155783282,-16.8612348286417,"","=HYPERLINK(""Frames_for_Analysis/3843_20250730_0003_R_1206.jpg"",""3843_20250730_0003_R_1206.jpg"")","",""
3843,3844,145.741628741438,-16.8611820482386,"","=HYPERLINK(""Frames_for_Analysis/3844_20250730_0003_R_1203.jpg"",""3844_20250730_0003_R_1203.jpg"")","",""
3844,3845,145.741699650056,-16.8611292678208,"50","=HYPERLINK(""Frames_for_Analysis/3845_20250730_0003_R_1200.jpg"",""3845_20250730_0003_R_1200.jpg"")","",""
3845,3846,145.74176794085,-16.861073436822,"","=HYPERLINK(""Frames_for_Analysis/3846_20250730_0003_R_1197.jpg"",""3846_20250730_0003_R_1197.jpg"")","",""
3846,3847,145.74183446784,-16.8610156748835,"","=HYPERLINK(""Frames_for_Analysis/3847_20250730_0003_R_1194.jpg"",""3847_20250730_0003_R_1194.jpg"")","",""
3847,3848,145.741908296682,-16.8609679493426,"","=HYPERLINK(""Frames_for_Analysis/3848_20250730_0003_R_1191.jpg"",""3848_20250730_0003_R_1191.jpg"")","",""
3848,3849,145.741993132898,-16.860939973696,"","=HYPERLINK(""Frames_for_Analysis/3849_20250730_0003_R_1189.jpg"",""3849_20250730_0003_R_1189.jpg"")","",""
3849,3850,145.742075558245,-16.8609057912859,"50","=HYPERLINK(""Frames_for_Analysis/3850_20250730_0003_R_1186.jpg"",""3850_20250730_0003_R_1186.jpg"")","",""
3850,3851,145.742153964883,-16.8608644952052,"","=HYPERLINK(""Frames_for_Analysis/3851_20250730_0003_R_1183.jpg"",""3851_20250730_0003_R_1183.jpg"")","",""
3851,3852,145.742228989622,-16.8608172126875,"","=HYPERLINK(""Frames_for_Analysis/3852_20250730_0003_R_1180.jpg"",""3852_20250730_0003_R_1180.jpg"")","",""
3852,3853,145.74230401436,-16.860769930158,"","=HYPERLINK(""Frames_for_Analysis/3853_20250730_0003_R_1177.jpg"",""3853_20250730_0003_R_1177.jpg"")","",""
3853,3854,145.742379084555,-16.8607227137469,"","=HYPERLINK(""Frames_for_Analysis/3854_20250730_0003_R_1173.jpg"",""3854_20250730_0003_R_1173.jpg"")","",""
3854,3855,145.742454157383,-16.8606755011546,"50","=HYPERLINK(""Frames_for_Analysis/3855_20250730_0003_R_1170.jpg"",""3855_20250730_0003_R_1170.jpg"")","",""
3855,3856,145.742515796546,-16.8606140645847,"","=HYPERLINK(""Frames_for_Analysis/3856_20250730_0003_R_1168.jpg"",""3856_20250730_0003_R_1168.jpg"")","",""
3856,3857,145.742585647444,-16.8605620110116,"","=HYPERLINK(""Frames_for_Analysis/3857_20250730_0003_R_1165.jpg"",""3857_20250730_0003_R_1165.jpg"")","",""
3857,3858,145.742663059099,-16.8605183950524,"","=HYPERLINK(""Frames_for_Analysis/3858_20250730_0003_R_1162.jpg"",""3858_20250730_0003_R_1162.jpg"")","",""
3858,3859,145.74274065368,-16.8604750772592,"","=HYPERLINK(""Frames_for_Analysis/3859_20250730_0003_R_1159.jpg"",""3859_20250730_0003_R_1159.jpg"")","",""
3859,3860,145.742818248262,-16.8604317594562,"50","=HYPERLINK(""Frames_for_Analysis/3860_20250730_0003_R_1156.jpg"",""3860_20250730_0003_R_1156.jpg"")","",""
3860,3861,145.742895981345,-16.8603886712178,"","=HYPERLINK(""Frames_for_Analysis/3861_20250730_0003_R_1153.jpg"",""3861_20250730_0003_R_1153.jpg"")","",""
3861,3862,145.742973976987,-16.8603460181746,"","=HYPERLINK(""Frames_for_Analysis/3862_20250730_0003_R_1150.jpg"",""3862_20250730_0003_R_1150.jpg"")","",""
3862,3863,145.743051972629,-16.8603033651218,"","=HYPERLINK(""Frames_for_Analysis/3863_20250730_0003_R_1147.jpg"",""3863_20250730_0003_R_1147.jpg"")","",""
3863,3864,145.743129968271,-16.8602607120593,"","=HYPERLINK(""Frames_for_Analysis/3864_20250730_0003_R_1144.jpg"",""3864_20250730_0003_R_1144.jpg"")","",""
3864,3865,145.743214316308,-16.8602314006265,"50","=HYPERLINK(""Frames_for_Analysis/3865_20250730_0003_R_1142.jpg"",""3865_20250730_0003_R_1142.jpg"")","",""
3865,3866,145.74329912553,-16.8602030577942,"","=HYPERLINK(""Frames_for_Analysis/3866_20250730_0003_R_1139.jpg"",""3866_20250730_0003_R_1139.jpg"")","",""
3866,3867,145.743383934751,-16.8601747149576,"","=HYPERLINK(""Frames_for_Analysis/3867_20250730_0003_R_1137.jpg"",""3867_20250730_0003_R_1137.jpg"")","",""
3867,3868,145.743469013444,-16.8601471394343,"","=HYPERLINK(""Frames_for_Analysis/3868_20250730_0003_R_1133.jpg"",""3868_20250730_0003_R_1133.jpg"")","",""
3868,3869,145.743554494446,-16.8601207094785,"","=HYPERLINK(""Frames_for_Analysis/3869_20250730_0003_R_1130.jpg"",""3869_20250730_0003_R_1130.jpg"")","",""
3869,3870,145.743639975447,-16.860094279519,"50","=HYPERLINK(""Frames_for_Analysis/3870_20250730_0003_R_1127.jpg"",""3870_20250730_0003_R_1127.jpg"")","",""
3870,3871,145.743725456449,-16.8600678495558,"","=HYPERLINK(""Frames_for_Analysis/3871_20250730_0003_R_1124.jpg"",""3871_20250730_0003_R_1124.jpg"")","",""
3871,3872,145.743811683301,-16.8600437745916,"","=HYPERLINK(""Frames_for_Analysis/3872_20250730_0003_R_1122.jpg"",""3872_20250730_0003_R_1122.jpg"")","",""
3872,3873,145.743898112639,-16.8600203389687,"","=HYPERLINK(""Frames_for_Analysis/3873_20250730_0003_R_1119.jpg"",""3873_20250730_0003_R_1119.jpg"")","",""
3873,3874,145.743984541977,-16.8599969033429,"","=HYPERLINK(""Frames_for_Analysis/3874_20250730_0003_R_1116.jpg"",""3874_20250730_0003_R_1116.jpg"")","",""
3874,3875,145.744072619255,-16.8599856293419,"50","=HYPERLINK(""Frames_for_Analysis/3875_20250730_0003_R_1114.jpg"",""3875_20250730_0003_R_1114.jpg"")","",""
3875,3876,145.744162435942,-16.8599871920107,"","=HYPERLINK(""Frames_for_Analysis/3876_20250730_0003_R_1111.jpg"",""3876_20250730_0003_R_1111.jpg"")","",""
3876,3877,145.744252252629,-16.8599887546794,"","=HYPERLINK(""Frames_for_Analysis/3877_20250730_0003_R_1109.jpg"",""3877_20250730_0003_R_1109.jpg"")","",""
3877,3878,145.744341307262,-16.8599979292211,"","=HYPERLINK(""Frames_for_Analysis/3878_20250730_0003_R_1106.jpg"",""3878_20250730_0003_R_1106.jpg"")","",""
3878,3879,145.744429800018,-16.8600127161485,"","=HYPERLINK(""Frames_for_Analysis/3879_20250730_0003_R_1104.jpg"",""3879_20250730_0003_R_1104.jpg"")","",""
3879,3880,145.744518292774,-16.8600275030746,"50","=HYPERLINK(""Frames_for_Analysis/3880_20250730_0003_R_1101.jpg"",""3880_20250730_0003_R_1101.jpg"")","",""
3880,3881,145.744606087447,-16.8600448655417,"","=HYPERLINK(""Frames_for_Analysis/3881_20250730_0003_R_1098.jpg"",""3881_20250730_0003_R_1098.jpg"")","",""
3881,3882,145.744690932991,-16.8600731086585,"","=HYPERLINK(""Frames_for_Analysis/3882_20250730_0003_R_1095.jpg"",""3882_20250730_0003_R_1095.jpg"")","",""
3882,3883,145.744775778534,-16.860101351771,"","=HYPERLINK(""Frames_for_Analysis/3883_20250730_0003_R_1092.jpg"",""3883_20250730_0003_R_1092.jpg"")","",""
3883,3884,145.744862904149,-16.8601211082565,"","=HYPERLINK(""Frames_for_Analysis/3884_20250730_0003_R_1089.jpg"",""3884_20250730_0003_R_1089.jpg"")","",""
3884,3885,145.744951462002,-16.8601355338282,"50","=HYPERLINK(""Frames_for_Analysis/3885_20250730_0003_R_1086.jpg"",""3885_20250730_0003_R_1086.jpg"")","",""
3885,3886,145.745039462264,-16.8601517582801,"","=HYPERLINK(""Frames_for_Analysis/3886_20250730_0003_R_1083.jpg"",""3886_20250730_0003_R_1083.jpg"")","",""
3886,3887,145.745121914733,-16.8601858808639,"","=HYPERLINK(""Frames_for_Analysis/3887_20250730_0003_R_1080.jpg"",""3887_20250730_0003_R_1080.jpg"")","",""
3887,3888,145.745204367203,-16.8602200034416,"","=HYPERLINK(""Frames_for_Analysis/3888_20250730_0003_R_1078.jpg"",""3888_20250730_0003_R_1078.jpg"")","",""
3888,3889,145.745283688576,-16.8602603295805,"","=HYPERLINK(""Frames_for_Analysis/3889_20250730_0003_R_1075.jpg"",""3889_20250730_0003_R_1075.jpg"")","",""
3889,3890,145.745365381093,-16.8602941526242,"50","=HYPERLINK(""Frames_for_Analysis/3890_20250730_0003_R_1072.jpg"",""3890_20250730_0003_R_1072.jpg"")","",""
3890,3891,145.745453609583,-16.8603103212778,"","=HYPERLINK(""Frames_for_Analysis/3891_20250730_0003_R_1070.jpg"",""3891_20250730_0003_R_1070.jpg"")","",""
3891,3892,145.745541838073,-16.86032648993,"","=HYPERLINK(""Frames_for_Analysis/3892_20250730_0003_R_1067.jpg"",""3892_20250730_0003_R_1067.jpg"")","",""
3892,3893,145.745598767908,-16.8603855346087,"","=HYPERLINK(""Frames_for_Analysis/3893_20250730_0003_R_1065.jpg"",""3893_20250730_0003_R_1065.jpg"")","",""
3893,3894,145.745663417323,-16.8604442245712,"","=HYPERLINK(""Frames_for_Analysis/3894_20250730_0003_R_1062.jpg"",""3894_20250730_0003_R_1062.jpg"")","",""
3894,3895,145.745727679994,-16.8605039898838,"50","=HYPERLINK(""Frames_for_Analysis/3895_20250730_0003_R_1060.jpg"",""3895_20250730_0003_R_1060.jpg"")","",""
3895,3896,145.745790296601,-16.8605648899874,"","=HYPERLINK(""Frames_for_Analysis/3896_20250730_0003_R_1056.jpg"",""3896_20250730_0003_R_1056.jpg"")","",""
3896,3897,145.745867635012,-16.8606086253256,"","=HYPERLINK(""Frames_for_Analysis/3897_20250730_0003_R_1054.jpg"",""3897_20250730_0003_R_1054.jpg"")","",""
3897,3898,145.745938787449,-16.8606608542894,"","=HYPERLINK(""Frames_for_Analysis/3898_20250730_0003_R_1050.jpg"",""3898_20250730_0003_R_1050.jpg"")","",""
3898,3899,145.746008427865,-16.8607151593151,"","=HYPERLINK(""Frames_for_Analysis/3899_20250730_0003_R_1048.jpg"",""3899_20250730_0003_R_1048.jpg"")","",""
3899,3900,145.746079286879,-16.8607679994658,"50","=HYPERLINK(""Frames_for_Analysis/3900_20250730_0003_R_1045.jpg"",""3900_20250730_0003_R_1045.jpg"")","",""
3900,3901,145.746153087088,-16.8608169406231,"","=HYPERLINK(""Frames_for_Analysis/3901_20250730_0003_R_1042.jpg"",""3901_20250730_0003_R_1042.jpg"")","",""
3901,3902,145.746225308247,-16.86086784481,"","=HYPERLINK(""Frames_for_Analysis/3902_20250730_0003_R_1039.jpg"",""3902_20250730_0003_R_1039.jpg"")","",""
3902,3903,145.746292767802,-16.8609243997785,"","=HYPERLINK(""Frames_for_Analysis/3903_20250730_0003_R_1036.jpg"",""3903_20250730_0003_R_1036.jpg"")","",""
3903,3904,145.746349414718,-16.8609911222878,"","=HYPERLINK(""Frames_for_Analysis/3904_20250730_0003_R_1033.jpg"",""3904_20250730_0003_R_1033.jpg"")","",""
3904,3905,145.746406061633,-16.8610578447736,"50","=HYPERLINK(""Frames_for_Analysis/3905_20250730_0003_R_1030.jpg"",""3905_20250730_0003_R_1030.jpg"")","",""
3905,3906,145.746460873126,-16.8611259537041,"","=HYPERLINK(""Frames_for_Analysis/3906_20250730_0003_R_1027.jpg"",""3906_20250730_0003_R_1027.jpg"")","",""
3906,3907,145.746515529574,-16.86119417973,"","=HYPERLINK(""Frames_for_Analysis/3907_20250730_0003_R_1024.jpg"",""3907_20250730_0003_R_1024.jpg"")","",""
3907,3908,145.746566300085,-16.8612650896469,"","=HYPERLINK(""Frames_for_Analysis/3908_20250730_0003_R_1022.jpg"",""3908_20250730_0003_R_1022.jpg"")","",""
3908,3909,145.7466205898,-16.8613320776822,"","=HYPERLINK(""Frames_for_Analysis/3909_20250730_0003_R_1019.jpg"",""3909_20250730_0003_R_1019.jpg"")","",""
3909,3910,145.746700379707,-16.8613715741745,"50","=HYPERLINK(""Frames_for_Analysis/3910_20250730_0003_R_1016.jpg"",""3910_20250730_0003_R_1016.jpg"")","",""
3910,3911,145.746783138655,-16.8614035483862,"","=HYPERLINK(""Frames_for_Analysis/3911_20250730_0003_R_1012.jpg"",""3911_20250730_0003_R_1012.jpg"")","",""
3911,3912,145.746870288003,-16.8614243992094,"","=HYPERLINK(""Frames_for_Analysis/3912_20250730_0003_R_1009.jpg"",""3912_20250730_0003_R_1009.jpg"")","",""
3912,3913,145.746957393639,-16.8614453438094,"","=HYPERLINK(""Frames_for_Analysis/3913_20250730_0003_R_1006.jpg"",""3913_20250730_0003_R_1006.jpg"")","",""
3913,3914,145.74703182703,-16.8614934745411,"","=HYPERLINK(""Frames_for_Analysis/3914_20250730_0003_R_1003.jpg"",""3914_20250730_0003_R_1003.jpg"")","",""
3914,3915,145.747106260421,-16.8615416052605,"50","=HYPERLINK(""Frames_for_Analysis/3915_20250730_0003_R_1000.jpg"",""3915_20250730_0003_R_1000.jpg"")","",""
3915,3916,145.747182813249,-16.8615864971905,"","=HYPERLINK(""Frames_for_Analysis/3916_20250730_0003_R_0997.jpg"",""3916_20250730_0003_R_0997.jpg"")","",""
3916,3917,145.747260555789,-16.861629571074,"","=HYPERLINK(""Frames_for_Analysis/3917_20250730_0003_R_0994.jpg"",""3917_20250730_0003_R_0994.jpg"")","",""
3917,3918,145.747337832251,-16.8616733878797,"","=HYPERLINK(""Frames_for_Analysis/3918_20250730_0003_R_0991.jpg"",""3918_20250730_0003_R_0991.jpg"")","",""
3918,3919,145.747414104338,-16.8617188056579,"","=HYPERLINK(""Frames_for_Analysis/3919_20250730_0003_R_0988.jpg"",""3919_20250730_0003_R_0988.jpg"")","",""
3919,3920,145.747490376424,-16.8617642234253,"50","=HYPERLINK(""Frames_for_Analysis/3920_20250730_0003_R_0985.jpg"",""3920_20250730_0003_R_0985.jpg"")","",""
3920,3921,145.747564730789,-16.8618123595861,"","=HYPERLINK(""Frames_for_Analysis/3921_20250730_0003_R_0982.jpg"",""3921_20250730_0003_R_0982.jpg"")","",""
3921,3922,145.747637260054,-16.8618630828465,"","=HYPERLINK(""Frames_for_Analysis/3922_20250730_0003_R_0979.jpg"",""3922_20250730_0003_R_0979.jpg"")","",""
3922,3923,145.747709789318,-16.8619138060934,"","=HYPERLINK(""Frames_for_Analysis/3923_20250730_0003_R_0977.jpg"",""3923_20250730_0003_R_0977.jpg"")","",""
3923,3924,145.747782149623,-16.8619647437744,"","=HYPERLINK(""Frames_for_Analysis/3924_20250730_0003_R_0974.jpg"",""3924_20250730_0003_R_0974.jpg"")","",""
3924,3925,145.747853058393,-16.8620175237725,"50","=HYPERLINK(""Frames_for_Analysis/3925_20250730_0003_R_0971.jpg"",""3925_20250730_0003_R_0971.jpg"")","",""
3925,3926,145.747923818955,-16.8620704844182,"","=HYPERLINK(""Frames_for_Analysis/3926_20250730_0003_R_0968.jpg"",""3926_20250730_0003_R_0968.jpg"")","",""
3926,3927,145.747994224023,-16.8621238783881,"","=HYPERLINK(""Frames_for_Analysis/3927_20250730_0003_R_0965.jpg"",""3927_20250730_0003_R_0965.jpg"")","",""
3927,3928,145.74806462909,-16.8621772723429,"","=HYPERLINK(""Frames_for_Analysis/3928_20250730_0003_R_0962.jpg"",""3928_20250730_0003_R_0962.jpg"")","",""
3928,3929,145.748135034158,-16.8622306662826,"","=HYPERLINK(""Frames_for_Analysis/3929_20250730_0003_R_0959.jpg"",""3929_20250730_0003_R_0959.jpg"")","",""
3929,3930,145.74820329239,-16.8622865185438,"50","=HYPERLINK(""Frames_for_Analysis/3930_20250730_0003_R_0957.jpg"",""3930_20250730_0003_R_0957.jpg"")","",""
3930,3931,145.74827069822,-16.8623433468719,"","=HYPERLINK(""Frames_for_Analysis/3931_20250730_0003_R_0954.jpg"",""3931_20250730_0003_R_0954.jpg"")","",""
3931,3932,145.748338104049,-16.8624001751829,"","=HYPERLINK(""Frames_for_Analysis/3932_20250730_0003_R_0951.jpg"",""3932_20250730_0003_R_0951.jpg"")","",""
3932,3933,145.748405031559,-16.8624575175582,"","=HYPERLINK(""Frames_for_Analysis/3933_20250730_0003_R_0948.jpg"",""3933_20250730_0003_R_0948.jpg"")","",""
3933,3934,145.748471802909,-16.8625150277507,"","=HYPERLINK(""Frames_for_Analysis/3934_20250730_0003_R_0945.jpg"",""3934_20250730_0003_R_0945.jpg"")","",""
3934,3935,145.748536564822,-16.8625745648393,"50","=HYPERLINK(""Frames_for_Analysis/3935_20250730_0003_R_0942.jpg"",""3935_20250730_0003_R_0942.jpg"")","",""
3935,3936,145.748600085227,-16.8626353542139,"","=HYPERLINK(""Frames_for_Analysis/3936_20250730_0003_R_0939.jpg"",""3936_20250730_0003_R_0939.jpg"")","",""
3936,3937,145.748660375067,-16.8626987798827,"","=HYPERLINK(""Frames_for_Analysis/3937_20250730_0003_R_0936.jpg"",""3937_20250730_0003_R_0936.jpg"")","",""
3937,3938,145.748713062168,-16.8627684097724,"","=HYPERLINK(""Frames_for_Analysis/3938_20250730_0003_R_0934.jpg"",""3938_20250730_0003_R_0934.jpg"")","",""
3938,3939,145.748765393062,-16.8628382833636,"","=HYPERLINK(""Frames_for_Analysis/3939_20250730_0003_R_0931.jpg"",""3939_20250730_0003_R_0931.jpg"")","",""
3939,3940,145.748819704171,-16.8629066019662,"50","=HYPERLINK(""Frames_for_Analysis/3940_20250730_0003_R_0928.jpg"",""3940_20250730_0003_R_0928.jpg"")","",""
3940,3941,145.749189811273,-16.8630862692973,"","=HYPERLINK(""Frames_for_Analysis/3941_20250730_0003_R_0919.jpg"",""3941_20250730_0003_R_0919.jpg"")","",""
3941,3942,145.749141947967,-16.8631590190082,"","=HYPERLINK(""Frames_for_Analysis/3942_20250730_0003_R_0917.jpg"",""3942_20250730_0003_R_0917.jpg"")","",""
3942,3943,145.749094084661,-16.8632317686912,"","=HYPERLINK(""Frames_for_Analysis/3943_20250730_0003_R_0915.jpg"",""3943_20250730_0003_R_0915.jpg"")","",""
3943,3944,145.749046221355,-16.8633045183461,"","=HYPERLINK(""Frames_for_Analysis/3944_20250730_0003_R_0914.jpg"",""3944_20250730_0003_R_0914.jpg"")","",""
3944,3945,145.749012754059,-16.8633838819905,"50","=HYPERLINK(""Frames_for_Analysis/3945_20250730_0003_R_0912.jpg"",""3945_20250730_0003_R_0912.jpg"")","",""
3945,3946,145.748983369027,-16.8634651211326,"","=HYPERLINK(""Frames_for_Analysis/3946_20250730_0003_R_0909.jpg"",""3946_20250730_0003_R_0909.jpg"")","",""
3946,3947,145.748953983996,-16.8635463602398,"","=HYPERLINK(""Frames_for_Analysis/3947_20250730_0003_R_0906.jpg"",""3947_20250730_0003_R_0906.jpg"")","",""
3947,3948,145.74892701569,-16.8636281500789,"","","","X"
3948,3949,145.748914985636,-16.863713344278,"","","","X"
3949,3950,145.748902955582,-16.8637985384386,"50","","","X"
3950,3951,145.748890925528,-16.8638837325608,"","=HYPERLINK(""Frames_for_Analysis/3951_20250730_0003_R_0895.jpg"",""3951_20250730_0003_R_0895.jpg"")","",""
3951,3952,145.748878895474,-16.8639689266447,"","=HYPERLINK(""Frames_for_Analysis/3952_20250730_0003_R_0892.jpg"",""3952_20250730_0003_R_0892.jpg"")","",""
3952,3953,145.748863488789,-16.864053360564,"","=HYPERLINK(""Frames_for_Analysis/3953_20250730_0003_R_0889.jpg"",""3953_20250730_0003_R_0889.jpg"")","",""
3953,3954,145.748834571852,-16.8641347531036,"","=HYPERLINK(""Frames_for_Analysis/3954_20250730_0003_R_0886.jpg"",""3954_20250730_0003_R_0886.jpg"")","",""
3954,3955,145.748805654915,-16.8642161456082,"50","=HYPERLINK(""Frames_for_Analysis/3955_20250730_0003_R_0883.jpg"",""3955_20250730_0003_R_0883.jpg"")","",""
3955,3956,145.748776737979,-16.8642975380777,"","=HYPERLINK(""Frames_for_Analysis/3956_20250730_0003_R_0880.jpg"",""3956_20250730_0003_R_0880.jpg"")","",""
3956,3957,145.748747821042,-16.8643789305122,"","=HYPERLINK(""Frames_for_Analysis/3957_20250730_0003_R_0877.jpg"",""3957_20250730_0003_R_0877.jpg"")","",""
3957,3958,145.748718904105,-16.8644603229117,"","=HYPERLINK(""Frames_for_Analysis/3958_20250730_0003_R_0874.jpg"",""3958_20250730_0003_R_0874.jpg"")","",""
3958,3959,145.748689987168,-16.8645417152761,"","=HYPERLINK(""Frames_for_Analysis/3959_20250730_0003_R_0872.jpg"",""3959_20250730_0003_R_0872.jpg"")","",""
3959,3960,145.748661493594,-16.8646232401287,"50","=HYPERLINK(""Frames_for_Analysis/3960_20250730_0003_R_0869.jpg"",""3960_20250730_0003_R_0869.jpg"")","",""
3960,3961,145.748634559746,-16.8647052531809,"","=HYPERLINK(""Frames_for_Analysis/3961_20250730_0003_R_0866.jpg"",""3961_20250730_0003_R_0866.jpg"")","",""
3961,3962,145.748607625897,-16.8647872661975,"","=HYPERLINK(""Frames_for_Analysis/3962_20250730_0003_R_0863.jpg"",""3962_20250730_0003_R_0863.jpg"")","",""
3962,3963,145.748580692049,-16.8648692791785,"","=HYPERLINK(""Frames_for_Analysis/3963_20250730_0003_R_0860.jpg"",""3963_20250730_0003_R_0860.jpg"")","",""
3963,3964,145.748553758201,-16.8649512921239,"","=HYPERLINK(""Frames_for_Analysis/3964_20250730_0003_R_0857.jpg"",""3964_20250730_0003_R_0857.jpg"")","",""
3964,3965,145.74852168859,-16.8650312819341,"50","=HYPERLINK(""Frames_for_Analysis/3965_20250730_0003_R_0854.jpg"",""3965_20250730_0003_R_0854.jpg"")","",""
3965,3966,145.748480487858,-16.865107674746,"","=HYPERLINK(""Frames_for_Analysis/3966_20250730_0003_R_0851.jpg"",""3966_20250730_0003_R_0851.jpg"")","",""
3966,3967,145.748439287127,-16.865184067527,"","=HYPERLINK(""Frames_for_Analysis/3967_20250730_0003_R_0848.jpg"",""3967_20250730_0003_R_0848.jpg"")","",""
3967,3968,145.748398086395,-16.8652604602771,"","=HYPERLINK(""Frames_for_Analysis/3968_20250730_0003_R_0845.jpg"",""3968_20250730_0003_R_0845.jpg"")","",""
3968,3969,145.748356885664,-16.8653368529964,"","=HYPERLINK(""Frames_for_Analysis/3969_20250730_0003_R_0842.jpg"",""3969_20250730_0003_R_0842.jpg"")","",""
3969,3970,145.748313569247,-16.8654121541932,"50","=HYPERLINK(""Frames_for_Analysis/3970_20250730_0003_R_0839.jpg"",""3970_20250730_0003_R_0839.jpg"")","",""
3970,3971,145.748269528291,-16.865487081567,"","=HYPERLINK(""Frames_for_Analysis/3971_20250730_0003_R_0836.jpg"",""3971_20250730_0003_R_0836.jpg"")","",""
3971,3972,145.748225487334,-16.8655620089111,"","=HYPERLINK(""Frames_for_Analysis/3972_20250730_0003_R_0833.jpg"",""3972_20250730_0003_R_0833.jpg"")","",""
3972,3973,145.748181446378,-16.8656369362255,"","=HYPERLINK(""Frames_for_Analysis/3973_20250730_0003_R_0830.jpg"",""3973_20250730_0003_R_0830.jpg"")","",""
3973,3974,145.748137405422,-16.8657118635101,"","=HYPERLINK(""Frames_for_Analysis/3974_20250730_0003_R_0827.jpg"",""3974_20250730_0003_R_0827.jpg"")","",""
3974,3975,145.748088757725,-16.8657841108562,"50","=HYPERLINK(""Frames_for_Analysis/3975_20250730_0003_R_0824.jpg"",""3975_20250730_0003_R_0824.jpg"")","",""
3975,3976,145.748039527764,-16.8658560194509,"","=HYPERLINK(""Frames_for_Analysis/3976_20250730_0003_R_0821.jpg"",""3976_20250730_0003_R_0821.jpg"")","",""
3976,3977,145.747990297803,-16.8659279280183,"","=HYPERLINK(""Frames_for_Analysis/3977_20250730_0003_R_0818.jpg"",""3977_20250730_0003_R_0818.jpg"")","",""
3977,3978,145.747941067843,-16.8659998365584,"","=HYPERLINK(""Frames_for_Analysis/3978_20250730_0003_R_0815.jpg"",""3978_20250730_0003_R_0815.jpg"")","",""
3978,3979,145.74789239703,-16.8660720863534,"","=HYPERLINK(""Frames_for_Analysis/3979_20250730_0003_R_0812.jpg"",""3979_20250730_0003_R_0812.jpg"")","",""
3979,3980,145.747845023207,-16.8661451277525,"50","=HYPERLINK(""Frames_for_Analysis/3980_20250730_0003_R_0809.jpg"",""3980_20250730_0003_R_0809.jpg"")","",""
3980,3981,145.747797649384,-16.8662181691233,"","=HYPERLINK(""Frames_for_Analysis/3981_20250730_0003_R_0806.jpg"",""3981_20250730_0003_R_0806.jpg"")","",""
3981,3982,145.74775027556,-16.8662912104658,"","=HYPERLINK(""Frames_for_Analysis/3982_20250730_0003_R_0803.jpg"",""3982_20250730_0003_R_0803.jpg"")","",""
3982,3983,145.747702901737,-16.8663642517802,"","=HYPERLINK(""Frames_for_Analysis/3983_20250730_0003_R_0800.jpg"",""3983_20250730_0003_R_0800.jpg"")","",""
3983,3984,145.747656167643,-16.8664376685663,"","=HYPERLINK(""Frames_for_Analysis/3984_20250730_0003_R_0796.jpg"",""3984_20250730_0003_R_0796.jpg"")","",""
3984,3985,145.74760960789,-16.8665111876557,"50","=HYPERLINK(""Frames_for_Analysis/3985_20250730_0003_R_0793.jpg"",""3985_20250730_0003_R_0793.jpg"")","",""
3985,3986,145.747563048137,-16.8665847067166,"","=HYPERLINK(""Frames_for_Analysis/3986_20250730_0003_R_0789.jpg"",""3986_20250730_0003_R_0789.jpg"")","",""
3986,3987,145.747516488383,-16.8666582257488,"","=HYPERLINK(""Frames_for_Analysis/3987_20250730_0003_R_0786.jpg"",""3987_20250730_0003_R_0786.jpg"")","",""
3987,3988,145.74746992863,-16.8667317447524,"","=HYPERLINK(""Frames_for_Analysis/3988_20250730_0003_R_0783.jpg"",""3988_20250730_0003_R_0783.jpg"")","",""
3988,3989,145.747435235777,-16.8668105765746,"","=HYPERLINK(""Frames_for_Analysis/3989_20250730_0003_R_0780.jpg"",""3989_20250730_0003_R_0780.jpg"")","",""
3989,3990,145.74740610116,-16.866891896802,"50","=HYPERLINK(""Frames_for_Analysis/3990_20250730_0003_R_0777.jpg"",""3990_20250730_0003_R_0777.jpg"")","",""
3990,3991,145.747376966543,-16.8669732169943,"","=HYPERLINK(""Frames_for_Analysis/3991_20250730_0003_R_0774.jpg"",""3991_20250730_0003_R_0774.jpg"")","",""
3991,3992,145.747347831926,-16.8670545371517,"","=HYPERLINK(""Frames_for_Analysis/3992_20250730_0003_R_0770.jpg"",""3992_20250730_0003_R_0770.jpg"")","",""
3992,3993,145.747318697309,-16.8671358572741,"","=HYPERLINK(""Frames_for_Analysis/3993_20250730_0003_R_0767.jpg"",""3993_20250730_0003_R_0767.jpg"")","",""
3993,3994,145.747318500526,-16.8672205839083,"","=HYPERLINK(""Frames_for_Analysis/3994_20250730_0003_R_0764.jpg"",""3994_20250730_0003_R_0764.jpg"")","",""
3994,3995,145.747326172214,-16.8673062367764,"50","=HYPERLINK(""Frames_for_Analysis/3995_20250730_0003_R_0761.jpg"",""3995_20250730_0003_R_0761.jpg"")","",""
3995,3996,145.747333843901,-16.8673918896057,"","=HYPERLINK(""Frames_for_Analysis/3996_20250730_0003_R_0758.jpg"",""3996_20250730_0003_R_0758.jpg"")","",""
3996,3997,145.747341515589,-16.8674775423962,"","=HYPERLINK(""Frames_for_Analysis/3997_20250730_0003_R_0752.jpg"",""3997_20250730_0003_R_0752.jpg"")","",""
3997,3998,145.747352712362,-16.8675624017299,"","=HYPERLINK(""Frames_for_Analysis/3998_20250730_0003_R_0750.jpg"",""3998_20250730_0003_R_0750.jpg"")","",""
3998,3999,145.747385739779,-16.8676423474361,"","=HYPERLINK(""Frames_for_Analysis/3999_20250730_0003_R_0747.jpg"",""3999_20250730_0003_R_0747.jpg"")","",""
3999,4000,145.747418767196,-16.8677222931083,"50","=HYPERLINK(""Frames_for_Analysis/4000_20250730_0003_R_0743.jpg"",""4000_20250730_0003_R_0743.jpg"")","",""
4000,4001,145.747451794613,-16.8678022387468,"","=HYPERLINK(""Frames_for_Analysis/4001_20250730_0003_R_0740.jpg"",""4001_20250730_0003_R_0740.jpg"")","",""
4001,4002,145.747484822031,-16.8678821843514,"","=HYPERLINK(""Frames_for_Analysis/4002_20250730_0003_R_0736.jpg"",""4002_20250730_0003_R_0736.jpg"")","",""
4002,4003,145.747517849448,-16.8679621299222,"","=HYPERLINK(""Frames_for_Analysis/4003_20250730_0003_R_0733.jpg"",""4003_20250730_0003_R_0733.jpg"")","",""
4003,4004,145.747551150215,-16.8680419480139,"","=HYPERLINK(""Frames_for_Analysis/4004_20250730_0003_R_0730.jpg"",""4004_20250730_0003_R_0730.jpg"")","",""
4004,4005,145.747596579702,-16.8681161112308,"50","=HYPERLINK(""Frames_for_Analysis/4005_20250730_0003_R_0726.jpg"",""4005_20250730_0003_R_0726.jpg"")","",""
4005,4006,145.74764200919,-16.8681902744185,"","=HYPERLINK(""Frames_for_Analysis/4006_20250730_0003_R_0723.jpg"",""4006_20250730_0003_R_0723.jpg"")","",""
4006,4007,145.747687438678,-16.8682644375772,"","=HYPERLINK(""Frames_for_Analysis/4007_20250730_0003_R_0720.jpg"",""4007_20250730_0003_R_0720.jpg"")","",""
4007,4008,145.747732868165,-16.8683386007068,"","=HYPERLINK(""Frames_for_Analysis/4008_20250730_0003_R_0717.jpg"",""4008_20250730_0003_R_0717.jpg"")","",""
4008,4009,145.747782470702,-16.8684101560648,"","=HYPERLINK(""Frames_for_Analysis/4009_20250730_0003_R_0714.jpg"",""4009_20250730_0003_R_0714.jpg"")","",""
4009,4010,145.747835157813,-16.8684797838437,"50","=HYPERLINK(""Frames_for_Analysis/4010_20250730_0003_R_0711.jpg"",""4010_20250730_0003_R_0711.jpg"")","",""
4010,4011,145.747887844923,-16.8685494115968,"","=HYPERLINK(""Frames_for_Analysis/4011_20250730_0003_R_0708.jpg"",""4011_20250730_0003_R_0708.jpg"")","",""
4011,4012,145.747940532034,-16.8686190393243,"","=HYPERLINK(""Frames_for_Analysis/4012_20250730_0003_R_0704.jpg"",""4012_20250730_0003_R_0704.jpg"")","",""
4012,4013,145.747993219144,-16.8686886670262,"","=HYPERLINK(""Frames_for_Analysis/4013_20250730_0003_R_0700.jpg"",""4013_20250730_0003_R_0700.jpg"")","",""
4013,4014,145.748055982644,-16.8687499137016,"","=HYPERLINK(""Frames_for_Analysis/4014_20250730_0003_R_0696.jpg"",""4014_20250730_0003_R_0696.jpg"")","",""
4014,4015,145.748120690118,-16.868809543463,"50","=HYPERLINK(""Frames_for_Analysis/4015_20250730_0003_R_0693.jpg"",""4015_20250730_0003_R_0693.jpg"")","",""
4015,4016,145.748185397593,-16.8688691732055,"","=HYPERLINK(""Frames_for_Analysis/4016_20250730_0003_R_0690.jpg"",""4016_20250730_0003_R_0690.jpg"")","",""
4016,4017,145.748250105067,-16.8689288029293,"","=HYPERLINK(""Frames_for_Analysis/4017_20250730_0003_R_0687.jpg"",""4017_20250730_0003_R_0687.jpg"")","",""
4017,4018,145.748314812542,-16.8689884326342,"","=HYPERLINK(""Frames_for_Analysis/4018_20250730_0003_R_0683.jpg"",""4018_20250730_0003_R_0683.jpg"")","",""
4018,4019,145.748388787033,-16.8690369194555,"","=HYPERLINK(""Frames_for_Analysis/4019_20250730_0003_R_0680.jpg"",""4019_20250730_0003_R_0680.jpg"")","",""
4019,4020,145.748464030883,-16.8690838799609,"50","=HYPERLINK(""Frames_for_Analysis/4020_20250730_0003_R_0677.jpg"",""4020_20250730_0003_R_0677.jpg"")","",""
4020,4021,145.748539274733,-16.8691308404546,"","=HYPERLINK(""Frames_for_Analysis/4021_20250730_0003_R_0673.jpg"",""4021_20250730_0003_R_0673.jpg"")","",""
4021,4022,145.748615778855,-16.869175698319,"","=HYPERLINK(""Frames_for_Analysis/4022_20250730_0003_R_0670.jpg"",""4022_20250730_0003_R_0670.jpg"")","",""
4022,4023,145.74869612659,-16.8692141435583,"","=HYPERLINK(""Frames_for_Analysis/4023_20250730_0003_R_0666.jpg"",""4023_20250730_0003_R_0666.jpg"")","",""
4023,4024,145.748776474325,-16.8692525887897,"","=HYPERLINK(""Frames_for_Analysis/4024_20250730_0003_R_0663.jpg"",""4024_20250730_0003_R_0663.jpg"")","",""
4024,4025,145.74885849196,-16.869286984345,"50","=HYPERLINK(""Frames_for_Analysis/4025_20250730_0003_R_0659.jpg"",""4025_20250730_0003_R_0659.jpg"")","",""
4025,4026,145.748944622257,-16.8693114062952,"","=HYPERLINK(""Frames_for_Analysis/4026_20250730_0003_R_0656.jpg"",""4026_20250730_0003_R_0656.jpg"")","",""
4026,4027,145.749030752553,-16.8693358282423,"","=HYPERLINK(""Frames_for_Analysis/4027_20250730_0003_R_0653.jpg"",""4027_20250730_0003_R_0653.jpg"")","",""
4027,4028,145.74911688285,-16.8693602501863,"","=HYPERLINK(""Frames_for_Analysis/4028_20250730_0003_R_0650.jpg"",""4028_20250730_0003_R_0650.jpg"")","",""
4028,4029,145.749204623779,-16.8693775304412,"","=HYPERLINK(""Frames_for_Analysis/4029_20250730_0003_R_0646.jpg"",""4029_20250730_0003_R_0646.jpg"")","",""
4029,4030,145.749293612794,-16.8693892765793,"50","=HYPERLINK(""Frames_for_Analysis/4030_20250730_0003_R_0643.jpg"",""4030_20250730_0003_R_0643.jpg"")","",""
4030,4031,145.749382601808,-16.8694010227166,"","=HYPERLINK(""Frames_for_Analysis/4031_20250730_0003_R_0640.jpg"",""4031_20250730_0003_R_0640.jpg"")","",""
4031,4032,145.749471590822,-16.8694127688533,"","=HYPERLINK(""Frames_for_Analysis/4032_20250730_0003_R_0637.jpg"",""4032_20250730_0003_R_0637.jpg"")","",""
4032,4033,145.749559857645,-16.8694285116166,"","=HYPERLINK(""Frames_for_Analysis/4033_20250730_0003_R_0633.jpg"",""4033_20250730_0003_R_0633.jpg"")","",""
4033,4034,145.749647800935,-16.869446044816,"","=HYPERLINK(""Frames_for_Analysis/4034_20250730_0003_R_0631.jpg"",""4034_20250730_0003_R_0631.jpg"")","",""
4034,4035,145.749735744225,-16.8694635780138,"50","=HYPERLINK(""Frames_for_Analysis/4035_20250730_0003_R_0628.jpg"",""4035_20250730_0003_R_0628.jpg"")","",""
4035,4036,145.749824502688,-16.8694747445182,"","=HYPERLINK(""Frames_for_Analysis/4036_20250730_0003_R_0626.jpg"",""4036_20250730_0003_R_0626.jpg"")","",""
4036,4037,145.749914267844,-16.8694780485231,"","=HYPERLINK(""Frames_for_Analysis/4037_20250730_0003_R_0622.jpg"",""4037_20250730_0003_R_0622.jpg"")","",""
4037,4038,145.750004033,-16.8694813525279,"","=HYPERLINK(""Frames_for_Analysis/4038_20250730_0003_R_0619.jpg"",""4038_20250730_0003_R_0619.jpg"")","",""
4038,4039,145.750093798508,-16.8694846390048,"","=HYPERLINK(""Frames_for_Analysis/4039_20250730_0003_R_0615.jpg"",""4039_20250730_0003_R_0615.jpg"")","",""
4039,4040,145.750183630037,-16.8694846390048,"50","=HYPERLINK(""Frames_for_Analysis/4040_20250730_0003_R_0612.jpg"",""4040_20250730_0003_R_0612.jpg"")","",""
4040,4041,145.750273461565,-16.8694846390048,"","=HYPERLINK(""Frames_for_Analysis/4041_20250730_0003_R_0608.jpg"",""4041_20250730_0003_R_0608.jpg"")","",""
4041,4042,145.750363293094,-16.8694846390048,"","=HYPERLINK(""Frames_for_Analysis/4042_20250730_0003_R_0605.jpg"",""4042_20250730_0003_R_0605.jpg"")","",""
4042,4043,145.750453124622,-16.8694846390048,"","=HYPERLINK(""Frames_for_Analysis/4043_20250730_0003_R_0602.jpg"",""4043_20250730_0003_R_0602.jpg"")","",""
4043,4044,145.75054295615,-16.8694846390048,"","=HYPERLINK(""Frames_for_Analysis/4044_20250730_0003_R_0599.jpg"",""4044_20250730_0003_R_0599.jpg"")","",""
4044,4045,145.750632656543,-16.8694803686402,"50","=HYPERLINK(""Frames_for_Analysis/4045_20250730_0003_R_0596.jpg"",""4045_20250730_0003_R_0596.jpg"")","",""
4045,4046,145.750722333049,-16.8694753204459,"","=HYPERLINK(""Frames_for_Analysis/4046_20250730_0003_R_0593.jpg"",""4046_20250730_0003_R_0593.jpg"")","",""
4046,4047,145.750812009556,-16.8694702722515,"","=HYPERLINK(""Frames_for_Analysis/4047_20250730_0003_R_0590.jpg"",""4047_20250730_0003_R_0590.jpg"")","",""
4047,4048,145.750901686062,-16.869465224057,"","=HYPERLINK(""Frames_for_Analysis/4048_20250730_0003_R_0587.jpg"",""4048_20250730_0003_R_0587.jpg"")","",""
4048,4049,145.750990267688,-16.8694539539159,"","=HYPERLINK(""Frames_for_Analysis/4049_20250730_0003_R_0583.jpg"",""4049_20250730_0003_R_0583.jpg"")","",""
4049,4050,145.751076726026,-16.8694306176303,"50","=HYPERLINK(""Frames_for_Analysis/4050_20250730_0003_R_0580.jpg"",""4050_20250730_0003_R_0580.jpg"")","",""
4050,4051,145.751163184365,-16.8694072813419,"","=HYPERLINK(""Frames_for_Analysis/4051_20250730_0003_R_0577.jpg"",""4051_20250730_0003_R_0577.jpg"")","",""
4051,4052,145.751249642703,-16.8693839450505,"","=HYPERLINK(""Frames_for_Analysis/4052_20250730_0003_R_0574.jpg"",""4052_20250730_0003_R_0574.jpg"")","",""
4052,4053,145.751336101041,-16.8693606087563,"","=HYPERLINK(""Frames_for_Analysis/4053_20250730_0003_R_0570.jpg"",""4053_20250730_0003_R_0570.jpg"")","",""
4053,4054,145.751422559379,-16.8693372724592,"","=HYPERLINK(""Frames_for_Analysis/4054_20250730_0003_R_0567.jpg"",""4054_20250730_0003_R_0567.jpg"")","",""
4054,4055,145.751505818435,-16.8693050237728,"50","=HYPERLINK(""Frames_for_Analysis/4055_20250730_0003_R_0563.jpg"",""4055_20250730_0003_R_0563.jpg"")","",""
4055,4056,145.751589010661,-16.8692725889081,"","=HYPERLINK(""Frames_for_Analysis/4056_20250730_0003_R_0560.jpg"",""4056_20250730_0003_R_0560.jpg"")","",""
4056,4057,145.751672202887,-16.8692401540379,"","=HYPERLINK(""Frames_for_Analysis/4057_20250730_0003_R_0556.jpg"",""4057_20250730_0003_R_0556.jpg"")","",""
4057,4058,145.75175420254,-16.8692056303164,"","=HYPERLINK(""Frames_for_Analysis/4058_20250730_0003_R_0552.jpg"",""4058_20250730_0003_R_0552.jpg"")","",""
4058,4059,145.751827667382,-16.8691561574724,"","=HYPERLINK(""Frames_for_Analysis/4059_20250730_0003_R_0549.jpg"",""4059_20250730_0003_R_0549.jpg"")","",""
4059,4060,145.751901132225,-16.8691066846154,"50","=HYPERLINK(""Frames_for_Analysis/4060_20250730_0003_R_0545.jpg"",""4060_20250730_0003_R_0545.jpg"")","",""
4060,4061,145.751974597068,-16.8690572117455,"","=HYPERLINK(""Frames_for_Analysis/4061_20250730_0003_R_0542.jpg"",""4061_20250730_0003_R_0542.jpg"")","",""
4061,4062,145.75204806191,-16.8690077388626,"","=HYPERLINK(""Frames_for_Analysis/4062_20250730_0003_R_0538.jpg"",""4062_20250730_0003_R_0538.jpg"")","",""
4062,4063,145.752110565173,-16.8689466412659,"","=HYPERLINK(""Frames_for_Analysis/4063_20250730_0003_R_0535.jpg"",""4063_20250730_0003_R_0535.jpg"")","",""
4063,4064,145.752169510764,-16.8688817707552,"","=HYPERLINK(""Frames_for_Analysis/4064_20250730_0003_R_0532.jpg"",""4064_20250730_0003_R_0532.jpg"")","",""
4064,4065,145.752228456355,-16.8688169002222,"50","=HYPERLINK(""Frames_for_Analysis/4065_20250730_0003_R_0528.jpg"",""4065_20250730_0003_R_0528.jpg"")","",""
4065,4066,145.752287401946,-16.868752029667,"","=HYPERLINK(""Frames_for_Analysis/4066_20250730_0003_R_0525.jpg"",""4066_20250730_0003_R_0525.jpg"")","",""
4066,4067,145.752329892115,-16.8686771734732,"","=HYPERLINK(""Frames_for_Analysis/4067_20250730_0003_R_0520.jpg"",""4067_20250730_0003_R_0520.jpg"")","",""
4067,4068,145.752366070708,-16.8685984872056,"","=HYPERLINK(""Frames_for_Analysis/4068_20250730_0003_R_0515.jpg"",""4068_20250730_0003_R_0515.jpg"")","",""
4068,4069,145.752402249301,-16.8685198009052,"","=HYPERLINK(""Frames_for_Analysis/4069_20250730_0003_R_0512.jpg"",""4069_20250730_0003_R_0512.jpg"")","",""
4069,4070,145.752437684069,-16.8684408353043,"50","=HYPERLINK(""Frames_for_Analysis/4070_20250730_0003_R_0508.jpg"",""4070_20250730_0003_R_0508.jpg"")","",""
4070,4071,145.752467068988,-16.8683595982639,"","=HYPERLINK(""Frames_for_Analysis/4071_20250730_0003_R_0504.jpg"",""4071_20250730_0003_R_0504.jpg"")","",""
4071,4072,145.752496453907,-16.8682783611884,"","=HYPERLINK(""Frames_for_Analysis/4072_20250730_0003_R_0502.jpg"",""4072_20250730_0003_R_0502.jpg"")","",""
4072,4073,145.752525838826,-16.8681971240781,"","=HYPERLINK(""Frames_for_Analysis/4073_20250730_0003_R_0498.jpg"",""4073_20250730_0003_R_0498.jpg"")","",""
4073,4074,145.752550385425,-16.8681145872716,"","=HYPERLINK(""Frames_for_Analysis/4074_20250730_0003_R_0495.jpg"",""4074_20250730_0003_R_0495.jpg"")","",""
4074,4075,145.752569468353,-16.868030582786,"50","=HYPERLINK(""Frames_for_Analysis/4075_20250730_0003_R_0491.jpg"",""4075_20250730_0003_R_0491.jpg"")","",""
4075,4076,145.75258855128,-16.8679465782631,"","=HYPERLINK(""Frames_for_Analysis/4076_20250730_0003_R_0487.jpg"",""4076_20250730_0003_R_0487.jpg"")","",""
4076,4077,145.752597859215,-16.8678620090164,"","=HYPERLINK(""Frames_for_Analysis/4077_20250730_0003_R_0483.jpg"",""4077_20250730_0003_R_0483.jpg"")","",""
4077,4078,145.752589474315,-16.8677764176437,"","=HYPERLINK(""Frames_for_Analysis/4078_20250730_0003_R_0479.jpg"",""4078_20250730_0003_R_0479.jpg"")","",""
4078,4079,145.752581089415,-16.8676908262321,"","=HYPERLINK(""Frames_for_Analysis/4079_20250730_0003_R_0476.jpg"",""4079_20250730_0003_R_0476.jpg"")","",""
4079,4080,145.752572704515,-16.8676052347818,"50","=HYPERLINK(""Frames_for_Analysis/4080_20250730_0003_R_0472.jpg"",""4080_20250730_0003_R_0472.jpg"")","",""
4080,4081,145.752562926261,-16.8675198711211,"","=HYPERLINK(""Frames_for_Analysis/4081_20250730_0003_R_0469.jpg"",""4081_20250730_0003_R_0469.jpg"")","",""
4081,4082,145.752541138915,-16.8674364710403,"","=HYPERLINK(""Frames_for_Analysis/4082_20250730_0003_R_0465.jpg"",""4082_20250730_0003_R_0465.jpg"")","",""
4082,4083,145.752519351569,-16.8673530709228,"","=HYPERLINK(""Frames_for_Analysis/4083_20250730_0003_R_0462.jpg"",""4083_20250730_0003_R_0462.jpg"")","",""
4083,4084,145.752491409002,-16.8672717654209,"","=HYPERLINK(""Frames_for_Analysis/4084_20250730_0003_R_0460.jpg"",""4084_20250730_0003_R_0460.jpg"")","",""
4084,4085,145.752453281425,-16.8671939258955,"50","=HYPERLINK(""Frames_for_Analysis/4085_20250730_0003_R_0456.jpg"",""4085_20250730_0003_R_0456.jpg"")","",""
4085,4086,145.752415153847,-16.867116086338,"","=HYPERLINK(""Frames_for_Analysis/4086_20250730_0003_R_0454.jpg"",""4086_20250730_0003_R_0454.jpg"")","",""
4086,4087,145.75237702627,-16.8670382467485,"","=HYPERLINK(""Frames_for_Analysis/4087_20250730_0003_R_0450.jpg"",""4087_20250730_0003_R_0450.jpg"")","",""
4087,4088,145.752338898692,-16.8669604071268,"","=HYPERLINK(""Frames_for_Analysis/4088_20250730_0003_R_0447.jpg"",""4088_20250730_0003_R_0447.jpg"")","",""
4088,4089,145.752300980468,-16.866882474008,"","=HYPERLINK(""Frames_for_Analysis/4089_20250730_0003_R_0444.jpg"",""4089_20250730_0003_R_0444.jpg"")","",""
4089,4090,145.752263151397,-16.8668045010547,"50","=HYPERLINK(""Frames_for_Analysis/4090_20250730_0003_R_0442.jpg"",""4090_20250730_0003_R_0442.jpg"")","",""
4090,4091,145.752225322326,-16.8667265280692,"","=HYPERLINK(""Frames_for_Analysis/4091_20250730_0003_R_0439.jpg"",""4091_20250730_0003_R_0439.jpg"")","",""
4091,4092,145.752187493255,-16.8666485550516,"","=HYPERLINK(""Frames_for_Analysis/4092_20250730_0003_R_0436.jpg"",""4092_20250730_0003_R_0436.jpg"")","",""
4092,4093,145.752149090461,-16.8665708407408,"","=HYPERLINK(""Frames_for_Analysis/4093_20250730_0003_R_0433.jpg"",""4093_20250730_0003_R_0433.jpg"")","",""
4093,4094,145.752110332119,-16.8664932867446,"","=HYPERLINK(""Frames_for_Analysis/4094_20250730_0003_R_0430.jpg"",""4094_20250730_0003_R_0430.jpg"")","",""
4094,4095,145.752071573777,-16.8664157327164,"50","=HYPERLINK(""Frames_for_Analysis/4095_20250730_0003_R_0428.jpg"",""4095_20250730_0003_R_0428.jpg"")","",""
4095,4096,145.752038683472,-16.8663364068557,"","=HYPERLINK(""Frames_for_Analysis/4096_20250730_0003_R_0425.jpg"",""4096_20250730_0003_R_0425.jpg"")","",""
4096,4097,145.752023915242,-16.8662516091629,"","=HYPERLINK(""Frames_for_Analysis/4097_20250730_0003_R_0423.jpg"",""4097_20250730_0003_R_0423.jpg"")","",""
4097,4098,145.752009147012,-16.8661668114321,"","=HYPERLINK(""Frames_for_Analysis/4098_20250730_0003_R_0420.jpg"",""4098_20250730_0003_R_0420.jpg"")","",""
4098,4099,145.751994378782,-16.8660820136631,"","=HYPERLINK(""Frames_for_Analysis/4099_20250730_0003_R_0417.jpg"",""4099_20250730_0003_R_0417.jpg"")","",""
4099,4100,145.751980250784,-16.8659971239767,"50","=HYPERLINK(""Frames_for_Analysis/4100_20250730_0003_R_0414.jpg"",""4100_20250730_0003_R_0414.jpg"")","",""
4100,4101,145.751968378222,-16.8659119105756,"","=HYPERLINK(""Frames_for_Analysis/4101_20250730_0003_R_0412.jpg"",""4101_20250730_0003_R_0412.jpg"")","",""
4101,4102,145.75195650566,-16.865826697136,"","=HYPERLINK(""Frames_for_Analysis/4102_20250730_0003_R_0408.jpg"",""4102_20250730_0003_R_0408.jpg"")","",""
4102,4103,145.751944633098,-16.865741483658,"","=HYPERLINK(""Frames_for_Analysis/4103_20250730_0003_R_0406.jpg"",""4103_20250730_0003_R_0406.jpg"")","",""
4103,4104,145.751935339444,-16.8656561063329,"","=HYPERLINK(""Frames_for_Analysis/4104_20250730_0003_R_0404.jpg"",""4104_20250730_0003_R_0404.jpg"")","",""
4104,4105,145.751935339444,-16.8655701386489,"50","=HYPERLINK(""Frames_for_Analysis/4105_20250730_0003_R_0402.jpg"",""4105_20250730_0003_R_0402.jpg"")","",""
4105,4106,145.751935339444,-16.8654841709258,"","=HYPERLINK(""Frames_for_Analysis/4106_20250730_0003_R_0399.jpg"",""4106_20250730_0003_R_0399.jpg"")","",""
4106,4107,145.751935339444,-16.8653982031636,"","=HYPERLINK(""Frames_for_Analysis/4107_20250730_0003_R_0396.jpg"",""4107_20250730_0003_R_0396.jpg"")","",""
4107,4108,145.751935339444,-16.8653122353623,"","=HYPERLINK(""Frames_for_Analysis/4108_20250730_0003_R_0393.jpg"",""4108_20250730_0003_R_0393.jpg"")","",""
4108,4109,145.751935339444,-16.8652262675219,"","=HYPERLINK(""Frames_for_Analysis/4109_20250730_0003_R_0391.jpg"",""4109_20250730_0003_R_0391.jpg"")","",""
4109,4110,145.751936870617,-16.8651403948031,"50","=HYPERLINK(""Frames_for_Analysis/4110_20250730_0003_R_0388.jpg"",""4110_20250730_0003_R_0388.jpg"")","",""
4110,4111,145.751948489311,-16.8650551489746,"","=HYPERLINK(""Frames_for_Analysis/4111_20250730_0003_R_0385.jpg"",""4111_20250730_0003_R_0385.jpg"")","",""
4111,4112,145.751960108005,-16.8649699031076,"","=HYPERLINK(""Frames_for_Analysis/4112_20250730_0003_R_0382.jpg"",""4112_20250730_0003_R_0382.jpg"")","",""
4112,4113,145.75197237035,-16.8648847739671,"","=HYPERLINK(""Frames_for_Analysis/4113_20250730_0003_R_0379.jpg"",""4113_20250730_0003_R_0379.jpg"")","",""
4113,4114,145.751994157739,-16.8648013727338,"","=HYPERLINK(""Frames_for_Analysis/4114_20250730_0003_R_0376.jpg"",""4114_20250730_0003_R_0376.jpg"")","",""
4114,4115,145.752015945128,-16.8647179714636,"50","=HYPERLINK(""Frames_for_Analysis/4115_20250730_0003_R_0373.jpg"",""4115_20250730_0003_R_0373.jpg"")","",""
4115,4116,145.752038258911,-16.8646347009282,"","=HYPERLINK(""Frames_for_Analysis/4116_20250730_0003_R_0370.jpg"",""4116_20250730_0003_R_0370.jpg"")","",""
4116,4117,145.752061612802,-16.8645516887496,"","=HYPERLINK(""Frames_for_Analysis/4117_20250730_0003_R_0367.jpg"",""4117_20250730_0003_R_0367.jpg"")","",""
4117,4118,145.752084966693,-16.8644686765345,"","=HYPERLINK(""Frames_for_Analysis/4118_20250730_0003_R_0365.jpg"",""4118_20250730_0003_R_0365.jpg"")","",""
4118,4119,145.752108320584,-16.864385664283,"","=HYPERLINK(""Frames_for_Analysis/4119_20250730_0003_R_0900.jpg"",""4119_20250730_0003_R_0900.jpg"")","",""
4119,4120,145.752134680118,-16.8643034963444,"50","=HYPERLINK(""Frames_for_Analysis/4120_20250730_0003_R_0359.jpg"",""4120_20250730_0003_R_0359.jpg"")","",""
4120,4121,145.752161917461,-16.8642215749657,"","=HYPERLINK(""Frames_for_Analysis/4121_20250730_0003_R_0356.jpg"",""4121_20250730_0003_R_0356.jpg"")","",""
4121,4122,145.752189154805,-16.8641396535516,"","=HYPERLINK(""Frames_for_Analysis/4122_20250730_0003_R_0353.jpg"",""4122_20250730_0003_R_0353.jpg"")","",""
4122,4123,145.752227214711,-16.8640620988921,"","=HYPERLINK(""Frames_for_Analysis/4123_20250730_0003_R_0901.jpg"",""4123_20250730_0003_R_0901.jpg"")","",""
4123,4124,145.752269488291,-16.8639862443747,"","=HYPERLINK(""Frames_for_Analysis/4124_20250730_0003_R_0347.jpg"",""4124_20250730_0003_R_0347.jpg"")","",""
4124,4125,145.7523160113,-16.8639128768659,"50","=HYPERLINK(""Frames_for_Analysis/4125_20250730_0003_R_0345.jpg"",""4125_20250730_0003_R_0345.jpg"")","",""
4125,4126,145.752367310859,-16.8638423048744,"","=HYPERLINK(""Frames_for_Analysis/4126_20250730_0003_R_0342.jpg"",""4126_20250730_0003_R_0342.jpg"")","",""
4126,4127,145.752418610418,-16.8637717328566,"","=HYPERLINK(""Frames_for_Analysis/4127_20250730_0003_R_0339.jpg"",""4127_20250730_0003_R_0339.jpg"")","",""
4127,4128,145.752469909977,-16.8637011608124,"","=HYPERLINK(""Frames_for_Analysis/4128_20250730_0003_R_0337.jpg"",""4128_20250730_0003_R_0337.jpg"")","",""
4128,4129,145.752515661952,-16.8636272595481,"","=HYPERLINK(""Frames_for_Analysis/4129_20250730_0003_R_0334.jpg"",""4129_20250730_0003_R_0334.jpg"")","",""
4129,4130,145.752559702781,-16.8635523313686,"50","=HYPERLINK(""Frames_for_Analysis/4130_20250730_0003_R_0332.jpg"",""4130_20250730_0003_R_0332.jpg"")","",""
4130,4131,145.752608055471,-16.8634802205185,"","=HYPERLINK(""Frames_for_Analysis/4131_20250730_0003_R_0330.jpg"",""4131_20250730_0003_R_0330.jpg"")","",""
4131,4132,145.752664940262,-16.8634136844958,"","=HYPERLINK(""Frames_for_Analysis/4132_20250730_0003_R_0327.jpg"",""4132_20250730_0003_R_0327.jpg"")","",""
4132,4133,145.752723756857,-16.8633487603068,"","=HYPERLINK(""Frames_for_Analysis/4133_20250730_0003_R_0324.jpg"",""4133_20250730_0003_R_0324.jpg"")","",""
4133,4134,145.752784882866,-16.8632857630238,"","=HYPERLINK(""Frames_for_Analysis/4134_20250730_0003_R_0320.jpg"",""4134_20250730_0003_R_0320.jpg"")","",""
4134,4135,145.752846008874,-16.8632227657197,"50","=HYPERLINK(""Frames_for_Analysis/4135_20250730_0003_R_0318.jpg"",""4135_20250730_0003_R_0318.jpg"")","",""
4135,4136,145.752909357056,-16.8631618177094,"","=HYPERLINK(""Frames_for_Analysis/4136_20250730_0003_R_0315.jpg"",""4136_20250730_0003_R_0315.jpg"")","",""
4136,4137,145.752972877515,-16.8631010285565,"","=HYPERLINK(""Frames_for_Analysis/4137_20250730_0003_R_0312.jpg"",""4137_20250730_0003_R_0312.jpg"")","",""
4137,4138,145.753036397975,-16.8630402393839,"","=HYPERLINK(""Frames_for_Analysis/4138_20250730_0003_R_0310.jpg"",""4138_20250730_0003_R_0310.jpg"")","",""
4138,4139,145.753101702689,-16.8629814658657,"","=HYPERLINK(""Frames_for_Analysis/4139_20250730_0003_R_0307.jpg"",""4139_20250730_0003_R_0307.jpg"")","",""
4139,4140,145.753174801578,-16.862931497419,"50","=HYPERLINK(""Frames_for_Analysis/4140_20250730_0003_R_0303.jpg"",""4140_20250730_0003_R_0303.jpg"")","",""
4140,4141,145.753247900467,-16.8628815289591,"","=HYPERLINK(""Frames_for_Analysis/4141_20250730_0003_R_0300.jpg"",""4141_20250730_0003_R_0300.jpg"")","",""
4141,4142,145.753320999357,-16.8628315604861,"","=HYPERLINK(""Frames_for_Analysis/4142_20250730_0003_R_0297.jpg"",""4142_20250730_0003_R_0297.jpg"")","",""
4142,4143,145.753395368957,-16.8627833538865,"","=HYPERLINK(""Frames_for_Analysis/4143_20250730_0003_R_0294.jpg"",""4143_20250730_0003_R_0294.jpg"")","",""
4143,4144,145.75347011337,-16.8627356669662,"","=HYPERLINK(""Frames_for_Analysis/4144_20250730_0003_R_0291.jpg"",""4144_20250730_0003_R_0291.jpg"")","",""
4144,4145,145.753544857783,-16.8626879800339,"50","=HYPERLINK(""Frames_for_Analysis/4145_20250730_0003_R_0289.jpg"",""4145_20250730_0003_R_0289.jpg"")","",""
4145,4146,145.75362219677,-16.862644270884,"","=HYPERLINK(""Frames_for_Analysis/4146_20250730_0003_R_0286.jpg"",""4146_20250730_0003_R_0286.jpg"")","",""
4146,4147,145.753699791385,-16.862600953634,"","=HYPERLINK(""Frames_for_Analysis/4147_20250730_0003_R_0283.jpg"",""4147_20250730_0003_R_0283.jpg"")","",""
4147,4148,145.753777386001,-16.862557636374,"","=HYPERLINK(""Frames_for_Analysis/4148_20250730_0003_R_0280.jpg"",""4148_20250730_0003_R_0280.jpg"")","",""
4148,4149,145.753854848116,-16.8625141047778,"","=HYPERLINK(""Frames_for_Analysis/4149_20250730_0003_R_0277.jpg"",""4149_20250730_0003_R_0277.jpg"")","",""
4149,4150,145.75393187791,-16.8624698738692,"50","=HYPERLINK(""Frames_for_Analysis/4150_20250730_0003_R_0274.jpg"",""4150_20250730_0003_R_0274.jpg"")","",""
4150,4151,145.754008907704,-16.8624256429503,"","=HYPERLINK(""Frames_for_Analysis/4151_20250730_0003_R_0271.jpg"",""4151_20250730_0003_R_0271.jpg"")","",""
4151,4152,145.754086126057,-16.8623817225571,"","=HYPERLINK(""Frames_for_Analysis/4152_20250730_0003_R_0267.jpg"",""4152_20250730_0003_R_0267.jpg"")","",""
4152,4153,145.75416442101,-16.8623395751926,"","=HYPERLINK(""Frames_for_Analysis/4153_20250730_0003_R_0265.jpg"",""4153_20250730_0003_R_0265.jpg"")","",""
4153,4154,145.754242715964,-16.8622974278187,"","=HYPERLINK(""Frames_for_Analysis/4154_20250730_0003_R_0262.jpg"",""4154_20250730_0003_R_0262.jpg"")","",""
4154,4155,145.754326276077,-16.8622668666518,"50","=HYPERLINK(""Frames_for_Analysis/4155_20250730_0003_R_0260.jpg"",""4155_20250730_0003_R_0260.jpg"")","",""
4155,4156,145.754411878837,-16.8622408004142,"","=HYPERLINK(""Frames_for_Analysis/4156_20250730_0003_R_0258.jpg"",""4156_20250730_0003_R_0258.jpg"")","",""
4156,4157,145.754497481597,-16.862214734173,"","=HYPERLINK(""Frames_for_Analysis/4157_20250730_0003_R_0255.jpg"",""4157_20250730_0003_R_0255.jpg"")","",""
4157,4158,145.754584369157,-16.8621931555634,"","=HYPERLINK(""Frames_for_Analysis/4158_20250730_0003_R_0252.jpg"",""4158_20250730_0003_R_0252.jpg"")","",""
4158,4159,145.754671900232,-16.8621738246625,"","=HYPERLINK(""Frames_for_Analysis/4159_20250730_0003_R_0249.jpg"",""4159_20250730_0003_R_0249.jpg"")","",""
4159,4160,145.754759431306,-16.8621544937596,"50","=HYPERLINK(""Frames_for_Analysis/4160_20250730_0003_R_0245.jpg"",""4160_20250730_0003_R_0245.jpg"")","",""
4160,4161,145.754847013292,-16.8621353836905,"","=HYPERLINK(""Frames_for_Analysis/4161_20250730_0003_R_0241.jpg"",""4161_20250730_0003_R_0241.jpg"")","",""
4161,4162,145.754934917907,-16.8621176730856,"","=HYPERLINK(""Frames_for_Analysis/4162_20250730_0003_R_0238.jpg"",""4162_20250730_0003_R_0238.jpg"")","",""
4162,4163,145.755022822522,-16.8620999624791,"","=HYPERLINK(""Frames_for_Analysis/4163_20250730_0003_R_0234.jpg"",""4163_20250730_0003_R_0234.jpg"")","",""
4163,4164,145.75510534195,-16.8620684993393,"","=HYPERLINK(""Frames_for_Analysis/4164_20250730_0003_R_0231.jpg"",""4164_20250730_0003_R_0231.jpg"")","",""
4164,4165,145.755183759773,-16.8620265616339,"50","=HYPERLINK(""Frames_for_Analysis/4165_20250730_0003_R_0228.jpg"",""4165_20250730_0003_R_0228.jpg"")","",""
4165,4166,145.755262177596,-16.8619846239192,"","=HYPERLINK(""Frames_for_Analysis/4166_20250730_0003_R_0225.jpg"",""4166_20250730_0003_R_0225.jpg"")","",""
4166,4167,145.755340595419,-16.8619426861952,"","=HYPERLINK(""Frames_for_Analysis/4167_20250730_0003_R_0222.jpg"",""4167_20250730_0003_R_0222.jpg"")","",""
4167,4168,145.755419013241,-16.8619007484619,"","=HYPERLINK(""Frames_for_Analysis/4168_20250730_0003_R_0219.jpg"",""4168_20250730_0003_R_0219.jpg"")","",""
4168,4169,145.75549388895,-16.8618537968998,"","=HYPERLINK(""Frames_for_Analysis/4169_20250730_0003_R_0215.jpg"",""4169_20250730_0003_R_0215.jpg"")","",""
4169,4170,145.755563772652,-16.8617997791986,"50","=HYPERLINK(""Frames_for_Analysis/4170_20250730_0003_R_0211.jpg"",""4170_20250730_0003_R_0211.jpg"")","",""
4170,4171,145.755633656353,-16.8617457614821,"","=HYPERLINK(""Frames_for_Analysis/4171_20250730_0003_R_0208.jpg"",""4171_20250730_0003_R_0208.jpg"")","",""
4171,4172,145.755703540055,-16.86169174375,"","=HYPERLINK(""Frames_for_Analysis/4172_20250730_0003_R_0205.jpg"",""4172_20250730_0003_R_0205.jpg"")","",""
4172,4173,145.755773423756,-16.8616377260026,"","=HYPERLINK(""Frames_for_Analysis/4173_20250730_0003_R_0203.jpg"",""4173_20250730_0003_R_0203.jpg"")","",""
4173,4174,145.755853109482,-16.8615980610606,"","=HYPERLINK(""Frames_for_Analysis/4174_20250730_0003_R_0201.jpg"",""4174_20250730_0003_R_0201.jpg"")","",""
4174,4175,145.755932857799,-16.8615584877608,"50","=HYPERLINK(""Frames_for_Analysis/4175_20250730_0003_R_0198.jpg"",""4175_20250730_0003_R_0198.jpg"")","",""
4175,4176,145.756012606116,-16.8615189144527,"","=HYPERLINK(""Frames_for_Analysis/4176_20250730_0003_R_0195.jpg"",""4176_20250730_0003_R_0195.jpg"")","",""
4176,4177,145.756092354433,-16.8614793411364,"","=HYPERLINK(""Frames_for_Analysis/4177_20250730_0003_R_0192.jpg"",""4177_20250730_0003_R_0192.jpg"")","",""
4177,4178,145.756178081058,-16.8614537879705,"","=HYPERLINK(""Frames_for_Analysis/4178_20250730_0003_R_0189.jpg"",""4178_20250730_0003_R_0189.jpg"")","",""
4178,4179,145.756263991592,-16.8614286660983,"","=HYPERLINK(""Frames_for_Analysis/4179_20250730_0003_R_0186.jpg"",""4179_20250730_0003_R_0186.jpg"")","",""
4179,4180,145.756349902126,-16.8614035442227,"50","=HYPERLINK(""Frames_for_Analysis/4180_20250730_0003_R_0183.jpg"",""4180_20250730_0003_R_0183.jpg"")","",""
4180,4181,145.75643581266,-16.8613784223437,"","=HYPERLINK(""Frames_for_Analysis/4181_20250730_0003_R_0180.jpg"",""4181_20250730_0003_R_0180.jpg"")","",""
4181,4182,145.756521723194,-16.8613533004614,"","=HYPERLINK(""Frames_for_Analysis/4182_20250730_0003_R_0178.jpg"",""4182_20250730_0003_R_0178.jpg"")","",""
4182,4183,145.756607328971,-16.8613272433576,"","=HYPERLINK(""Frames_for_Analysis/4183_20250730_0003_R_0176.jpg"",""4183_20250730_0003_R_0176.jpg"")","",""
4183,4184,145.756692931758,-16.8613011770715,"","=HYPERLINK(""Frames_for_Analysis/4184_20250730_0003_R_0173.jpg"",""4184_20250730_0003_R_0173.jpg"")","",""
4184,4185,145.756778534545,-16.8612751107817,"50","=HYPERLINK(""Frames_for_Analysis/4185_20250730_0003_R_0170.jpg"",""4185_20250730_0003_R_0170.jpg"")","",""
4185,4186,145.756864137332,-16.8612490444884,"","=HYPERLINK(""Frames_for_Analysis/4186_20250730_0003_R_0167.jpg"",""4186_20250730_0003_R_0167.jpg"")","",""
4186,4187,145.756949740119,-16.8612229781915,"","=HYPERLINK(""Frames_for_Analysis/4187_20250730_0003_R_0164.jpg"",""4187_20250730_0003_R_0164.jpg"")","",""
4187,4188,145.757035342906,-16.8611969118909,"","=HYPERLINK(""Frames_for_Analysis/4188_20250730_0003_R_0162.jpg"",""4188_20250730_0003_R_0162.jpg"")","",""
4188,4189,145.7571243181,-16.8611866450096,"","=HYPERLINK(""Frames_for_Analysis/4189_20250730_0003_R_0158.jpg"",""4189_20250730_0003_R_0158.jpg"")","",""
4189,4190,145.757213744968,-16.8611784941724,"50","=HYPERLINK(""Frames_for_Analysis/4190_20250730_0003_R_0155.jpg"",""4190_20250730_0003_R_0155.jpg"")","",""
4190,4191,145.757303171835,-16.8611703433349,"","=HYPERLINK(""Frames_for_Analysis/4191_20250730_0003_R_0152.jpg"",""4191_20250730_0003_R_0152.jpg"")","",""
4191,4192,145.757392598702,-16.8611621924971,"","=HYPERLINK(""Frames_for_Analysis/4192_20250730_0003_R_0149.jpg"",""4192_20250730_0003_R_0149.jpg"")","",""
4192,4193,145.757482025569,-16.8611540416589,"","=HYPERLINK(""Frames_for_Analysis/4193_20250730_0003_R_0147.jpg"",""4193_20250730_0003_R_0147.jpg"")","",""
4193,4194,145.757571524595,-16.861146777318,"","=HYPERLINK(""Frames_for_Analysis/4194_20250730_0003_R_0144.jpg"",""4194_20250730_0003_R_0144.jpg"")","",""
4194,4195,145.757661191605,-16.8611415767036,"50","=HYPERLINK(""Frames_for_Analysis/4195_20250730_0003_R_0140.jpg"",""4195_20250730_0003_R_0140.jpg"")","",""
4195,4196,145.757750858615,-16.8611363760891,"","=HYPERLINK(""Frames_for_Analysis/4196_20250730_0003_R_0138.jpg"",""4196_20250730_0003_R_0138.jpg"")","",""
4196,4197,145.757840525625,-16.8611311754744,"","=HYPERLINK(""Frames_for_Analysis/4197_20250730_0003_R_0135.jpg"",""4197_20250730_0003_R_0135.jpg"")","",""
4197,4198,145.757930192634,-16.8611259748596,"","=HYPERLINK(""Frames_for_Analysis/4198_20250730_0003_R_0132.jpg"",""4198_20250730_0003_R_0132.jpg"")","",""
4198,4199,145.758019598924,-16.8611335228533,"","=HYPERLINK(""Frames_for_Analysis/4199_20250730_0003_R_0129.jpg"",""4199_20250730_0003_R_0129.jpg"")","",""
4199,4200,145.758108984632,-16.8611420771906,"50","=HYPERLINK(""Frames_for_Analysis/4200_20250730_0003_R_0127.jpg"",""4200_20250730_0003_R_0127.jpg"")","",""
4200,4201,145.75819837034,-16.8611506315274,"","=HYPERLINK(""Frames_for_Analysis/4201_20250730_0003_R_0124.jpg"",""4201_20250730_0003_R_0124.jpg"")","",""
4201,4202,145.758287756049,-16.8611591858639,"","=HYPERLINK(""Frames_for_Analysis/4202_20250730_0003_R_0122.jpg"",""4202_20250730_0003_R_0122.jpg"")","",""
4202,4203,145.758376663182,-16.8611714498648,"","=HYPERLINK(""Frames_for_Analysis/4203_20250730_0003_R_0119.jpg"",""4203_20250730_0003_R_0119.jpg"")","",""
4203,4204,145.75846553884,-16.861183957843,"","=HYPERLINK(""Frames_for_Analysis/4204_20250730_0003_R_0116.jpg"",""4204_20250730_0003_R_0116.jpg"")","",""
4204,4205,145.758554414498,-16.8611964658205,"50","=HYPERLINK(""Frames_for_Analysis/4205_20250730_0003_R_0112.jpg"",""4205_20250730_0003_R_0112.jpg"")","",""
4205,4206,145.758643290156,-16.8612089737971,"","=HYPERLINK(""Frames_for_Analysis/4206_20250730_0003_R_0109.jpg"",""4206_20250730_0003_R_0109.jpg"")","",""
4206,4207,145.758732061392,-16.8612221189076,"","=HYPERLINK(""Frames_for_Analysis/4207_20250730_0003_R_0105.jpg"",""4207_20250730_0003_R_0105.jpg"")","",""
4207,4208,145.75882067066,-16.8612362522711,"","=HYPERLINK(""Frames_for_Analysis/4208_20250730_0003_R_0102.jpg"",""4208_20250730_0003_R_0102.jpg"")","",""
4208,4209,145.758909279928,-16.8612503856334,"","=HYPERLINK(""Frames_for_Analysis/4209_20250730_0003_R_0099.jpg"",""4209_20250730_0003_R_0099.jpg"")","",""
4209,4210,145.758997889195,-16.8612645189947,"50","=HYPERLINK(""Frames_for_Analysis/4210_20250730_0003_R_0096.jpg"",""4210_20250730_0003_R_0096.jpg"")","",""
4210,4211,145.759086498463,-16.861278652355,"","=HYPERLINK(""Frames_for_Analysis/4211_20250730_0003_R_0093.jpg"",""4211_20250730_0003_R_0093.jpg"")","",""
4211,4212,145.75917510773,-16.8612927857142,"","=HYPERLINK(""Frames_for_Analysis/4212_20250730_0003_R_0090.jpg"",""4212_20250730_0003_R_0090.jpg"")","",""
4212,4213,145.759263716998,-16.8613069190723,"","=HYPERLINK(""Frames_for_Analysis/4213_20250730_0003_R_0087.jpg"",""4213_20250730_0003_R_0087.jpg"")","",""
4213,4214,145.759351933873,-16.8613226608186,"","=HYPERLINK(""Frames_for_Analysis/4214_20250730_0003_R_0084.jpg"",""4214_20250730_0003_R_0084.jpg"")","",""
4214,4215,145.759437921633,-16.8613475395433,"50","=HYPERLINK(""Frames_for_Analysis/4215_20250730_0003_R_0081.jpg"",""4215_20250730_0003_R_0081.jpg"")","",""
4215,4216,145.759523909394,-16.8613724182648,"","=HYPERLINK(""Frames_for_Analysis/4216_20250730_0003_R_0078.jpg"",""4216_20250730_0003_R_0078.jpg"")","",""
4216,4217,145.759609897154,-16.861397296983,"","=HYPERLINK(""Frames_for_Analysis/4217_20250730_0003_R_0076.jpg"",""4217_20250730_0003_R_0076.jpg"")","",""
4217,4218,145.759695884914,-16.8614221756979,"","=HYPERLINK(""Frames_for_Analysis/4218_20250730_0003_R_0073.jpg"",""4218_20250730_0003_R_0073.jpg"")","",""
4218,4219,145.759781872675,-16.8614470544095,"","=HYPERLINK(""Frames_for_Analysis/4219_20250730_0003_R_0070.jpg"",""4219_20250730_0003_R_0070.jpg"")","",""
4219,4220,145.75986788992,-16.8614718388442,"50","=HYPERLINK(""Frames_for_Analysis/4220_20250730_0003_R_0067.jpg"",""4220_20250730_0003_R_0067.jpg"")","",""
4220,4221,145.759954020229,-16.8614962617639,"","=HYPERLINK(""Frames_for_Analysis/4221_20250730_0003_R_0064.jpg"",""4221_20250730_0003_R_0064.jpg"")","",""
4221,4222,145.760040150538,-16.8615206846804,"","=HYPERLINK(""Frames_for_Analysis/4222_20250730_0003_R_0061.jpg"",""4222_20250730_0003_R_0061.jpg"")","",""
4222,4223,145.760126280847,-16.8615451075938,"","=HYPERLINK(""Frames_for_Analysis/4223_20250730_0003_R_0056.jpg"",""4223_20250730_0003_R_0056.jpg"")","",""
4223,4224,145.76021187275,-16.8615711470932,"","=HYPERLINK(""Frames_for_Analysis/4224_20250730_0003_R_0051.jpg"",""4224_20250730_0003_R_0051.jpg"")","",""
4224,4225,145.760296884798,-16.8615989276304,"50","=HYPERLINK(""Frames_for_Analysis/4225_20250730_0003_R_0047.jpg"",""4225_20250730_0003_R_0047.jpg"")","",""
4225,4226,145.760381896846,-16.8616267081636,"","=HYPERLINK(""Frames_for_Analysis/4226_20250730_0003_R_0042.jpg"",""4226_20250730_0003_R_0042.jpg"")","",""
4226,4227,145.760466908894,-16.8616544886926,"","=HYPERLINK(""Frames_for_Analysis/4227_20250730_0003_R_0037.jpg"",""4227_20250730_0003_R_0037.jpg"")","",""
4227,4228,145.760551920942,-16.8616822692176,"","=HYPERLINK(""Frames_for_Analysis/4228_20250730_0003_R_0032.jpg"",""4228_20250730_0003_R_0032.jpg"")","",""
4228,4229,145.76063693299,-16.8617100497385,"","=HYPERLINK(""Frames_for_Analysis/4229_20250730_0003_R_0026.jpg"",""4229_20250730_0003_R_0026.jpg"")","",""
4229,4230,145.760720112206,-16.8617423935216,"50","=HYPERLINK(""Frames_for_Analysis/4230_20250730_0003_R_0021.jpg"",""4230_20250730_0003_R_0021.jpg"")","",""
4230,4231,145.760802680482,-16.8617762583804,"","=HYPERLINK(""Frames_for_Analysis/4231_20250730_0003_R_0016.jpg"",""4231_20250730_0003_R_0016.jpg"")","",""
4231,4232,145.760882525076,-16.8618154901902,"","=HYPERLINK(""Frames_for_Analysis/4232_20250730_0003_R_0012.jpg"",""4232_20250730_0003_R_0012.jpg"")","",""
4232,4233,145.760958660961,-16.8618592868125,"","=HYPERLINK(""Frames_for_Analysis/4233_20250730_0003_R_0007.jpg"",""4233_20250730_0003_R_0007.jpg"")","",""
4233,4234,145.761002287122,-16.8619344375061,"","=HYPERLINK(""Frames_for_Analysis/4234_20250730_0003_R_0003.jpg"",""4234_20250730_0003_R_0003.jpg"")","",""
4234,4235,145.761045913282,-16.8620095881698,"50","","","X"
4235,4236,145.761105865122,-16.8620581859364,"","","","X"
4236,4237,145.76119569665,-16.8620581859364,"","","","X"
4237,4238,145.761285528179,-16.8620581859364,"","","","X"
4238,4239,145.761370964822,-16.8620339040386,"","","","X"
4239,4240,145.761455563004,-16.8620049896057,"50","","","X"
4240,4241,145.761544011284,-16.8619911790317,"","","","X"
4241,4242,145.761633019059,-16.8619795633451,"","","","X"
4242,4243,145.761722026834,-16.8619679476577,"","","","X"
4243,4244,145.76180674443,-16.8619397093321,"","","","X"
4244,4245,145.76189116753,-16.8619103299532,"50","","","X"
4245,4246,145.76197559063,-16.8618809505697,"","","","X"
